transaction_id,customer_id,transaction_amount,payment_method,failure_type,customer_segment,previous_failures,customer_lifetime_value,days_since_last_purchase,retry_count,account_age_days,website_visits_last_30_days,cart_additions_last_30_days,recovery_probability,recovered,recovered_revenue,recovery_method,severity_score
TXN100001,CUST11824,1514.54,credit_card,network_error,regular,2,7254.58,115,1,1538,1,3,0.68,0,0.0,smart_retry,64
TXN100002,CUST11679,808.23,wallet,card_declined,regular,0,12507.05,17,0,221,3,0,0.465,1,808.23,smart_retry,50
TXN100003,CUST13811,830.29,wallet,authentication_failed,premium,1,4474.16,102,4,889,4,1,0.49,0,0.0,customer_outreach,76
TXN100004,CUST13611,742.36,net_banking,authentication_failed,regular,0,17291.18,4,1,1459,3,0,0.455,1,742.36,customer_outreach,54
TXN100005,CUST16924,1871.8,upi,expired_card,regular,1,3051.31,173,0,219,8,0,0.635,1,1871.8,alternative_payment,55
TXN100006,CUST16224,569.12,credit_card,expired_card,new,0,2283.27,310,2,1682,4,1,0.585,0,0.0,alternative_payment,58
TXN100007,CUST10711,706.27,net_banking,authentication_failed,premium,0,13218.08,194,0,1160,5,0,0.675,0,0.0,customer_outreach,55
TXN100008,CUST14803,411.46,wallet,expired_card,regular,0,19530.21,361,0,123,6,2,0.69,0,0.0,alternative_payment,50
TXN100009,CUST13733,9818.19,upi,card_declined,new,1,3880.38,52,3,599,1,1,0.335,0,0.0,customer_outreach,67
TXN100010,CUST15977,950.71,debit_card,expired_card,regular,2,10782.61,344,2,1467,2,4,0.53,1,950.71,alternative_payment,68
TXN100011,CUST11169,1168.06,wallet,network_error,regular,2,17587.01,126,1,976,2,2,0.67,1,1168.06,smart_retry,64
TXN100012,CUST16216,437.03,upi,network_error,regular,0,5787.66,113,2,1756,5,2,0.745,1,437.03,smart_retry,58
TXN100013,CUST10916,546.13,debit_card,card_declined,new,0,3662.61,206,2,165,2,0,0.4,1,546.13,smart_retry,58
TXN100014,CUST19292,754.79,upi,insufficient_funds,regular,2,5783.71,203,3,322,6,1,0.325,1,754.79,customer_outreach,72
TXN100015,CUST12287,576.03,debit_card,network_error,regular,0,5151.08,135,4,907,2,1,0.595,0,0.0,smart_retry,66
TXN100016,CUST19560,1554.05,net_banking,expired_card,regular,2,3898.11,71,4,1040,4,2,0.43,0,0.0,alternative_payment,76
TXN100017,CUST11489,888.1,credit_card,card_declined,regular,3,6872.66,82,3,1251,6,0,0.285,1,888.1,human_escalation,77
TXN100018,CUST11040,1326.76,net_banking,gateway_error,regular,0,4575.72,240,4,544,4,1,0.625,1,1326.76,smart_retry,66
TXN100019,CUST19064,1808.92,credit_card,network_error,new,3,22352.91,350,4,1567,4,3,0.6,1,1808.92,smart_retry,81
TXN100020,CUST14371,439.59,upi,card_declined,regular,1,7882.31,81,3,36,1,0,0.28,1,439.59,human_escalation,67
TXN100021,CUST14315,1011.63,wallet,insufficient_funds,regular,3,14651.13,55,2,1753,3,2,0.31,0,0.0,payment_plan,73
TXN100022,CUST12504,1274.26,upi,insufficient_funds,regular,1,4242.26,272,0,1256,6,4,0.555,1,1274.26,customer_outreach,55
TXN100023,CUST18005,1589.35,credit_card,card_declined,at_risk,3,20099.55,158,1,148,3,1,0.195,0,0.0,human_escalation,69
TXN100024,CUST13946,837.61,wallet,card_declined,premium,0,8640.01,249,0,1587,4,0,0.63,1,837.61,customer_outreach,55
TXN100025,CUST18727,5181.62,debit_card,insufficient_funds,regular,3,35409.34,282,1,572,4,0,0.315,1,5181.62,customer_outreach,69
TXN100026,CUST13470,1522.7,wallet,network_error,regular,1,16197.37,160,3,1405,3,1,0.615,0,0.0,smart_retry,67
TXN100027,CUST16118,1401.42,net_banking,authentication_failed,regular,1,30366.06,127,1,161,3,0,0.42,0,0.0,customer_outreach,59
TXN100028,CUST15539,939.83,credit_card,authentication_failed,regular,0,36228.61,302,1,44,3,1,0.48,1,939.83,customer_outreach,54
TXN100029,CUST11163,1008.82,credit_card,insufficient_funds,premium,2,5582.93,17,2,175,2,1,0.455,1,1008.82,payment_plan,73
TXN100030,CUST14562,1180.61,net_banking,insufficient_funds,regular,1,13762.52,293,4,998,6,0,0.295,0,0.0,payment_plan,71
TXN100031,CUST17749,799.37,net_banking,insufficient_funds,premium,1,9567.03,338,3,755,2,0,0.425,1,799.37,customer_outreach,72
TXN100032,CUST16735,1967.93,net_banking,network_error,premium,2,10361.37,335,0,154,5,1,0.88,0,0.0,smart_retry,65
TXN100033,CUST16596,951.94,upi,card_declined,regular,2,19516.62,98,4,948,6,1,0.305,0,0.0,smart_retry,76
TXN100034,CUST16912,3800.95,debit_card,expired_card,regular,1,18999.76,39,3,1684,5,1,0.495,1,3800.95,alternative_payment,67
TXN100035,CUST19016,2066.95,credit_card,card_declined,regular,1,7203.73,277,0,221,3,0,0.43,1,2066.95,smart_retry,55
TXN100036,CUST12724,807.4,net_banking,gateway_error,regular,0,9756.02,206,0,367,8,2,0.87,0,0.0,smart_retry,50
TXN100037,CUST16209,1083.16,credit_card,gateway_error,regular,0,3633.59,233,2,896,2,0,0.65,1,1083.16,smart_retry,58
TXN100038,CUST19105,1536.98,net_banking,insufficient_funds,regular,2,27617.12,112,0,1216,3,1,0.4,1,1536.98,payment_plan,60
TXN100039,CUST15138,1268.59,credit_card,card_declined,regular,0,8185.13,258,4,352,9,0,0.395,1,1268.59,smart_retry,66
TXN100040,CUST18320,1020.34,credit_card,insufficient_funds,premium,1,17695.18,35,1,856,3,0,0.52,0,0.0,payment_plan,64
TXN100041,CUST19333,316.32,debit_card,authentication_failed,regular,2,10828.98,318,0,888,8,0,0.5,0,0.0,customer_outreach,60
TXN100042,CUST19562,1328.84,wallet,authentication_failed,regular,3,3368.16,134,1,1401,3,5,0.45,1,1328.84,customer_outreach,69
TXN100043,CUST15147,818.49,debit_card,expired_card,regular,1,13336.77,344,2,966,6,1,0.55,0,0.0,alternative_payment,63
TXN100044,CUST15180,2360.3,credit_card,card_declined,regular,2,8552.81,289,0,180,2,2,0.43,0,0.0,alternative_payment,60
TXN100045,CUST13492,2181.95,wallet,expired_card,premium,1,1984.27,179,0,1830,8,2,0.795,1,2181.95,alternative_payment,60
TXN100046,CUST14002,1092.22,upi,expired_card,regular,1,11186.86,279,2,1282,1,0,0.45,0,0.0,alternative_payment,63
TXN100047,CUST18666,536.03,credit_card,network_error,new,2,11969.76,154,0,1952,3,0,0.705,1,536.03,smart_retry,60
TXN100048,CUST12200,1022.93,upi,card_declined,new,0,3539.73,284,1,587,3,2,0.505,0,0.0,customer_outreach,54
TXN100049,CUST19909,1907.18,debit_card,network_error,regular,1,4933.03,352,2,1065,4,1,0.67,1,1907.18,smart_retry,63
TXN100050,CUST18004,1907.24,upi,card_declined,premium,2,3676.26,217,2,120,3,0,0.465,0,0.0,customer_outreach,73
TXN100051,CUST10058,720.34,upi,insufficient_funds,regular,0,3411.0,135,1,1548,5,1,0.46,1,720.34,customer_outreach,54
TXN100052,CUST19038,558.8,net_banking,authentication_failed,premium,0,6958.57,39,1,1147,6,0,0.65,1,558.8,customer_outreach,59
TXN100053,CUST10590,718.44,upi,authentication_failed,regular,0,5487.89,221,1,115,3,1,0.48,1,718.44,customer_outreach,54
TXN100054,CUST15050,938.88,upi,card_declined,new,3,3920.4,108,1,1395,5,1,0.405,0,0.0,smart_retry,69
TXN100055,CUST15794,1315.33,wallet,gateway_error,at_risk,0,904.37,80,1,1800,3,0,0.515,1,1315.33,smart_retry,54
TXN100056,CUST12662,717.88,debit_card,gateway_error,premium,1,8416.24,171,3,1672,3,0,0.74,1,717.88,smart_retry,72
TXN100057,CUST14065,1547.46,upi,insufficient_funds,new,1,25674.53,56,3,1816,7,0,0.38,1,1547.46,payment_plan,67
TXN100058,CUST17711,2342.7,debit_card,insufficient_funds,new,0,9932.19,236,2,655,3,2,0.445,0,0.0,payment_plan,58
TXN100059,CUST13652,919.99,credit_card,network_error,regular,2,17293.63,169,2,1800,4,1,0.635,1,919.99,smart_retry,68
TXN100060,CUST11137,1278.13,upi,expired_card,regular,0,15013.31,205,4,708,5,3,0.54,1,1278.13,alternative_payment,66
TXN100061,CUST10452,1881.3,credit_card,expired_card,regular,0,4085.23,136,0,252,5,1,0.65,1,1881.3,alternative_payment,50
TXN100062,CUST19774,821.56,net_banking,expired_card,new,0,10958.17,161,3,1271,6,0,0.55,0,0.0,alternative_payment,62
TXN100063,CUST18379,345.1,credit_card,gateway_error,new,2,26818.18,98,2,120,3,3,0.7,0,0.0,smart_retry,68
TXN100064,CUST17144,656.02,credit_card,authentication_failed,at_risk,2,11815.58,276,1,775,7,3,0.37,0,0.0,customer_outreach,64
TXN100065,CUST17066,989.59,credit_card,network_error,at_risk,1,5758.86,320,2,1388,5,1,0.535,1,989.59,smart_retry,63
TXN100066,CUST12041,527.67,upi,authentication_failed,regular,0,7192.33,210,2,854,6,1,0.485,1,527.67,customer_outreach,58
TXN100067,CUST14844,920.78,wallet,insufficient_funds,regular,0,3343.52,341,3,1417,4,0,0.34,1,920.78,payment_plan,62
TXN100068,CUST19324,755.3,upi,gateway_error,regular,0,5231.81,1,2,617,2,1,0.675,1,755.3,smart_retry,58
TXN100069,CUST13443,284.02,net_banking,authentication_failed,regular,1,3003.36,165,3,934,4,1,0.38,0,0.0,customer_outreach,67
TXN100070,CUST17244,1503.36,debit_card,authentication_failed,regular,1,4367.15,87,0,611,3,0,0.46,1,1503.36,customer_outreach,55
TXN100071,CUST18445,1518.25,wallet,expired_card,premium,0,3489.08,121,2,490,2,2,0.7,1,1518.25,alternative_payment,63
TXN100072,CUST13262,715.37,debit_card,card_declined,premium,1,3828.07,244,4,1770,1,0,0.39,0,0.0,customer_outreach,76
TXN100073,CUST11193,370.42,net_banking,gateway_error,new,2,33247.99,295,1,1501,3,1,0.69,1,370.42,smart_retry,64
TXN100074,CUST16291,350.81,net_banking,gateway_error,regular,2,5239.92,336,0,1858,5,0,0.705,1,350.81,smart_retry,60
TXN100075,CUST11746,456.54,net_banking,insufficient_funds,regular,0,14685.43,357,4,981,5,1,0.34,0,0.0,payment_plan,66
TXN100076,CUST19132,1429.91,debit_card,card_declined,regular,2,2075.45,238,4,1174,0,0,0.19,1,1429.91,human_escalation,76
TXN100077,CUST19755,1295.2,upi,gateway_error,regular,2,17785.75,259,3,1731,4,0,0.57,0,0.0,smart_retry,72
TXN100078,CUST18976,1238.18,net_banking,insufficient_funds,new,0,4427.96,244,3,560,4,1,0.395,1,1238.18,payment_plan,62
TXN100079,CUST14543,1166.73,wallet,gateway_error,regular,0,9350.91,141,3,188,1,1,0.62,1,1166.73,smart_retry,62
TXN100080,CUST14681,365.69,debit_card,expired_card,regular,1,17848.91,277,0,313,4,0,0.575,0,0.0,alternative_payment,55
TXN100081,CUST12471,1654.19,debit_card,gateway_error,regular,0,17642.1,362,1,161,3,0,0.705,0,0.0,smart_retry,54
TXN100082,CUST16797,465.18,net_banking,expired_card,regular,3,6761.53,213,0,453,5,2,0.57,0,0.0,alternative_payment,65
TXN100083,CUST16883,1866.86,net_banking,authentication_failed,at_risk,0,9018.9,11,4,809,9,0,0.275,0,0.0,customer_outreach,66
TXN100084,CUST17814,826.81,credit_card,expired_card,regular,0,6327.51,200,3,1132,3,0,0.475,1,826.81,alternative_payment,62
TXN100085,CUST18947,718.47,wallet,insufficient_funds,regular,3,18673.05,140,3,1024,2,3,0.28,1,718.47,payment_plan,77
TXN100086,CUST16371,2428.58,upi,network_error,regular,1,4690.31,208,1,1751,7,0,0.73,1,2428.58,smart_retry,59
TXN100087,CUST17657,570.22,debit_card,authentication_failed,regular,0,3495.64,202,4,1185,1,2,0.355,1,570.22,customer_outreach,66
TXN100088,CUST10444,2079.35,credit_card,network_error,regular,2,6828.15,237,1,132,5,1,0.69,1,2079.35,smart_retry,64
TXN100089,CUST14262,731.4,net_banking,expired_card,regular,1,5195.86,168,2,1588,5,1,0.535,0,0.0,alternative_payment,63
TXN100090,CUST16211,1371.08,upi,gateway_error,regular,0,5995.46,42,3,69,4,1,0.665,1,1371.08,smart_retry,62
TXN100091,CUST18837,1320.56,credit_card,expired_card,regular,2,10588.94,36,0,1574,4,0,0.54,1,1320.56,alternative_payment,60
TXN100092,CUST10508,783.33,debit_card,insufficient_funds,new,2,9691.75,319,1,518,5,4,0.495,1,783.33,payment_plan,64
TXN100093,CUST17758,1520.16,credit_card,authentication_failed,at_risk,3,16090.06,239,2,1600,4,0,0.175,0,0.0,customer_outreach,73
TXN100094,CUST16043,1393.59,debit_card,authentication_failed,regular,2,5915.49,59,1,667,5,2,0.465,1,1393.59,customer_outreach,64
TXN100095,CUST11771,1555.75,wallet,card_declined,at_risk,1,8419.98,295,3,842,4,0,0.175,0,0.0,human_escalation,67
TXN100096,CUST13249,1195.63,credit_card,authentication_failed,regular,1,4628.11,322,1,238,5,1,0.475,0,0.0,customer_outreach,59
TXN100097,CUST14941,1007.09,wallet,card_declined,new,2,1590.51,290,0,741,4,2,0.45,0,0.0,alternative_payment,60
TXN100098,CUST17018,2273.79,upi,card_declined,regular,0,23119.58,175,0,1769,5,1,0.52,0,0.0,customer_outreach,50
TXN100099,CUST18031,1965.75,credit_card,gateway_error,at_risk,0,6868.81,326,3,1478,1,1,0.47,1,1965.75,smart_retry,62
TXN100100,CUST12506,1523.21,net_banking,insufficient_funds,new,0,7917.73,334,2,1291,7,3,0.53,1,1523.21,customer_outreach,58
TXN100101,CUST17616,1399.31,net_banking,network_error,regular,1,4420.82,166,1,1731,3,1,0.695,1,1399.31,smart_retry,59
TXN100102,CUST11419,817.3,upi,gateway_error,regular,1,1165.49,238,4,1279,4,0,0.525,1,817.3,smart_retry,71
TXN100103,CUST16209,5225.56,upi,card_declined,regular,2,7957.88,167,1,1028,2,0,0.34,0,0.0,smart_retry,64
TXN100104,CUST15813,976.18,upi,expired_card,regular,0,4512.01,306,2,1168,4,0,0.53,0,0.0,alternative_payment,58
TXN100105,CUST10166,3560.97,wallet,insufficient_funds,premium,3,10789.63,209,3,1167,5,1,0.425,1,3560.97,payment_plan,82
TXN100106,CUST17800,718.08,net_banking,gateway_error,new,1,5502.13,48,2,483,5,2,0.74,0,0.0,smart_retry,63
TXN100107,CUST16625,1124.06,debit_card,expired_card,regular,0,8919.77,189,3,1163,2,0,0.46,0,0.0,alternative_payment,62
TXN100108,CUST18698,1421.54,upi,gateway_error,at_risk,2,13599.07,282,2,750,2,2,0.48,1,1421.54,smart_retry,68
TXN100109,CUST17434,2210.87,upi,expired_card,regular,2,7857.26,62,1,676,6,2,0.58,1,2210.87,alternative_payment,64
TXN100110,CUST11958,1078.57,wallet,network_error,regular,0,20706.09,111,3,596,5,2,0.705,1,1078.57,smart_retry,62
TXN100111,CUST19659,2253.0,wallet,authentication_failed,regular,0,4598.74,52,1,636,3,0,0.455,0,0.0,customer_outreach,54
TXN100112,CUST13727,2095.55,upi,insufficient_funds,regular,1,5458.86,363,4,289,3,0,0.25,0,0.0,customer_outreach,71
TXN100113,CUST10745,889.75,credit_card,authentication_failed,regular,4,42676.27,65,3,240,2,2,0.27,0,0.0,customer_outreach,82
TXN100114,CUST10200,1765.55,wallet,expired_card,regular,1,7596.38,226,2,407,1,2,0.5,0,0.0,alternative_payment,63
TXN100115,CUST10841,1989.45,upi,gateway_error,premium,1,10691.36,34,3,1037,3,0,0.74,1,1989.45,smart_retry,72
TXN100116,CUST11213,1633.21,wallet,network_error,regular,1,3488.64,78,1,1691,7,1,0.755,0,0.0,smart_retry,59
TXN100117,CUST19221,819.1,upi,card_declined,at_risk,3,8552.67,61,4,1595,3,2,0.1,1,819.1,human_escalation,81
TXN100118,CUST16818,2107.68,wallet,authentication_failed,new,3,6621.62,116,4,809,7,0,0.32,0,0.0,customer_outreach,81
TXN100119,CUST17381,477.84,net_banking,expired_card,new,1,2175.49,220,2,1194,3,0,0.51,0,0.0,alternative_payment,63
TXN100120,CUST10986,2226.71,wallet,network_error,premium,1,27644.51,107,1,571,3,0,0.82,1,2226.71,smart_retry,64
TXN100121,CUST11330,2805.96,debit_card,insufficient_funds,regular,2,1883.23,39,1,35,3,0,0.295,0,0.0,customer_outreach,64
TXN100122,CUST17381,1795.98,wallet,gateway_error,regular,0,10147.2,119,2,1477,4,1,0.705,1,1795.98,smart_retry,58
TXN100123,CUST14632,2061.29,net_banking,card_declined,regular,1,4944.56,136,4,1384,4,0,0.285,0,0.0,human_escalation,71
TXN100124,CUST13241,1174.38,net_banking,card_declined,regular,1,2787.16,332,1,1890,6,2,0.485,1,1174.38,customer_outreach,59
TXN100125,CUST12330,911.82,credit_card,card_declined,regular,0,11169.63,158,4,1563,5,1,0.36,1,911.82,alternative_payment,66
TXN100126,CUST14728,3578.58,net_banking,card_declined,regular,0,4177.4,156,3,1960,5,0,0.375,0,0.0,customer_outreach,62
TXN100127,CUST18199,1128.31,wallet,gateway_error,regular,2,7204.05,307,0,1851,4,1,0.715,1,1128.31,smart_retry,60
TXN100128,CUST17078,2068.65,upi,authentication_failed,regular,1,19599.11,47,1,1999,3,0,0.42,0,0.0,customer_outreach,59
TXN100129,CUST19424,536.19,wallet,card_declined,at_risk,1,4586.91,345,2,1210,3,2,0.25,0,0.0,human_escalation,63
TXN100130,CUST10659,511.74,debit_card,gateway_error,regular,3,3020.64,227,2,401,3,1,0.585,0,0.0,smart_retry,73
TXN100131,CUST19590,1224.25,net_banking,network_error,new,0,2615.02,47,3,742,6,1,0.725,0,0.0,smart_retry,62
TXN100132,CUST16690,1149.92,upi,expired_card,regular,2,15124.37,83,2,873,2,3,0.505,1,1149.92,alternative_payment,68
TXN100133,CUST18117,657.94,upi,network_error,at_risk,0,2793.4,282,0,961,5,2,0.675,0,0.0,smart_retry,50
TXN100134,CUST11442,853.93,upi,expired_card,regular,1,11744.94,207,4,1719,7,1,0.485,1,853.93,alternative_payment,71
TXN100135,CUST10018,1116.91,wallet,gateway_error,regular,2,8044.19,97,4,770,6,1,0.585,1,1116.91,smart_retry,76
TXN100136,CUST18167,1525.45,net_banking,card_declined,regular,1,8460.73,282,1,1929,3,0,0.39,1,1525.45,customer_outreach,59
TXN100137,CUST17178,585.09,net_banking,card_declined,premium,0,11313.5,323,4,1666,4,2,0.52,1,585.09,customer_outreach,71
TXN100138,CUST13920,863.77,debit_card,expired_card,regular,0,4603.6,283,3,220,4,1,0.515,0,0.0,alternative_payment,62
TXN100139,CUST13681,208.5,credit_card,gateway_error,at_risk,0,17110.64,332,1,1050,4,3,0.645,1,208.5,smart_retry,54
TXN100140,CUST14781,850.21,wallet,network_error,regular,0,8005.19,248,3,529,3,0,0.625,1,850.21,smart_retry,62
TXN100141,CUST17483,1085.77,wallet,insufficient_funds,regular,0,12880.03,307,4,1558,4,0,0.3,0,0.0,payment_plan,66
TXN100142,CUST11143,980.03,upi,gateway_error,regular,1,31868.29,260,2,1710,8,1,0.73,0,0.0,smart_retry,63
TXN100143,CUST10042,4457.09,upi,network_error,regular,3,4991.18,301,4,1381,2,2,0.515,1,4457.09,smart_retry,81
TXN100144,CUST18022,1279.24,debit_card,gateway_error,regular,0,5631.57,177,2,1160,1,2,0.685,1,1279.24,smart_retry,58
TXN100145,CUST18903,2392.92,net_banking,gateway_error,at_risk,1,4790.95,97,1,1201,1,2,0.54,1,2392.92,smart_retry,59
TXN100146,CUST16274,2095.26,debit_card,gateway_error,premium,1,4422.96,243,3,820,2,2,0.775,1,2095.26,smart_retry,72
TXN100147,CUST12492,2824.69,net_banking,card_declined,premium,3,34180.73,303,2,1811,4,1,0.47,1,2824.69,customer_outreach,78
TXN100148,CUST11644,800.73,net_banking,card_declined,regular,0,6215.71,234,0,1509,8,2,0.59,0,0.0,smart_retry,50
TXN100149,CUST16717,558.23,debit_card,card_declined,regular,3,12116.46,136,2,1306,2,1,0.29,0,0.0,human_escalation,73
TXN100150,CUST16512,1512.3,credit_card,expired_card,new,2,14456.38,274,3,1984,6,1,0.505,1,1512.3,alternative_payment,72
TXN100151,CUST15188,957.32,net_banking,authentication_failed,premium,1,4103.45,36,1,1322,4,2,0.635,0,0.0,customer_outreach,64
TXN100152,CUST14708,427.35,debit_card,network_error,premium,0,3344.1,51,0,938,7,1,0.95,1,427.35,smart_retry,55
TXN100153,CUST12725,2340.82,upi,card_declined,premium,0,5123.54,29,2,764,3,1,0.56,0,0.0,customer_outreach,63
TXN100154,CUST16141,3165.62,net_banking,insufficient_funds,regular,1,17416.13,211,4,1426,3,0,0.25,1,3165.62,payment_plan,71
TXN100155,CUST12785,2030.6,debit_card,card_declined,regular,1,13983.42,196,4,1429,3,0,0.27,0,0.0,human_escalation,71
TXN100156,CUST13945,1240.66,net_banking,authentication_failed,premium,1,12853.95,237,2,971,4,1,0.57,1,1240.66,customer_outreach,68
TXN100157,CUST14183,438.33,credit_card,gateway_error,at_risk,0,3166.63,347,4,353,2,1,0.445,1,438.33,smart_retry,66
TXN100158,CUST11210,810.03,net_banking,expired_card,at_risk,2,2262.53,154,3,1443,4,1,0.295,0,0.0,alternative_payment,72
TXN100159,CUST14097,1968.67,net_banking,expired_card,regular,0,15100.56,197,3,248,5,0,0.505,1,1968.67,alternative_payment,62
TXN100160,CUST13886,619.75,net_banking,authentication_failed,regular,1,4181.79,152,2,74,4,1,0.42,0,0.0,customer_outreach,63
TXN100161,CUST16484,226.84,upi,card_declined,regular,2,16436.11,352,0,1894,4,1,0.435,1,226.84,alternative_payment,60
TXN100162,CUST18138,532.85,upi,insufficient_funds,regular,1,12754.56,181,1,1333,4,0,0.385,0,0.0,payment_plan,59
TXN100163,CUST14106,1249.34,debit_card,network_error,premium,1,20310.84,322,0,662,4,0,0.875,1,1249.34,smart_retry,60
TXN100164,CUST17222,481.49,credit_card,authentication_failed,regular,3,7735.79,68,0,1892,3,2,0.44,0,0.0,customer_outreach,65
TXN100165,CUST14835,728.86,upi,network_error,regular,0,13121.16,103,1,1640,4,3,0.795,1,728.86,smart_retry,54
TXN100166,CUST18837,1946.95,upi,authentication_failed,regular,1,7613.9,140,1,556,4,1,0.46,0,0.0,customer_outreach,59
TXN100167,CUST17894,1993.2,upi,network_error,new,2,4748.03,59,3,184,5,0,0.615,0,0.0,smart_retry,72
TXN100168,CUST12306,922.78,debit_card,network_error,new,1,11929.15,204,4,779,4,1,0.62,1,922.78,smart_retry,71
TXN100169,CUST11479,1242.01,net_banking,card_declined,regular,2,9828.0,64,3,784,6,0,0.32,0,0.0,alternative_payment,72
TXN100170,CUST14295,3517.13,wallet,gateway_error,new,1,9693.05,191,0,1412,6,2,0.835,1,3517.13,smart_retry,55
TXN100171,CUST13830,2547.96,net_banking,card_declined,regular,1,7956.19,288,2,1904,3,0,0.35,0,0.0,alternative_payment,63
TXN100172,CUST13626,3133.78,credit_card,network_error,new,2,6261.3,359,2,1359,6,1,0.695,1,3133.78,smart_retry,68
TXN100173,CUST16689,844.43,credit_card,insufficient_funds,premium,1,12325.33,20,2,1038,4,0,0.495,0,0.0,payment_plan,68
TXN100174,CUST11592,1531.56,debit_card,authentication_failed,premium,4,9354.99,233,2,1403,4,2,0.49,0,0.0,customer_outreach,83
TXN100175,CUST18850,774.36,net_banking,authentication_failed,new,2,7536.95,80,3,1371,5,2,0.415,1,774.36,customer_outreach,72
TXN100176,CUST11622,1683.44,net_banking,authentication_failed,regular,0,5948.05,144,0,1443,3,0,0.495,0,0.0,customer_outreach,50
TXN100177,CUST16070,1844.5,debit_card,gateway_error,regular,0,2223.75,121,2,233,2,3,0.725,0,0.0,smart_retry,58
TXN100178,CUST16018,1767.46,wallet,network_error,regular,0,4820.03,204,2,418,4,2,0.73,1,1767.46,smart_retry,58
TXN100179,CUST12001,1302.9,net_banking,card_declined,regular,3,13541.91,329,4,73,6,2,0.295,0,0.0,human_escalation,81
TXN100180,CUST10828,1151.74,upi,insufficient_funds,at_risk,0,2249.42,290,1,170,7,0,0.315,0,0.0,payment_plan,54
TXN100181,CUST19607,824.08,debit_card,insufficient_funds,regular,0,1385.48,76,4,35,3,1,0.27,0,0.0,customer_outreach,66
TXN100182,CUST12370,613.2,debit_card,authentication_failed,regular,1,4743.22,90,0,1383,0,0,0.415,0,0.0,customer_outreach,55
TXN100183,CUST10422,896.96,debit_card,card_declined,regular,2,4439.4,122,4,693,3,1,0.26,0,0.0,human_escalation,76
TXN100184,CUST10258,2207.03,debit_card,expired_card,premium,3,8242.42,216,4,262,4,2,0.545,0,0.0,alternative_payment,86
TXN100185,CUST11041,1204.91,net_banking,gateway_error,new,1,4955.14,263,4,253,3,1,0.605,1,1204.91,smart_retry,71
TXN100186,CUST17405,947.52,wallet,insufficient_funds,at_risk,3,4817.44,23,4,647,1,2,0.05,0,0.0,customer_outreach,81
TXN100187,CUST10510,736.5,credit_card,gateway_error,new,1,10820.55,219,0,1034,2,1,0.75,1,736.5,smart_retry,55
TXN100188,CUST17267,767.65,credit_card,card_declined,regular,0,8727.86,76,0,288,7,0,0.525,1,767.65,customer_outreach,50
TXN100189,CUST19590,922.65,wallet,network_error,regular,4,25507.76,306,4,633,6,0,0.49,0,0.0,smart_retry,86
TXN100190,CUST17433,585.89,wallet,authentication_failed,regular,0,5743.79,360,0,1776,3,1,0.52,0,0.0,customer_outreach,50
TXN100191,CUST19033,380.4,debit_card,gateway_error,regular,0,22426.31,117,3,724,5,2,0.705,1,380.4,smart_retry,62
TXN100192,CUST17430,1035.42,net_banking,gateway_error,new,0,6026.92,161,3,670,1,1,0.65,0,0.0,smart_retry,62
TXN100193,CUST14176,1725.07,upi,insufficient_funds,regular,3,6203.97,243,0,216,5,1,0.395,1,1725.07,payment_plan,65
TXN100194,CUST11527,951.03,net_banking,card_declined,new,1,21637.36,191,1,1169,1,0,0.39,0,0.0,smart_retry,59
TXN100195,CUST19608,1141.07,wallet,authentication_failed,regular,1,12030.03,63,3,754,4,3,0.43,1,1141.07,customer_outreach,67
TXN100196,CUST16929,819.63,credit_card,expired_card,regular,0,2919.99,181,0,1213,7,0,0.655,0,0.0,alternative_payment,50
TXN100197,CUST18313,1306.27,debit_card,insufficient_funds,regular,0,6157.62,115,0,747,7,1,0.53,1,1306.27,customer_outreach,50
TXN100198,CUST11882,744.58,upi,authentication_failed,regular,1,24332.07,220,4,1601,8,0,0.375,1,744.58,customer_outreach,71
TXN100199,CUST19121,2339.69,credit_card,authentication_failed,at_risk,1,6880.43,356,2,89,5,1,0.285,1,2339.69,customer_outreach,63
TXN100200,CUST12955,663.57,upi,network_error,new,0,11222.12,174,2,42,3,1,0.72,0,0.0,smart_retry,58
TXN100201,CUST12972,2037.61,debit_card,authentication_failed,regular,0,12215.59,36,1,1547,0,3,0.485,1,2037.61,customer_outreach,54
TXN100202,CUST10502,1725.23,credit_card,network_error,regular,3,20867.81,193,3,959,2,1,0.53,1,1725.23,smart_retry,77
TXN100203,CUST15585,1175.46,debit_card,expired_card,regular,1,7274.9,167,4,1251,3,2,0.45,0,0.0,alternative_payment,71
TXN100204,CUST11391,987.44,credit_card,insufficient_funds,regular,0,4593.25,317,0,1410,5,0,0.475,0,0.0,payment_plan,50
TXN100205,CUST14458,1657.43,net_banking,network_error,regular,2,3006.68,311,3,878,4,1,0.595,1,1657.43,smart_retry,72
TXN100206,CUST14475,534.6,debit_card,authentication_failed,premium,3,15149.85,221,0,610,3,1,0.565,1,534.6,customer_outreach,70
TXN100207,CUST19717,780.04,net_banking,authentication_failed,regular,1,9153.43,24,1,839,0,1,0.4,0,0.0,customer_outreach,59
TXN100208,CUST19819,886.13,credit_card,card_declined,regular,1,9174.22,109,1,1595,3,0,0.39,0,0.0,customer_outreach,59
TXN100209,CUST14742,804.69,upi,card_declined,premium,3,16309.64,221,1,294,4,1,0.51,0,0.0,customer_outreach,74
TXN100210,CUST16229,2053.93,wallet,network_error,regular,4,21783.42,287,2,177,3,0,0.525,0,0.0,smart_retry,78
TXN100211,CUST16505,173.97,credit_card,gateway_error,premium,1,8213.32,40,2,1209,2,1,0.79,0,0.0,smart_retry,68
TXN100212,CUST17033,847.4,wallet,gateway_error,new,2,11920.55,214,2,265,4,2,0.69,1,847.4,smart_retry,68
TXN100213,CUST16636,2999.5,credit_card,expired_card,regular,0,4406.67,317,3,1733,3,0,0.475,0,0.0,alternative_payment,62
TXN100214,CUST15928,1774.96,credit_card,gateway_error,new,0,5374.54,125,3,1236,2,0,0.64,1,1774.96,smart_retry,62
TXN100215,CUST16560,207.37,wallet,card_declined,regular,2,6954.73,159,2,483,7,1,0.4,0,0.0,customer_outreach,68
TXN100216,CUST12754,1698.26,credit_card,authentication_failed,regular,0,13009.71,272,4,427,1,0,0.305,1,1698.26,customer_outreach,66
TXN100217,CUST15724,269.07,upi,network_error,at_risk,1,9941.36,331,1,513,4,3,0.61,1,269.07,smart_retry,59
TXN100218,CUST11684,847.86,debit_card,expired_card,regular,0,7018.47,309,1,1586,4,6,0.67,1,847.86,alternative_payment,54
TXN100219,CUST11234,713.1,debit_card,network_error,regular,0,5022.85,289,4,949,6,1,0.655,1,713.1,smart_retry,66
TXN100220,CUST19248,941.89,wallet,expired_card,new,2,11767.38,322,2,339,1,0,0.445,1,941.89,alternative_payment,68
TXN100221,CUST17205,540.29,credit_card,gateway_error,regular,2,7153.4,156,2,1241,3,2,0.645,1,540.29,smart_retry,68
TXN100222,CUST10920,434.6,upi,authentication_failed,premium,0,6546.45,237,3,107,9,2,0.665,1,434.6,customer_outreach,67
TXN100223,CUST10932,688.27,upi,expired_card,premium,2,9187.91,47,4,1246,9,0,0.605,0,0.0,alternative_payment,81
TXN100224,CUST18307,588.94,net_banking,gateway_error,regular,2,11824.45,22,3,1891,0,0,0.51,1,588.94,smart_retry,72
TXN100225,CUST19366,486.5,debit_card,expired_card,regular,1,13142.58,257,1,1991,3,1,0.545,1,486.5,alternative_payment,59
TXN100226,CUST11013,670.02,net_banking,card_declined,new,2,2314.43,176,0,1063,7,1,0.51,0,0.0,alternative_payment,60
TXN100227,CUST12827,2686.95,credit_card,insufficient_funds,new,0,2993.31,225,4,1100,2,1,0.325,0,0.0,payment_plan,66
TXN100228,CUST15962,841.7,upi,expired_card,regular,2,14031.43,174,4,137,7,1,0.45,0,0.0,alternative_payment,76
TXN100229,CUST15482,426.98,credit_card,expired_card,premium,1,8025.1,348,3,611,3,0,0.59,0,0.0,alternative_payment,72
TXN100230,CUST14128,201.8,wallet,insufficient_funds,regular,2,9501.06,299,1,1907,6,1,0.405,0,0.0,customer_outreach,64
TXN100231,CUST15082,1717.55,net_banking,insufficient_funds,regular,0,1046.6,44,2,1174,4,0,0.34,1,1717.55,customer_outreach,58
TXN100232,CUST15381,2419.44,debit_card,network_error,new,2,15622.14,351,4,221,4,4,0.66,1,2419.44,smart_retry,76
TXN100233,CUST16937,743.24,wallet,expired_card,premium,2,9728.95,159,1,1977,4,1,0.675,0,0.0,alternative_payment,69
TXN100234,CUST13509,854.42,upi,gateway_error,regular,1,9898.71,71,1,188,10,1,0.8,1,854.42,smart_retry,59
TXN100235,CUST14846,1459.25,credit_card,authentication_failed,new,3,15110.56,270,0,1385,4,0,0.435,1,1459.25,customer_outreach,65
TXN100236,CUST15517,1054.49,wallet,insufficient_funds,regular,0,11659.03,79,1,400,4,1,0.445,1,1054.49,payment_plan,54
TXN100237,CUST17170,1509.92,credit_card,gateway_error,regular,1,5319.7,122,3,1280,2,0,0.575,1,1509.92,smart_retry,67
TXN100238,CUST14668,1400.76,net_banking,insufficient_funds,regular,1,15489.01,159,3,1881,4,1,0.33,0,0.0,payment_plan,67
TXN100239,CUST16026,571.57,wallet,gateway_error,regular,1,3356.2,145,3,1059,3,1,0.615,1,571.57,smart_retry,67
TXN100240,CUST18641,530.73,net_banking,insufficient_funds,new,0,21777.86,310,1,1817,6,1,0.505,1,530.73,customer_outreach,54
TXN100241,CUST10854,788.71,net_banking,expired_card,regular,1,2132.9,53,4,1773,3,1,0.425,1,788.71,alternative_payment,71
TXN100242,CUST12042,330.29,upi,card_declined,new,1,3852.17,140,3,1884,3,3,0.415,0,0.0,alternative_payment,67
TXN100243,CUST12414,1038.78,net_banking,card_declined,at_risk,0,9400.84,114,3,1841,4,1,0.235,0,0.0,human_escalation,62
TXN100244,CUST15727,1867.22,credit_card,gateway_error,premium,1,27732.09,258,2,512,4,3,0.87,1,1867.22,smart_retry,68
TXN100245,CUST16326,2166.26,credit_card,expired_card,regular,1,20654.16,164,0,1748,6,2,0.655,1,2166.26,alternative_payment,55
TXN100246,CUST15493,625.25,debit_card,insufficient_funds,premium,2,7239.14,242,1,1584,3,1,0.51,0,0.0,customer_outreach,69
TXN100247,CUST17349,1853.62,wallet,card_declined,at_risk,0,3719.73,10,2,471,3,0,0.235,0,0.0,human_escalation,58
TXN100248,CUST12449,604.54,wallet,network_error,regular,0,4165.29,217,0,1619,4,5,0.86,1,604.54,smart_retry,50
TXN100249,CUST14720,2754.7,debit_card,expired_card,premium,2,13975.65,123,3,1338,5,3,0.66,1,2754.7,alternative_payment,77
TXN100250,CUST17489,1881.76,credit_card,card_declined,new,1,3590.84,256,4,1127,4,1,0.34,0,0.0,smart_retry,71
TXN100251,CUST18443,700.12,wallet,insufficient_funds,new,2,8129.66,150,3,33,4,0,0.3,0,0.0,customer_outreach,72
TXN100252,CUST13941,1560.49,wallet,gateway_error,regular,3,3529.5,343,0,1102,3,1,0.665,1,1560.49,smart_retry,65
TXN100253,CUST15908,1499.99,credit_card,authentication_failed,regular,1,12554.22,260,4,71,6,1,0.37,0,0.0,customer_outreach,71
TXN100254,CUST16397,1392.51,net_banking,card_declined,regular,4,6305.49,192,2,1560,3,1,0.27,0,0.0,human_escalation,78
TXN100255,CUST10266,2067.88,upi,card_declined,regular,1,16894.84,337,0,1610,1,0,0.4,1,2067.88,alternative_payment,55
TXN100256,CUST15447,691.44,debit_card,card_declined,regular,0,2960.74,174,1,1730,3,0,0.425,0,0.0,alternative_payment,54
TXN100257,CUST17612,679.23,net_banking,network_error,regular,3,4634.15,70,0,1496,5,1,0.695,1,679.23,smart_retry,65
TXN100258,CUST17498,567.35,credit_card,expired_card,regular,1,8678.03,103,0,676,3,1,0.585,1,567.35,alternative_payment,55
TXN100259,CUST15080,191.5,wallet,gateway_error,at_risk,0,9973.22,279,3,548,3,2,0.525,1,191.5,smart_retry,62
TXN100260,CUST10599,1316.08,debit_card,expired_card,regular,3,33087.02,25,2,589,5,1,0.465,0,0.0,alternative_payment,73
TXN100261,CUST12039,916.71,upi,gateway_error,new,2,17198.15,226,3,724,2,1,0.595,0,0.0,smart_retry,72
TXN100262,CUST13060,323.84,net_banking,network_error,regular,0,13303.32,266,2,1670,2,1,0.675,0,0.0,smart_retry,58
TXN100263,CUST11353,2535.4,net_banking,card_declined,regular,0,17578.03,93,4,631,3,2,0.355,0,0.0,customer_outreach,66
TXN100264,CUST11680,1476.21,credit_card,expired_card,regular,3,25968.98,157,3,1264,4,0,0.385,1,1476.21,alternative_payment,77
TXN100265,CUST16981,1382.16,debit_card,network_error,regular,2,9646.96,229,0,1518,5,0,0.705,1,1382.16,smart_retry,60
TXN100266,CUST15776,540.09,wallet,gateway_error,regular,0,4325.1,30,0,1404,4,1,0.785,0,0.0,smart_retry,50
TXN100267,CUST16655,2253.9,upi,authentication_failed,new,0,13061.53,348,1,1981,5,0,0.515,0,0.0,customer_outreach,54
TXN100268,CUST10510,1481.91,debit_card,authentication_failed,regular,0,2714.3,225,0,288,5,1,0.55,1,1481.91,customer_outreach,50
TXN100269,CUST11101,1376.46,debit_card,network_error,regular,0,2317.3,197,4,96,9,1,0.7,1,1376.46,smart_retry,66
TXN100270,CUST19913,1793.48,debit_card,network_error,regular,2,13226.47,190,2,939,1,0,0.565,1,1793.48,smart_retry,68
TXN100271,CUST11259,2415.39,wallet,insufficient_funds,regular,1,5023.82,204,2,1360,2,2,0.365,0,0.0,customer_outreach,63
TXN100272,CUST14089,1410.11,credit_card,card_declined,new,3,19395.27,256,4,822,6,3,0.35,0,0.0,alternative_payment,81
TXN100273,CUST11929,1646.79,upi,expired_card,new,1,16451.72,110,4,614,5,1,0.485,1,1646.79,alternative_payment,71
TXN100274,CUST18047,467.5,debit_card,card_declined,premium,0,16221.71,38,3,383,5,1,0.55,1,467.5,customer_outreach,67
TXN100275,CUST17292,1540.71,credit_card,network_error,at_risk,4,23498.54,164,2,1483,3,0,0.375,1,1540.71,smart_retry,78
TXN100276,CUST11063,3432.55,wallet,authentication_failed,regular,1,28521.57,154,1,1487,1,0,0.39,0,0.0,customer_outreach,59
TXN100277,CUST12852,525.89,upi,authentication_failed,regular,2,13335.29,103,1,514,4,3,0.475,1,525.89,customer_outreach,64
TXN100278,CUST18094,974.01,credit_card,expired_card,regular,0,5498.87,189,3,1675,6,0,0.52,1,974.01,alternative_payment,62
TXN100279,CUST19038,356.23,debit_card,authentication_failed,new,0,6736.34,34,2,845,3,2,0.495,1,356.23,customer_outreach,58
TXN100280,CUST17842,501.66,wallet,gateway_error,new,0,3520.52,295,0,286,2,1,0.785,1,501.66,smart_retry,50
TXN100281,CUST15194,856.96,credit_card,gateway_error,regular,1,10568.7,265,2,292,1,1,0.625,1,856.96,smart_retry,63
TXN100282,CUST19032,868.04,wallet,insufficient_funds,new,1,10310.17,67,3,1059,3,0,0.32,0,0.0,payment_plan,67
TXN100283,CUST12034,1988.24,wallet,insufficient_funds,regular,0,5220.6,83,2,1944,7,4,0.525,1,1988.24,payment_plan,58
TXN100284,CUST15669,3316.79,wallet,expired_card,new,1,7632.76,129,1,1330,5,1,0.605,1,3316.79,alternative_payment,59
TXN100285,CUST19024,3780.79,upi,insufficient_funds,regular,2,29755.44,315,4,221,4,0,0.23,0,0.0,payment_plan,76
TXN100286,CUST19696,738.69,wallet,insufficient_funds,regular,1,5264.29,320,4,721,6,0,0.295,0,0.0,payment_plan,71
TXN100287,CUST10464,1423.7,credit_card,card_declined,at_risk,0,11785.82,296,2,1363,4,0,0.25,0,0.0,human_escalation,58
TXN100288,CUST13453,1329.45,wallet,gateway_error,regular,2,10939.92,16,3,1850,2,2,0.59,1,1329.45,smart_retry,72
TXN100289,CUST18938,715.85,upi,network_error,at_risk,2,4508.35,248,1,1678,4,2,0.55,0,0.0,smart_retry,64
TXN100290,CUST16653,742.79,upi,gateway_error,premium,2,3334.23,31,1,930,2,0,0.77,1,742.79,smart_retry,69
TXN100291,CUST16809,2391.71,net_banking,gateway_error,regular,0,6802.71,311,1,670,1,0,0.675,1,2391.71,smart_retry,54
TXN100292,CUST15231,757.19,upi,gateway_error,premium,1,10547.11,190,4,1180,4,0,0.715,0,0.0,smart_retry,76
TXN100293,CUST11739,1790.33,upi,insufficient_funds,regular,2,3312.24,137,3,537,1,2,0.275,0,0.0,payment_plan,72
TXN100294,CUST11586,966.27,credit_card,expired_card,at_risk,3,7697.49,316,3,538,8,1,0.32,1,966.27,alternative_payment,77
TXN100295,CUST12616,1938.04,upi,authentication_failed,new,2,26321.37,98,1,1050,2,0,0.4,1,1938.04,customer_outreach,64
TXN100296,CUST18433,1662.89,net_banking,gateway_error,new,0,6957.65,255,0,214,1,1,0.77,0,0.0,smart_retry,50
TXN100297,CUST16442,1159.08,wallet,gateway_error,at_risk,0,740.33,111,4,752,8,0,0.47,0,0.0,smart_retry,66
TXN100298,CUST10797,591.82,credit_card,expired_card,regular,3,32790.38,335,3,615,3,0,0.37,0,0.0,alternative_payment,77
TXN100299,CUST18793,2428.44,credit_card,card_declined,regular,0,6587.42,136,2,1594,4,1,0.425,0,0.0,customer_outreach,58
TXN100300,CUST15995,1187.79,credit_card,gateway_error,premium,2,3615.8,288,1,772,8,2,0.91,1,1187.79,smart_retry,69
TXN100301,CUST19064,562.13,upi,card_declined,regular,1,7497.35,231,4,602,3,1,0.295,0,0.0,human_escalation,71
TXN100302,CUST11946,1296.65,debit_card,card_declined,regular,0,3000.67,174,4,1952,7,0,0.365,1,1296.65,customer_outreach,66
TXN100303,CUST12363,408.16,debit_card,authentication_failed,regular,1,6720.16,257,0,122,6,1,0.53,1,408.16,customer_outreach,55
TXN100304,CUST10637,1049.03,debit_card,network_error,regular,2,4100.66,243,4,965,5,1,0.57,0,0.0,smart_retry,76
TXN100305,CUST12440,1364.37,wallet,authentication_failed,premium,0,38783.09,314,2,362,5,1,0.62,1,1364.37,customer_outreach,63
TXN100306,CUST16438,1304.19,wallet,network_error,new,2,3922.14,304,2,1068,6,0,0.67,1,1304.19,smart_retry,68
TXN100307,CUST18351,547.28,wallet,gateway_error,new,2,1940.0,154,3,1700,2,1,0.555,1,547.28,smart_retry,72
TXN100308,CUST10272,409.77,upi,expired_card,regular,3,10480.53,214,4,660,9,2,0.47,1,409.77,alternative_payment,81
TXN100309,CUST10436,2393.1,wallet,gateway_error,regular,1,9066.01,336,4,1212,5,1,0.605,1,2393.1,smart_retry,71
TXN100310,CUST13728,2921.82,credit_card,authentication_failed,regular,1,4657.71,269,4,1616,6,2,0.395,0,0.0,customer_outreach,71
TXN100311,CUST16229,473.17,debit_card,network_error,regular,1,12809.11,294,0,420,2,1,0.72,0,0.0,smart_retry,55
TXN100312,CUST10310,966.54,net_banking,expired_card,regular,0,4426.51,212,1,870,0,2,0.56,1,966.54,alternative_payment,54
TXN100313,CUST18221,1509.12,wallet,gateway_error,new,2,6084.97,32,1,1092,2,0,0.65,1,1509.12,smart_retry,64
TXN100314,CUST13397,1034.84,wallet,expired_card,at_risk,1,7863.16,245,4,801,6,1,0.32,0,0.0,alternative_payment,71
TXN100315,CUST15140,1452.4,debit_card,gateway_error,at_risk,0,11802.13,176,4,755,3,1,0.46,1,1452.4,smart_retry,66
TXN100316,CUST14331,165.75,wallet,gateway_error,regular,1,6003.77,127,2,1172,5,0,0.66,1,165.75,smart_retry,63
TXN100317,CUST14890,517.84,debit_card,expired_card,new,1,1995.27,361,1,1443,1,1,0.505,0,0.0,alternative_payment,59
TXN100318,CUST18011,1541.03,upi,gateway_error,regular,1,6244.96,141,2,279,3,3,0.705,1,1541.03,smart_retry,63
TXN100319,CUST19395,660.42,wallet,gateway_error,new,1,23493.05,203,2,1985,2,4,0.745,0,0.0,smart_retry,63
TXN100320,CUST12399,913.99,upi,card_declined,regular,1,1880.35,41,2,1922,4,3,0.4,1,913.99,customer_outreach,63
TXN100321,CUST14201,1687.9,net_banking,insufficient_funds,regular,0,4539.64,276,2,1940,2,3,0.425,1,1687.9,customer_outreach,58
TXN100322,CUST12249,3241.19,credit_card,authentication_failed,new,2,27408.02,123,1,133,4,2,0.48,0,0.0,customer_outreach,64
TXN100323,CUST18700,1318.75,debit_card,network_error,regular,1,3676.44,52,3,706,5,0,0.62,1,1318.75,smart_retry,67
TXN100324,CUST17739,546.72,credit_card,network_error,new,1,37389.13,3,4,1932,3,2,0.63,1,546.72,smart_retry,71
TXN100325,CUST12587,370.71,net_banking,network_error,at_risk,2,18901.24,244,3,1362,9,0,0.495,0,0.0,smart_retry,72
TXN100326,CUST13267,1676.09,upi,expired_card,regular,2,3261.2,31,0,1365,5,0,0.555,0,0.0,alternative_payment,60
TXN100327,CUST19406,1274.67,debit_card,authentication_failed,new,0,13591.39,20,1,885,4,1,0.525,1,1274.67,customer_outreach,54
TXN100328,CUST12880,1114.5,credit_card,gateway_error,new,3,6371.79,96,2,1825,2,1,0.6,1,1114.5,smart_retry,73
TXN100329,CUST10613,912.44,credit_card,expired_card,regular,0,4938.13,55,2,612,7,0,0.575,1,912.44,alternative_payment,58
TXN100330,CUST17444,3260.56,wallet,authentication_failed,regular,1,3803.19,69,4,988,2,2,0.335,1,3260.56,customer_outreach,71
TXN100331,CUST14470,1096.55,debit_card,card_declined,regular,2,19277.08,235,2,1501,1,1,0.31,1,1096.55,smart_retry,68
TXN100332,CUST10230,904.67,upi,expired_card,regular,1,6686.71,99,1,1281,3,0,0.52,1,904.67,alternative_payment,59
TXN100333,CUST16643,2362.13,net_banking,authentication_failed,regular,0,50147.38,206,0,408,3,1,0.52,1,2362.13,customer_outreach,50
TXN100334,CUST12303,1888.64,net_banking,expired_card,at_risk,3,9809.08,4,2,815,5,1,0.315,0,0.0,alternative_payment,73
TXN100335,CUST13858,562.76,net_banking,expired_card,at_risk,1,21676.86,155,4,1510,5,2,0.33,0,0.0,alternative_payment,71
TXN100336,CUST19386,1154.1,credit_card,expired_card,regular,0,1475.88,355,1,157,5,1,0.57,1,1154.1,alternative_payment,54
TXN100337,CUST11936,691.69,net_banking,expired_card,regular,1,38661.8,352,4,1920,7,1,0.485,0,0.0,alternative_payment,71
TXN100338,CUST15095,530.31,credit_card,network_error,at_risk,1,6081.68,152,2,1288,3,1,0.505,0,0.0,smart_retry,63
TXN100339,CUST13618,645.13,debit_card,insufficient_funds,regular,2,8625.81,233,4,795,2,1,0.225,0,0.0,customer_outreach,76
TXN100340,CUST18998,2396.13,net_banking,authentication_failed,new,0,10443.32,112,1,1423,6,2,0.58,0,0.0,customer_outreach,54
TXN100341,CUST19761,1026.7,credit_card,authentication_failed,regular,1,5463.16,361,2,189,5,1,0.435,1,1026.7,customer_outreach,63
TXN100342,CUST19243,707.19,credit_card,card_declined,new,1,5869.58,259,1,1202,2,1,0.43,0,0.0,alternative_payment,59
TXN100343,CUST12455,738.94,debit_card,expired_card,new,3,7617.65,227,0,1423,9,0,0.61,0,0.0,alternative_payment,65
TXN100344,CUST13365,474.66,wallet,gateway_error,premium,0,10241.18,262,3,1686,5,1,0.83,1,474.66,smart_retry,67
TXN100345,CUST10911,803.94,net_banking,insufficient_funds,regular,0,2968.74,234,4,148,5,1,0.34,0,0.0,customer_outreach,66
TXN100346,CUST15049,3301.79,credit_card,gateway_error,regular,3,36968.85,2,1,1214,1,0,0.57,1,3301.79,smart_retry,69
TXN100347,CUST11196,839.09,credit_card,gateway_error,regular,2,9005.06,33,4,153,1,0,0.485,0,0.0,smart_retry,76
TXN100348,CUST11130,378.25,net_banking,card_declined,regular,2,8916.69,93,1,1598,4,0,0.37,1,378.25,alternative_payment,64
TXN100349,CUST16887,531.77,upi,gateway_error,regular,1,33394.09,194,3,194,1,0,0.56,1,531.77,smart_retry,67
TXN100350,CUST18835,1178.21,debit_card,network_error,new,1,12160.36,61,1,1130,2,0,0.685,0,0.0,smart_retry,59
TXN100351,CUST16439,1529.16,wallet,insufficient_funds,new,2,38105.86,115,0,1578,5,1,0.46,0,0.0,payment_plan,60
TXN100352,CUST14888,1352.8,net_banking,network_error,new,0,7717.12,218,4,806,8,1,0.715,1,1352.8,smart_retry,66
TXN100353,CUST13762,260.73,debit_card,gateway_error,regular,2,19599.44,142,1,1949,3,4,0.735,1,260.73,smart_retry,64
TXN100354,CUST11848,964.24,credit_card,network_error,regular,1,42375.48,9,1,452,4,1,0.71,0,0.0,smart_retry,59
TXN100355,CUST11102,1062.24,credit_card,authentication_failed,premium,2,7127.47,307,0,531,6,0,0.62,1,1062.24,customer_outreach,65
TXN100356,CUST10724,1373.84,net_banking,gateway_error,regular,0,60430.26,112,0,316,0,1,0.725,0,0.0,smart_retry,50
TXN100357,CUST18255,1143.34,upi,insufficient_funds,new,1,6074.87,295,2,1212,3,1,0.385,1,1143.34,customer_outreach,63
TXN100358,CUST13881,1272.7,upi,insufficient_funds,at_risk,3,19138.44,267,1,876,5,0,0.18,0,0.0,customer_outreach,69
TXN100359,CUST14508,4363.81,credit_card,authentication_failed,at_risk,1,23507.42,90,3,1168,1,0,0.16,0,0.0,customer_outreach,67
TXN100360,CUST18120,697.71,credit_card,expired_card,at_risk,2,3887.41,344,3,1639,4,0,0.27,1,697.71,alternative_payment,72
TXN100361,CUST18592,4901.84,upi,network_error,regular,4,2481.07,77,2,800,2,0,0.51,0,0.0,smart_retry,78
TXN100362,CUST13012,641.91,wallet,gateway_error,regular,0,4558.33,116,2,1786,6,1,0.735,0,0.0,smart_retry,58
TXN100363,CUST12365,1577.83,net_banking,card_declined,regular,1,9414.73,214,4,1115,5,2,0.35,0,0.0,smart_retry,71
TXN100364,CUST16363,701.56,debit_card,expired_card,regular,2,1951.7,332,0,1918,3,1,0.51,0,0.0,alternative_payment,60
TXN100365,CUST17369,411.45,upi,card_declined,regular,0,3211.26,98,0,579,2,0,0.45,1,411.45,customer_outreach,50
TXN100366,CUST19911,858.11,wallet,card_declined,new,3,14383.35,97,4,1513,7,0,0.29,1,858.11,human_escalation,81
TXN100367,CUST19156,1008.5,debit_card,gateway_error,regular,4,10641.57,171,2,1989,5,1,0.58,1,1008.5,smart_retry,78
TXN100368,CUST10251,960.62,debit_card,insufficient_funds,at_risk,2,34379.4,61,3,1902,6,3,0.225,1,960.62,payment_plan,72
TXN100369,CUST19902,2420.74,debit_card,gateway_error,at_risk,2,18880.68,283,2,1618,3,3,0.52,1,2420.74,smart_retry,68
TXN100370,CUST14637,1001.0,net_banking,gateway_error,regular,2,10363.96,184,2,565,0,2,0.6,1,1001.0,smart_retry,68
TXN100371,CUST15892,1316.4,wallet,gateway_error,regular,2,1471.33,241,2,1902,3,0,0.555,0,0.0,smart_retry,68
TXN100372,CUST13328,399.52,upi,expired_card,regular,2,32751.27,289,1,1548,6,0,0.53,0,0.0,alternative_payment,64
TXN100373,CUST12390,1094.67,credit_card,expired_card,regular,2,8240.76,300,4,1504,3,3,0.44,0,0.0,alternative_payment,76
TXN100374,CUST16841,1208.48,upi,insufficient_funds,regular,2,6433.58,118,3,1196,5,0,0.285,1,1208.48,payment_plan,72
TXN100375,CUST18180,2475.87,wallet,network_error,at_risk,1,5661.36,173,2,1593,4,1,0.52,0,0.0,smart_retry,63
TXN100376,CUST18005,1352.02,net_banking,gateway_error,regular,1,8031.5,181,1,316,5,0,0.7,1,1352.02,smart_retry,59
TXN100377,CUST18954,1689.28,net_banking,insufficient_funds,at_risk,1,5206.5,278,0,1103,0,0,0.215,0,0.0,payment_plan,55
TXN100378,CUST11217,1277.94,credit_card,card_declined,regular,0,2805.58,323,1,169,6,1,0.495,0,0.0,alternative_payment,54
TXN100379,CUST12474,556.87,credit_card,insufficient_funds,regular,0,3172.3,192,0,1295,3,0,0.445,1,556.87,customer_outreach,50
TXN100380,CUST17993,1503.05,credit_card,card_declined,regular,1,5573.3,211,0,64,5,3,0.535,0,0.0,alternative_payment,55
TXN100381,CUST14501,985.53,wallet,expired_card,premium,0,9601.5,358,3,1681,4,1,0.665,1,985.53,alternative_payment,67
TXN100382,CUST12937,2806.83,credit_card,card_declined,regular,2,8209.54,124,1,1299,2,1,0.365,0,0.0,alternative_payment,64
TXN100383,CUST14135,855.06,upi,expired_card,new,0,7339.43,41,2,1994,4,2,0.61,1,855.06,alternative_payment,58
TXN100384,CUST16652,510.55,net_banking,authentication_failed,regular,0,11968.68,357,1,644,6,0,0.5,1,510.55,customer_outreach,54
TXN100385,CUST11320,583.72,credit_card,card_declined,regular,2,5895.55,194,4,1004,2,0,0.22,0,0.0,human_escalation,76
TXN100386,CUST10919,3120.37,credit_card,network_error,regular,1,15718.34,256,3,1350,3,0,0.59,0,0.0,smart_retry,67
TXN100387,CUST15427,2546.41,wallet,card_declined,new,0,3341.83,22,1,462,2,1,0.465,0,0.0,alternative_payment,54
TXN100388,CUST19286,773.94,net_banking,expired_card,premium,1,6560.16,39,2,1871,3,0,0.63,0,0.0,alternative_payment,68
TXN100389,CUST18897,1687.11,wallet,network_error,premium,2,4248.36,162,0,1999,2,1,0.835,1,1687.11,smart_retry,65
TXN100390,CUST13394,678.18,wallet,insufficient_funds,new,4,21026.09,365,3,1932,5,0,0.245,1,678.18,payment_plan,82
TXN100391,CUST14903,754.21,debit_card,authentication_failed,regular,2,796.39,200,4,709,8,3,0.375,0,0.0,customer_outreach,76
TXN100392,CUST16288,3245.08,debit_card,network_error,new,2,3812.17,257,2,139,4,0,0.64,0,0.0,smart_retry,68
TXN100393,CUST11600,413.91,net_banking,insufficient_funds,new,3,7529.05,175,4,1604,5,0,0.24,0,0.0,customer_outreach,81
TXN100394,CUST15347,2047.14,credit_card,network_error,regular,1,11730.96,231,3,497,8,1,0.69,1,2047.14,smart_retry,67
TXN100395,CUST15829,1403.11,wallet,gateway_error,regular,1,21680.7,349,4,1383,4,1,0.59,1,1403.11,smart_retry,71
TXN100396,CUST16227,1532.94,credit_card,authentication_failed,regular,2,4157.11,127,0,198,1,0,0.395,0,0.0,customer_outreach,60
TXN100397,CUST14390,1432.03,debit_card,gateway_error,new,2,16386.75,325,1,1544,3,1,0.69,1,1432.03,smart_retry,64
TXN100398,CUST16383,5515.02,upi,expired_card,premium,1,22072.61,3,2,940,7,2,0.74,1,5515.02,alternative_payment,68
TXN100399,CUST15896,287.82,upi,card_declined,premium,1,10774.89,96,3,949,2,1,0.47,0,0.0,customer_outreach,72
TXN100400,CUST19125,1463.07,wallet,authentication_failed,regular,2,2076.21,14,0,754,3,1,0.45,1,1463.07,customer_outreach,60
TXN100401,CUST19080,1117.68,credit_card,authentication_failed,regular,2,6527.5,167,3,55,5,0,0.335,0,0.0,customer_outreach,72
TXN100402,CUST14781,798.41,net_banking,gateway_error,new,0,13449.02,287,1,1201,3,0,0.735,1,798.41,smart_retry,54
TXN100403,CUST18537,2357.61,debit_card,network_error,regular,0,6835.86,72,2,646,1,1,0.66,1,2357.61,smart_retry,58
TXN100404,CUST14397,491.31,net_banking,insufficient_funds,premium,0,3301.98,223,2,892,6,1,0.585,0,0.0,customer_outreach,63
TXN100405,CUST17933,518.92,credit_card,expired_card,regular,1,836.09,127,3,1246,2,2,0.435,0,0.0,alternative_payment,67
TXN100406,CUST13203,664.64,net_banking,card_declined,premium,2,3028.7,4,3,710,1,1,0.42,1,664.64,customer_outreach,77
TXN100407,CUST16224,1277.88,upi,gateway_error,regular,2,5260.16,334,4,308,7,0,0.575,1,1277.88,smart_retry,76
TXN100408,CUST14922,1240.24,upi,authentication_failed,at_risk,1,10278.35,103,3,673,3,1,0.215,0,0.0,customer_outreach,67
TXN100409,CUST12910,511.51,net_banking,expired_card,regular,1,7451.47,356,3,1209,3,1,0.465,0,0.0,alternative_payment,67
TXN100410,CUST13971,2571.54,upi,gateway_error,regular,1,6771.95,202,2,263,6,2,0.725,0,0.0,smart_retry,63
TXN100411,CUST19238,606.46,debit_card,authentication_failed,at_risk,3,3056.51,93,4,85,3,0,0.08,0,0.0,customer_outreach,81
TXN100412,CUST17563,2411.26,debit_card,gateway_error,new,2,5461.53,355,0,1707,5,1,0.76,1,2411.26,smart_retry,60
TXN100413,CUST16703,997.83,net_banking,insufficient_funds,regular,1,6270.13,124,2,1378,2,2,0.365,0,0.0,payment_plan,63
TXN100414,CUST16932,618.63,net_banking,card_declined,regular,1,34165.79,307,3,1222,1,2,0.33,0,0.0,customer_outreach,67
TXN100415,CUST18755,1057.49,wallet,network_error,regular,3,10618.64,19,2,1466,7,2,0.67,1,1057.49,smart_retry,73
TXN100416,CUST18796,2087.26,wallet,network_error,at_risk,0,6811.01,56,1,1376,4,0,0.57,1,2087.26,smart_retry,54
TXN100417,CUST15816,827.74,debit_card,network_error,regular,0,15291.54,289,3,1571,3,0,0.625,1,827.74,smart_retry,62
TXN100418,CUST15432,1478.61,net_banking,card_declined,premium,2,7045.5,133,1,1075,5,0,0.535,0,0.0,customer_outreach,69
TXN100419,CUST18499,632.62,wallet,authentication_failed,regular,0,5074.96,114,3,796,1,0,0.345,0,0.0,customer_outreach,62
TXN100420,CUST16408,468.39,net_banking,network_error,regular,0,38082.53,257,1,736,1,2,0.725,1,468.39,smart_retry,54
TXN100421,CUST10402,232.41,net_banking,card_declined,regular,2,5449.6,44,0,1732,7,1,0.48,0,0.0,alternative_payment,60
TXN100422,CUST12321,1178.32,upi,expired_card,regular,0,4909.6,106,4,1019,3,0,0.435,0,0.0,alternative_payment,66
TXN100423,CUST15706,988.52,net_banking,card_declined,regular,2,11430.64,357,3,683,3,2,0.325,0,0.0,smart_retry,72
TXN100424,CUST14919,3665.87,credit_card,network_error,premium,2,5511.47,176,0,1416,5,1,0.88,1,3665.87,smart_retry,65
TXN100425,CUST12692,3694.98,debit_card,authentication_failed,regular,3,11336.29,82,2,1176,3,1,0.335,0,0.0,customer_outreach,73
TXN100426,CUST16985,1381.65,net_banking,insufficient_funds,new,1,24172.99,323,1,411,3,0,0.4,1,1381.65,customer_outreach,59
TXN100427,CUST16481,166.02,credit_card,network_error,regular,3,13005.56,102,3,1242,5,1,0.575,0,0.0,smart_retry,77
TXN100428,CUST17037,1796.66,net_banking,card_declined,new,2,6416.28,106,2,1570,4,0,0.36,0,0.0,alternative_payment,68
TXN100429,CUST11025,453.47,wallet,card_declined,new,1,3415.95,275,1,779,4,2,0.485,1,453.47,customer_outreach,59
TXN100430,CUST13228,1797.14,net_banking,card_declined,regular,0,27541.34,251,4,1338,4,1,0.345,1,1797.14,customer_outreach,66
TXN100431,CUST19780,417.95,net_banking,authentication_failed,regular,0,6858.37,59,2,750,2,0,0.4,1,417.95,customer_outreach,58
TXN100432,CUST17501,552.36,wallet,insufficient_funds,new,0,8964.38,362,2,1911,3,0,0.395,0,0.0,payment_plan,58
TXN100433,CUST12194,1327.26,upi,card_declined,regular,2,7678.78,60,1,794,2,2,0.39,1,1327.26,alternative_payment,64
TXN100434,CUST12316,2714.89,wallet,gateway_error,regular,1,3511.61,71,4,815,1,1,0.545,0,0.0,smart_retry,71
TXN100435,CUST16931,668.05,debit_card,gateway_error,regular,1,18565.17,356,1,1166,8,2,0.795,1,668.05,smart_retry,59
TXN100436,CUST12733,1918.83,net_banking,expired_card,premium,3,1913.88,162,3,1298,1,1,0.475,0,0.0,alternative_payment,82
TXN100437,CUST10878,291.91,upi,card_declined,regular,0,8416.88,100,3,1180,5,3,0.45,1,291.91,alternative_payment,62
TXN100438,CUST18109,1312.63,net_banking,network_error,regular,1,21086.42,364,3,1030,1,1,0.585,1,1312.63,smart_retry,67
TXN100439,CUST12740,1418.75,credit_card,authentication_failed,premium,0,1907.05,113,2,96,3,0,0.525,0,0.0,customer_outreach,63
TXN100440,CUST14503,234.73,debit_card,authentication_failed,regular,0,41508.59,235,4,1550,5,0,0.365,0,0.0,customer_outreach,66
TXN100441,CUST18115,842.14,wallet,authentication_failed,premium,2,4946.99,59,2,1617,4,1,0.535,0,0.0,customer_outreach,73
TXN100442,CUST18898,610.67,upi,authentication_failed,new,1,3746.73,22,3,1148,7,1,0.455,1,610.67,customer_outreach,67
TXN100443,CUST13580,771.26,net_banking,card_declined,new,1,7651.7,335,1,639,2,1,0.43,1,771.26,smart_retry,59
TXN100444,CUST17368,444.42,upi,expired_card,new,1,18633.78,45,3,1802,7,0,0.53,1,444.42,alternative_payment,67
TXN100445,CUST11923,889.55,debit_card,insufficient_funds,new,3,8840.01,302,2,1793,4,1,0.33,1,889.55,customer_outreach,73
TXN100446,CUST12719,1342.19,wallet,insufficient_funds,new,0,2291.72,106,0,1197,4,2,0.54,0,0.0,customer_outreach,50
TXN100447,CUST18720,1249.24,upi,authentication_failed,regular,1,6277.1,166,2,622,2,2,0.415,0,0.0,customer_outreach,63
TXN100448,CUST19383,2499.82,upi,authentication_failed,at_risk,1,10208.57,348,0,307,2,2,0.345,1,2499.82,customer_outreach,55
TXN100449,CUST16743,551.53,credit_card,expired_card,new,1,13413.07,65,1,541,5,0,0.58,0,0.0,alternative_payment,59
TXN100450,CUST12396,3691.16,upi,insufficient_funds,new,3,21907.57,347,3,1032,6,1,0.32,1,3691.16,payment_plan,77
TXN100451,CUST19460,775.1,upi,network_error,regular,2,4802.52,232,0,1327,4,1,0.715,1,775.1,smart_retry,60
TXN100452,CUST11525,1913.82,net_banking,authentication_failed,new,1,31004.94,356,2,961,4,0,0.425,0,0.0,customer_outreach,63
TXN100453,CUST17996,1345.18,upi,authentication_failed,premium,0,6974.74,48,3,1330,4,3,0.615,1,1345.18,customer_outreach,67
TXN100454,CUST15869,747.76,credit_card,authentication_failed,regular,0,3833.46,220,1,1043,1,1,0.45,0,0.0,customer_outreach,54
TXN100455,CUST14399,1375.29,upi,expired_card,regular,0,3951.05,296,1,1189,1,2,0.575,0,0.0,alternative_payment,54
TXN100456,CUST17951,3953.38,upi,network_error,new,2,11295.29,24,0,1312,1,4,0.775,1,3953.38,smart_retry,60
TXN100457,CUST17529,1776.85,credit_card,card_declined,at_risk,0,4865.53,81,3,964,6,3,0.315,1,1776.85,smart_retry,62
TXN100458,CUST17009,616.38,debit_card,network_error,at_risk,0,16013.41,333,2,355,6,1,0.585,1,616.38,smart_retry,58
TXN100459,CUST14489,773.19,credit_card,network_error,regular,1,13688.66,43,2,1390,2,1,0.64,0,0.0,smart_retry,63
TXN100460,CUST12711,1908.56,credit_card,gateway_error,regular,4,3031.02,359,1,909,4,0,0.58,0,0.0,smart_retry,74
TXN100461,CUST11494,673.79,credit_card,card_declined,regular,2,6787.04,40,1,1245,4,0,0.37,0,0.0,smart_retry,64
TXN100462,CUST18510,1256.59,net_banking,card_declined,premium,3,3686.28,176,0,1791,5,0,0.54,1,1256.59,customer_outreach,70
TXN100463,CUST16919,1090.87,debit_card,gateway_error,premium,2,9195.52,197,0,1526,6,0,0.87,1,1090.87,smart_retry,65
TXN100464,CUST11678,876.24,credit_card,expired_card,regular,0,11984.91,154,1,813,5,1,0.61,0,0.0,alternative_payment,54
TXN100465,CUST12181,1137.19,debit_card,card_declined,regular,1,6325.09,5,4,1361,0,1,0.25,0,0.0,human_escalation,71
TXN100466,CUST12688,615.99,net_banking,expired_card,new,2,15024.49,322,1,1913,4,2,0.58,1,615.99,alternative_payment,64
TXN100467,CUST16745,1540.86,wallet,network_error,regular,2,3052.58,112,0,1866,8,1,0.775,0,0.0,smart_retry,60
TXN100468,CUST11646,1392.16,debit_card,card_declined,regular,2,7281.72,197,2,909,2,1,0.325,1,1392.16,customer_outreach,68
TXN100469,CUST12290,759.28,debit_card,expired_card,regular,2,5557.74,128,4,1260,2,2,0.4,0,0.0,alternative_payment,76
TXN100470,CUST19830,1498.42,wallet,expired_card,new,0,3483.92,354,0,1766,5,0,0.655,1,1498.42,alternative_payment,50
TXN100471,CUST14942,1965.31,debit_card,authentication_failed,regular,0,20013.77,97,3,635,3,0,0.375,1,1965.31,customer_outreach,62
TXN100472,CUST10894,1039.23,debit_card,gateway_error,regular,1,9842.58,124,3,1336,3,2,0.64,1,1039.23,smart_retry,67
TXN100473,CUST19730,575.15,credit_card,authentication_failed,new,2,2549.97,7,2,1942,6,3,0.495,1,575.15,customer_outreach,68
TXN100474,CUST15185,811.51,debit_card,gateway_error,new,1,14993.87,292,3,778,4,1,0.66,1,811.51,smart_retry,67
TXN100475,CUST18951,1123.78,debit_card,gateway_error,at_risk,3,6510.68,38,0,1232,3,1,0.515,0,0.0,smart_retry,65
TXN100476,CUST11106,506.32,credit_card,expired_card,regular,1,7786.1,31,3,1067,5,1,0.495,1,506.32,alternative_payment,67
TXN100477,CUST14693,146.23,wallet,gateway_error,regular,1,8981.5,206,0,1341,3,2,0.76,1,146.23,smart_retry,55
TXN100478,CUST18791,1603.66,wallet,authentication_failed,regular,0,6025.88,43,2,191,3,1,0.44,1,1603.66,customer_outreach,58
TXN100479,CUST18377,1822.13,debit_card,insufficient_funds,regular,1,3740.19,201,4,1329,4,2,0.315,0,0.0,payment_plan,71
TXN100480,CUST15081,1668.42,net_banking,network_error,at_risk,1,8229.7,123,0,530,7,1,0.645,1,1668.42,smart_retry,55
TXN100481,CUST11412,1049.97,net_banking,card_declined,regular,1,25944.77,312,0,663,3,1,0.455,0,0.0,alternative_payment,55
TXN100482,CUST12877,1504.21,credit_card,card_declined,new,1,1703.61,360,0,365,4,1,0.46,0,0.0,customer_outreach,55
TXN100483,CUST15680,2773.18,wallet,authentication_failed,new,1,5793.27,133,1,791,2,1,0.46,1,2773.18,customer_outreach,59
TXN100484,CUST12079,2587.04,upi,network_error,new,1,4025.69,16,2,1682,2,0,0.645,1,2587.04,smart_retry,63
TXN100485,CUST17034,1706.4,upi,authentication_failed,premium,1,6911.35,365,4,1315,5,0,0.48,0,0.0,customer_outreach,76
TXN100486,CUST11262,1133.25,net_banking,gateway_error,regular,0,26684.61,29,3,1789,2,2,0.66,1,1133.25,smart_retry,62
TXN100487,CUST19287,963.9,debit_card,expired_card,regular,3,4001.73,53,4,1410,4,1,0.37,0,0.0,alternative_payment,81
TXN100488,CUST11889,1178.12,debit_card,network_error,regular,1,13271.96,23,0,530,1,0,0.68,0,0.0,smart_retry,55
TXN100489,CUST10753,706.15,net_banking,expired_card,regular,1,11298.67,77,1,1937,3,1,0.545,0,0.0,alternative_payment,59
TXN100490,CUST10579,1206.54,wallet,network_error,new,0,5336.34,215,1,689,5,0,0.765,1,1206.54,smart_retry,54
TXN100491,CUST14067,893.47,net_banking,network_error,regular,1,6697.42,40,4,793,4,2,0.615,0,0.0,smart_retry,71
TXN100492,CUST11956,630.14,wallet,network_error,at_risk,0,11852.48,92,1,1677,2,1,0.565,0,0.0,smart_retry,54
TXN100493,CUST18450,698.79,credit_card,gateway_error,premium,1,9931.56,239,2,1614,2,1,0.79,1,698.79,smart_retry,68
TXN100494,CUST15090,2406.2,upi,card_declined,regular,1,4773.36,5,2,440,3,1,0.375,0,0.0,customer_outreach,63
TXN100495,CUST19237,1305.18,upi,network_error,regular,0,4193.0,238,2,1241,6,1,0.735,1,1305.18,smart_retry,58
TXN100496,CUST18083,1956.36,debit_card,network_error,at_risk,2,10858.76,126,1,43,6,0,0.53,1,1956.36,smart_retry,64
TXN100497,CUST16718,791.26,credit_card,insufficient_funds,regular,0,3619.89,326,0,1977,5,0,0.475,1,791.26,customer_outreach,50
TXN100498,CUST10023,1098.88,net_banking,network_error,new,1,21676.68,54,1,1115,4,1,0.74,1,1098.88,smart_retry,59
TXN100499,CUST13902,678.0,net_banking,gateway_error,at_risk,1,2785.86,73,2,220,7,2,0.59,1,678.0,smart_retry,63
TXN100500,CUST10719,1012.14,debit_card,authentication_failed,regular,2,10375.87,191,3,1561,3,1,0.33,1,1012.14,customer_outreach,72
TXN100501,CUST11391,569.36,wallet,card_declined,regular,1,1527.34,327,3,183,5,0,0.3,1,569.36,alternative_payment,67
TXN100502,CUST19303,1583.11,credit_card,gateway_error,regular,1,29990.57,67,1,627,4,0,0.685,0,0.0,smart_retry,59
TXN100503,CUST14276,619.96,upi,gateway_error,new,0,1183.65,168,2,957,2,1,0.665,0,0.0,smart_retry,58
TXN100504,CUST14455,832.6,debit_card,card_declined,at_risk,1,5637.91,70,4,253,5,0,0.15,1,832.6,human_escalation,71
TXN100505,CUST12546,3099.23,credit_card,insufficient_funds,regular,0,14571.72,161,3,277,2,3,0.385,1,3099.23,customer_outreach,62
TXN100506,CUST13401,805.76,net_banking,expired_card,regular,1,9427.28,62,0,352,4,2,0.625,1,805.76,alternative_payment,55
TXN100507,CUST14984,1763.67,wallet,card_declined,regular,3,12465.85,168,1,216,1,1,0.315,0,0.0,alternative_payment,69
TXN100508,CUST14066,621.44,upi,gateway_error,regular,1,17503.29,347,2,562,6,2,0.725,0,0.0,smart_retry,63
TXN100509,CUST12848,1369.33,credit_card,gateway_error,new,0,6522.08,285,4,541,5,0,0.645,0,0.0,smart_retry,66
TXN100510,CUST11551,480.22,net_banking,card_declined,new,1,5703.6,72,0,54,5,0,0.49,0,0.0,smart_retry,55
TXN100511,CUST13641,663.77,debit_card,insufficient_funds,new,4,16508.54,191,0,1222,4,1,0.375,0,0.0,customer_outreach,70
TXN100512,CUST11228,2041.81,credit_card,card_declined,regular,2,52038.48,331,3,1687,6,1,0.345,0,0.0,smart_retry,72
TXN100513,CUST11506,478.37,upi,card_declined,premium,2,4170.65,237,0,374,3,4,0.645,0,0.0,customer_outreach,65
TXN100514,CUST19402,1422.47,net_banking,network_error,regular,1,9521.64,16,3,1429,4,0,0.605,1,1422.47,smart_retry,67
TXN100515,CUST16990,1667.82,debit_card,expired_card,regular,1,8023.01,96,2,603,4,1,0.52,1,1667.82,alternative_payment,63
TXN100516,CUST17307,718.59,debit_card,card_declined,regular,0,13204.32,316,1,1355,1,0,0.395,1,718.59,customer_outreach,54
TXN100517,CUST18173,1208.63,net_banking,authentication_failed,regular,2,8762.72,45,2,814,8,0,0.42,0,0.0,customer_outreach,68
TXN100518,CUST12248,755.09,net_banking,insufficient_funds,regular,0,12445.71,270,1,1321,3,4,0.505,1,755.09,payment_plan,54
TXN100519,CUST16266,1842.24,upi,gateway_error,regular,2,3161.06,249,2,1899,5,1,0.65,1,1842.24,smart_retry,68
TXN100520,CUST19267,312.61,wallet,expired_card,regular,2,4724.74,93,0,683,3,2,0.575,1,312.61,alternative_payment,60
TXN100521,CUST19783,1341.35,debit_card,card_declined,new,0,2925.24,144,0,1686,5,0,0.525,1,1341.35,customer_outreach,50
TXN100522,CUST18674,1478.87,upi,authentication_failed,at_risk,0,9712.84,82,0,537,5,1,0.4,0,0.0,customer_outreach,50
TXN100523,CUST13951,945.56,upi,authentication_failed,new,1,25618.27,29,1,1209,4,2,0.515,0,0.0,customer_outreach,59
TXN100524,CUST16363,2330.63,upi,insufficient_funds,regular,1,5405.8,304,2,1681,4,1,0.37,0,0.0,customer_outreach,63
TXN100525,CUST19692,1324.95,credit_card,network_error,new,0,5401.29,291,4,321,3,1,0.64,1,1324.95,smart_retry,66
TXN100526,CUST19225,829.85,debit_card,gateway_error,regular,3,11301.26,90,3,107,4,0,0.535,0,0.0,smart_retry,77
TXN100527,CUST11478,653.53,credit_card,insufficient_funds,regular,2,9267.33,11,4,1008,8,1,0.315,0,0.0,payment_plan,76
TXN100528,CUST15435,809.65,wallet,insufficient_funds,new,0,2474.05,175,1,1911,2,1,0.445,0,0.0,customer_outreach,54
TXN100529,CUST10975,1480.0,credit_card,insufficient_funds,regular,1,10209.68,73,0,1763,2,0,0.395,1,1480.0,customer_outreach,55
TXN100530,CUST11188,460.21,upi,network_error,at_risk,1,14462.43,203,4,236,5,1,0.455,0,0.0,smart_retry,71
TXN100531,CUST15514,1703.07,upi,expired_card,premium,3,3416.46,81,3,1651,5,0,0.55,1,1703.07,alternative_payment,82
TXN100532,CUST17982,4059.86,upi,insufficient_funds,new,1,12705.63,288,4,1641,5,1,0.335,0,0.0,customer_outreach,71
TXN100533,CUST13657,918.68,wallet,insufficient_funds,regular,1,21741.53,353,2,290,4,0,0.345,1,918.68,payment_plan,63
TXN100534,CUST10029,578.31,wallet,gateway_error,new,2,5647.59,291,0,402,3,2,0.755,0,0.0,smart_retry,60
TXN100535,CUST19869,783.25,upi,authentication_failed,regular,2,9645.45,290,0,1948,2,0,0.41,0,0.0,customer_outreach,60
TXN100536,CUST18129,1295.32,debit_card,expired_card,new,1,21049.85,122,2,684,2,0,0.495,1,1295.32,alternative_payment,63
TXN100537,CUST12750,1455.06,credit_card,network_error,regular,1,6346.28,172,3,53,4,1,0.63,0,0.0,smart_retry,67
TXN100538,CUST14345,989.23,debit_card,insufficient_funds,regular,1,5488.55,180,2,1641,8,1,0.43,0,0.0,payment_plan,63
TXN100539,CUST10020,728.86,credit_card,gateway_error,regular,1,6411.8,215,1,1841,2,1,0.68,0,0.0,smart_retry,59
TXN100540,CUST16783,331.89,net_banking,gateway_error,regular,1,4222.68,193,0,1727,1,2,0.73,1,331.89,smart_retry,55
TXN100541,CUST17855,990.22,wallet,network_error,new,3,35693.67,116,1,954,4,1,0.67,1,990.22,smart_retry,69
TXN100542,CUST11207,845.57,credit_card,expired_card,premium,1,3554.2,134,0,181,3,0,0.71,0,0.0,alternative_payment,60
TXN100543,CUST15600,870.59,debit_card,gateway_error,regular,1,2864.9,39,4,1958,1,3,0.595,1,870.59,smart_retry,71
TXN100544,CUST11525,438.26,upi,authentication_failed,at_risk,2,15406.18,248,0,913,4,1,0.315,0,0.0,customer_outreach,60
TXN100545,CUST12703,1099.47,wallet,gateway_error,regular,0,13016.62,52,2,450,4,0,0.68,0,0.0,smart_retry,58
TXN100546,CUST13112,1940.73,net_banking,network_error,regular,0,4375.34,277,2,1382,5,0,0.695,1,1940.73,smart_retry,58
TXN100547,CUST14612,2001.96,upi,insufficient_funds,premium,2,7533.68,202,4,1155,2,0,0.35,0,0.0,customer_outreach,81
TXN100548,CUST12516,702.09,credit_card,expired_card,premium,0,4945.48,45,2,1717,2,0,0.65,0,0.0,alternative_payment,63
TXN100549,CUST19833,1056.72,net_banking,insufficient_funds,premium,2,20893.43,106,1,1337,2,1,0.495,1,1056.72,customer_outreach,69
TXN100550,CUST11342,1706.58,net_banking,card_declined,regular,0,7256.63,204,3,1031,3,1,0.37,1,1706.58,alternative_payment,62
TXN100551,CUST14341,438.44,credit_card,network_error,regular,0,19315.38,95,2,1843,4,2,0.73,0,0.0,smart_retry,58
TXN100552,CUST16249,1412.44,upi,insufficient_funds,regular,0,15693.46,135,3,982,3,1,0.35,1,1412.44,customer_outreach,62
TXN100553,CUST13706,199.85,upi,authentication_failed,premium,0,2885.87,357,0,205,7,2,0.755,1,199.85,customer_outreach,55
TXN100554,CUST15632,839.52,wallet,gateway_error,at_risk,2,18348.41,302,1,1163,2,1,0.495,1,839.52,smart_retry,64
TXN100555,CUST10999,1529.44,net_banking,authentication_failed,regular,0,13292.84,275,3,1202,6,1,0.445,0,0.0,customer_outreach,62
TXN100556,CUST13860,946.13,net_banking,expired_card,premium,4,7234.34,18,4,1199,2,2,0.48,0,0.0,alternative_payment,91
TXN100557,CUST18467,675.29,wallet,network_error,at_risk,0,4773.17,76,0,1974,5,0,0.625,1,675.29,smart_retry,50
TXN100558,CUST17357,1360.07,debit_card,insufficient_funds,at_risk,4,29571.13,99,1,117,2,0,0.1,0,0.0,customer_outreach,74
TXN100559,CUST11283,1670.31,net_banking,insufficient_funds,at_risk,1,2203.26,322,1,1738,6,1,0.29,1,1670.31,customer_outreach,59
TXN100560,CUST15238,2816.68,credit_card,card_declined,regular,0,4484.89,204,4,697,6,0,0.35,1,2816.68,customer_outreach,66
TXN100561,CUST18514,1420.61,net_banking,card_declined,new,4,6622.82,320,4,1100,2,1,0.205,0,0.0,human_escalation,86
TXN100562,CUST16874,580.01,credit_card,gateway_error,premium,1,1692.78,291,4,1223,5,0,0.69,0,0.0,smart_retry,76
TXN100563,CUST11641,721.39,credit_card,authentication_failed,new,1,905.68,147,4,1832,3,0,0.29,1,721.39,customer_outreach,71
TXN100564,CUST15633,671.82,net_banking,expired_card,regular,1,11005.2,249,4,1277,2,1,0.41,0,0.0,alternative_payment,71
TXN100565,CUST17750,1180.52,credit_card,insufficient_funds,regular,0,11698.26,74,4,1276,1,0,0.255,1,1180.52,customer_outreach,66
TXN100566,CUST10635,3142.83,net_banking,expired_card,regular,2,4941.68,26,3,1915,4,2,0.47,1,3142.83,alternative_payment,72
TXN100567,CUST14400,944.34,upi,card_declined,regular,1,17607.51,156,2,604,4,1,0.39,0,0.0,customer_outreach,63
TXN100568,CUST11609,1632.64,debit_card,insufficient_funds,regular,2,11141.99,227,2,581,5,1,0.35,0,0.0,customer_outreach,68
TXN100569,CUST19911,2608.95,credit_card,insufficient_funds,regular,0,12906.67,209,3,1585,6,2,0.42,1,2608.95,customer_outreach,62
TXN100570,CUST10920,2201.57,wallet,insufficient_funds,premium,0,18210.97,364,4,856,4,1,0.475,1,2201.57,payment_plan,71
TXN100571,CUST18589,1058.27,wallet,card_declined,regular,2,3874.1,103,0,540,5,2,0.475,0,0.0,smart_retry,60
TXN100572,CUST17478,2361.24,credit_card,expired_card,new,1,42447.41,141,2,1716,3,3,0.585,1,2361.24,alternative_payment,63
TXN100573,CUST17605,569.92,wallet,gateway_error,regular,1,8419.12,64,0,525,4,0,0.725,1,569.92,smart_retry,55
TXN100574,CUST16102,508.86,net_banking,authentication_failed,regular,2,8303.47,243,4,1159,5,3,0.37,1,508.86,customer_outreach,76
TXN100575,CUST15730,986.85,upi,insufficient_funds,new,1,7940.43,133,0,613,6,2,0.535,1,986.85,payment_plan,55
TXN100576,CUST16333,1913.86,credit_card,insufficient_funds,new,0,11141.57,110,1,1355,7,0,0.495,1,1913.86,payment_plan,54
TXN100577,CUST13387,381.68,upi,network_error,regular,0,6027.4,11,0,1000,1,1,0.74,1,381.68,smart_retry,50
TXN100578,CUST12167,890.63,debit_card,authentication_failed,new,1,1183.16,115,2,1275,2,2,0.405,0,0.0,customer_outreach,63
TXN100579,CUST15004,1598.11,upi,gateway_error,new,1,25074.87,179,3,546,2,1,0.63,1,1598.11,smart_retry,67
TXN100580,CUST13575,854.47,net_banking,expired_card,regular,0,9526.42,320,3,1227,3,1,0.5,0,0.0,alternative_payment,62
TXN100581,CUST11676,965.59,credit_card,authentication_failed,at_risk,0,3519.88,192,4,1355,4,1,0.225,1,965.59,customer_outreach,66
TXN100582,CUST19728,317.92,wallet,expired_card,regular,1,9956.95,56,3,160,3,1,0.465,0,0.0,alternative_payment,67
TXN100583,CUST15509,3742.41,upi,network_error,regular,0,7105.37,142,2,1373,3,1,0.69,0,0.0,smart_retry,58
TXN100584,CUST14895,1117.64,debit_card,insufficient_funds,regular,1,14162.87,124,0,1679,1,1,0.405,1,1117.64,customer_outreach,55
TXN100585,CUST15236,3099.44,debit_card,network_error,premium,1,4088.1,255,2,561,5,0,0.81,1,3099.44,smart_retry,68
TXN100586,CUST16857,484.53,net_banking,gateway_error,new,3,9272.52,299,4,1701,7,1,0.595,0,0.0,smart_retry,81
TXN100587,CUST13111,2246.42,upi,network_error,new,0,25682.21,352,4,1337,2,1,0.625,1,2246.42,smart_retry,66
TXN100588,CUST17794,1000.19,upi,authentication_failed,regular,0,4128.53,88,4,400,4,1,0.375,0,0.0,customer_outreach,66
TXN100589,CUST14813,1021.61,credit_card,gateway_error,premium,2,8329.01,133,4,1592,1,2,0.685,1,1021.61,smart_retry,81
TXN100590,CUST12999,1698.0,upi,network_error,premium,1,33408.46,182,1,1554,4,1,0.86,1,1698.0,smart_retry,64
TXN100591,CUST15031,1055.12,net_banking,expired_card,regular,1,23093.57,300,2,979,1,1,0.475,1,1055.12,alternative_payment,63
TXN100592,CUST11929,446.73,net_banking,card_declined,new,1,1922.59,299,4,1963,3,0,0.26,0,0.0,human_escalation,71
TXN100593,CUST11166,758.73,net_banking,insufficient_funds,regular,0,5014.77,349,3,1115,3,0,0.325,0,0.0,customer_outreach,62
TXN100594,CUST16768,453.06,credit_card,insufficient_funds,premium,2,21638.73,103,2,868,3,0,0.445,1,453.06,customer_outreach,73
TXN100595,CUST12346,419.39,upi,network_error,regular,0,30878.42,42,3,711,4,1,0.665,0,0.0,smart_retry,62
TXN100596,CUST12897,2377.32,upi,network_error,premium,1,28501.85,232,2,458,2,1,0.79,1,2377.32,smart_retry,68
TXN100597,CUST12762,300.85,wallet,insufficient_funds,regular,0,4722.52,46,1,1288,6,1,0.475,0,0.0,customer_outreach,54
TXN100598,CUST17035,1841.99,net_banking,gateway_error,at_risk,1,1810.3,197,0,107,2,1,0.53,0,0.0,smart_retry,55
TXN100599,CUST18745,1666.83,debit_card,network_error,regular,1,8652.39,8,2,1580,4,0,0.645,1,1666.83,smart_retry,63
TXN100600,CUST18700,758.76,debit_card,card_declined,regular,0,15941.35,321,1,493,2,1,0.435,1,758.76,alternative_payment,54
TXN100601,CUST15641,2434.68,upi,insufficient_funds,premium,2,2288.19,258,4,656,2,0,0.35,0,0.0,payment_plan,81
TXN100602,CUST11069,1510.77,credit_card,expired_card,at_risk,1,15786.06,234,4,1251,3,2,0.3,0,0.0,alternative_payment,71
TXN100603,CUST18587,688.3,upi,gateway_error,new,3,15485.75,69,2,1876,4,1,0.63,0,0.0,smart_retry,73
TXN100604,CUST18031,1906.89,upi,insufficient_funds,regular,0,21570.56,207,0,497,4,1,0.485,0,0.0,payment_plan,50
TXN100605,CUST12149,514.34,debit_card,network_error,premium,1,9063.51,259,1,282,6,0,0.865,1,514.34,smart_retry,64
TXN100606,CUST16006,4001.36,credit_card,gateway_error,new,2,11095.9,131,4,1306,1,3,0.59,0,0.0,smart_retry,76
TXN100607,CUST10796,573.12,wallet,card_declined,regular,2,12271.5,335,0,128,4,0,0.41,0,0.0,alternative_payment,60
TXN100608,CUST11897,954.13,net_banking,gateway_error,regular,0,15830.97,281,2,1001,7,1,0.75,1,954.13,smart_retry,58
TXN100609,CUST12508,996.48,debit_card,network_error,regular,3,17520.74,5,2,891,3,0,0.56,0,0.0,smart_retry,73
TXN100610,CUST11654,305.63,wallet,expired_card,regular,1,5066.0,359,1,887,3,0,0.52,0,0.0,alternative_payment,59
TXN100611,CUST11718,1868.99,wallet,network_error,regular,2,15581.58,145,0,1637,2,2,0.71,1,1868.99,smart_retry,60
TXN100612,CUST11741,2684.28,net_banking,insufficient_funds,regular,1,18325.14,135,4,443,8,0,0.325,1,2684.28,customer_outreach,71
TXN100613,CUST16713,4957.48,upi,insufficient_funds,premium,1,13131.67,255,1,1439,5,1,0.575,0,0.0,customer_outreach,64
TXN100614,CUST15416,1236.74,debit_card,card_declined,premium,1,11640.03,46,0,1740,5,0,0.61,1,1236.74,customer_outreach,60
TXN100615,CUST19406,3000.74,net_banking,insufficient_funds,at_risk,2,10468.99,262,0,1511,3,1,0.25,1,3000.74,payment_plan,60
TXN100616,CUST14192,1302.14,debit_card,gateway_error,at_risk,2,7845.79,152,2,980,3,2,0.495,1,1302.14,smart_retry,68
TXN100617,CUST10820,1735.5,credit_card,insufficient_funds,new,0,9724.39,149,2,1671,3,1,0.42,0,0.0,customer_outreach,58
TXN100618,CUST16979,511.52,credit_card,card_declined,new,1,10763.32,24,0,1774,3,1,0.485,1,511.52,smart_retry,55
TXN100619,CUST12793,1569.92,upi,expired_card,new,1,6153.16,319,2,1829,3,2,0.56,1,1569.92,alternative_payment,63
TXN100620,CUST11522,1334.45,upi,expired_card,regular,2,5229.52,206,3,2000,2,0,0.39,1,1334.45,alternative_payment,72
TXN100621,CUST17479,1128.32,upi,gateway_error,regular,1,17407.25,245,3,1358,1,2,0.61,0,0.0,smart_retry,67
TXN100622,CUST12732,1142.95,credit_card,insufficient_funds,regular,1,6018.4,31,1,242,3,1,0.395,0,0.0,customer_outreach,59
TXN100623,CUST19678,687.94,net_banking,authentication_failed,regular,0,6150.76,93,4,807,3,0,0.335,0,0.0,customer_outreach,66
TXN100624,CUST15875,989.25,wallet,card_declined,new,0,3887.75,67,3,1914,6,1,0.445,0,0.0,customer_outreach,62
TXN100625,CUST11850,1741.1,net_banking,gateway_error,premium,0,1740.88,134,2,55,2,1,0.785,1,1741.1,smart_retry,63
TXN100626,CUST18598,3085.32,wallet,network_error,regular,2,16340.0,343,2,1093,2,3,0.655,1,3085.32,smart_retry,68
TXN100627,CUST18570,2075.38,wallet,card_declined,regular,0,13842.97,128,3,738,4,0,0.36,0,0.0,alternative_payment,62
TXN100628,CUST16305,420.31,debit_card,authentication_failed,new,1,18361.48,314,0,53,2,1,0.5,1,420.31,customer_outreach,55
TXN100629,CUST12571,1161.37,wallet,gateway_error,new,2,17661.18,85,0,1568,2,1,0.715,0,0.0,smart_retry,60
TXN100630,CUST18055,804.52,upi,insufficient_funds,regular,1,2853.58,143,0,1068,4,2,0.475,0,0.0,payment_plan,55
TXN100631,CUST19019,1243.21,net_banking,gateway_error,new,0,17530.22,41,3,939,2,1,0.665,0,0.0,smart_retry,62
TXN100632,CUST19388,972.99,net_banking,card_declined,new,2,1107.37,229,2,273,1,0,0.275,0,0.0,human_escalation,68
TXN100633,CUST18148,3458.42,credit_card,card_declined,regular,1,3458.55,19,4,1154,3,2,0.32,1,3458.42,smart_retry,71
TXN100634,CUST11489,1522.92,wallet,authentication_failed,regular,1,24961.66,261,4,453,3,1,0.325,0,0.0,customer_outreach,71
TXN100635,CUST17474,571.21,upi,expired_card,new,3,6216.23,115,3,709,3,2,0.45,1,571.21,alternative_payment,77
TXN100636,CUST19177,866.51,wallet,authentication_failed,regular,0,14668.5,337,2,1496,2,0,0.4,0,0.0,customer_outreach,58
TXN100637,CUST17414,1981.56,credit_card,card_declined,new,2,6996.59,114,0,729,7,0,0.485,1,1981.56,customer_outreach,60
TXN100638,CUST14783,891.49,wallet,authentication_failed,regular,2,2527.81,55,0,1866,5,0,0.455,0,0.0,customer_outreach,60
TXN100639,CUST12689,949.52,net_banking,insufficient_funds,new,1,2558.6,210,0,550,5,1,0.495,1,949.52,payment_plan,55
TXN100640,CUST13072,4221.54,credit_card,gateway_error,regular,0,4319.77,98,2,250,9,0,0.755,1,4221.54,smart_retry,58
TXN100641,CUST16790,783.72,credit_card,network_error,new,2,13296.1,302,0,1611,2,1,0.715,1,783.72,smart_retry,60
TXN100642,CUST17381,844.48,net_banking,network_error,regular,2,17048.07,259,1,1051,2,0,0.62,0,0.0,smart_retry,64
TXN100643,CUST10071,2064.59,wallet,network_error,premium,1,13347.93,222,4,1019,4,1,0.74,0,0.0,smart_retry,76
TXN100644,CUST18328,1087.17,debit_card,network_error,regular,1,6160.02,66,0,823,6,1,0.78,1,1087.17,smart_retry,55
TXN100645,CUST19839,302.92,wallet,expired_card,regular,0,7197.18,197,3,1277,2,3,0.535,0,0.0,alternative_payment,62
TXN100646,CUST14067,980.84,upi,gateway_error,at_risk,3,19512.06,151,3,1678,1,1,0.365,1,980.84,smart_retry,77
TXN100647,CUST12185,481.31,debit_card,gateway_error,regular,2,11509.57,263,2,1756,5,1,0.65,1,481.31,smart_retry,68
TXN100648,CUST18975,333.01,upi,network_error,new,1,9980.39,284,1,441,2,0,0.685,0,0.0,smart_retry,59
TXN100649,CUST13435,864.64,wallet,network_error,regular,3,12129.75,177,1,1484,2,2,0.635,1,864.64,smart_retry,69
TXN100650,CUST12913,2054.79,wallet,authentication_failed,regular,2,24001.21,166,0,1588,4,1,0.465,1,2054.79,customer_outreach,60
TXN100651,CUST15771,766.72,wallet,gateway_error,regular,1,12182.45,342,3,1410,4,1,0.63,1,766.72,smart_retry,67
TXN100652,CUST18747,1197.36,upi,gateway_error,new,1,6241.73,268,0,81,5,0,0.77,1,1197.36,smart_retry,55
TXN100653,CUST16240,666.52,debit_card,card_declined,regular,0,5602.6,103,2,1566,6,1,0.455,1,666.52,smart_retry,58
TXN100654,CUST14695,1637.77,upi,insufficient_funds,new,0,2110.11,354,2,447,4,0,0.41,0,0.0,payment_plan,58
TXN100655,CUST15876,993.14,net_banking,card_declined,regular,0,6143.9,346,4,1801,2,1,0.315,0,0.0,smart_retry,66
TXN100656,CUST19195,333.86,net_banking,insufficient_funds,regular,0,13263.53,357,2,1449,3,1,0.39,0,0.0,payment_plan,58
TXN100657,CUST16251,616.51,net_banking,gateway_error,at_risk,2,6210.13,351,2,1160,4,2,0.51,1,616.51,smart_retry,68
TXN100658,CUST10881,2096.92,credit_card,network_error,regular,0,20858.4,318,3,1729,4,4,0.74,1,2096.92,smart_retry,62
TXN100659,CUST13695,2191.84,upi,authentication_failed,regular,0,6591.68,309,1,1619,4,1,0.495,1,2191.84,customer_outreach,54
TXN100660,CUST13170,2561.92,upi,gateway_error,regular,1,2290.2,350,0,412,1,1,0.705,0,0.0,smart_retry,55
TXN100661,CUST12847,189.2,wallet,card_declined,regular,1,10630.52,220,2,1169,7,0,0.41,0,0.0,customer_outreach,63
TXN100662,CUST12131,1597.67,debit_card,authentication_failed,new,2,11708.07,3,2,985,5,0,0.405,0,0.0,customer_outreach,68
TXN100663,CUST12536,609.39,credit_card,insufficient_funds,at_risk,1,1922.28,306,0,1614,1,1,0.215,0,0.0,customer_outreach,55
TXN100664,CUST18037,1414.15,wallet,authentication_failed,regular,2,12905.71,363,2,1106,3,1,0.37,1,1414.15,customer_outreach,68
TXN100665,CUST13603,1022.2,debit_card,authentication_failed,premium,3,19725.76,259,1,881,8,2,0.625,0,0.0,customer_outreach,74
TXN100666,CUST18897,1071.87,wallet,gateway_error,premium,2,5384.83,114,1,1388,4,1,0.825,1,1071.87,smart_retry,69
TXN100667,CUST15437,909.47,upi,expired_card,regular,0,9857.92,317,4,1002,6,0,0.48,0,0.0,alternative_payment,66
TXN100668,CUST19196,2850.81,credit_card,card_declined,regular,1,4925.51,229,1,1882,3,1,0.415,1,2850.81,alternative_payment,59
TXN100669,CUST13994,819.8,credit_card,network_error,new,2,13650.17,196,0,820,3,4,0.805,1,819.8,smart_retry,60
TXN100670,CUST14203,1805.99,wallet,network_error,regular,2,8091.98,265,2,1083,1,0,0.565,1,1805.99,smart_retry,68
TXN100671,CUST18335,605.49,net_banking,gateway_error,premium,2,1475.18,334,1,686,1,2,0.765,1,605.49,smart_retry,69
TXN100672,CUST18419,395.72,credit_card,card_declined,regular,0,11681.6,276,4,45,0,0,0.26,0,0.0,human_escalation,66
TXN100673,CUST11072,668.99,debit_card,network_error,regular,0,5914.2,110,3,1741,4,1,0.665,1,668.99,smart_retry,62
TXN100674,CUST11702,392.78,debit_card,authentication_failed,new,0,5049.07,223,0,1559,5,0,0.555,0,0.0,customer_outreach,50
TXN100675,CUST12519,673.76,credit_card,gateway_error,new,2,10617.01,20,0,180,4,2,0.77,0,0.0,smart_retry,60
TXN100676,CUST10889,1923.23,debit_card,expired_card,regular,0,928.87,295,1,1895,0,0,0.47,0,0.0,alternative_payment,54
TXN100677,CUST14237,485.52,net_banking,gateway_error,regular,2,6822.87,208,3,677,3,0,0.555,0,0.0,smart_retry,72
TXN100678,CUST10276,1215.03,net_banking,network_error,premium,1,10375.53,4,4,159,3,0,0.7,1,1215.03,smart_retry,76
TXN100679,CUST19594,486.53,credit_card,network_error,new,1,9591.69,184,4,247,3,1,0.605,1,486.53,smart_retry,71
TXN100680,CUST14748,939.57,upi,authentication_failed,premium,0,11768.07,225,3,839,7,2,0.635,1,939.57,customer_outreach,67
TXN100681,CUST10504,2418.01,net_banking,insufficient_funds,regular,0,1195.01,70,3,1661,5,2,0.365,0,0.0,customer_outreach,62
TXN100682,CUST12360,2167.78,upi,network_error,new,3,7594.25,332,2,1990,5,1,0.645,0,0.0,smart_retry,73
TXN100683,CUST10182,359.18,wallet,authentication_failed,premium,1,2290.46,22,0,1202,7,3,0.745,1,359.18,customer_outreach,60
TXN100684,CUST19775,395.76,net_banking,authentication_failed,regular,0,2455.36,44,2,460,2,1,0.425,0,0.0,customer_outreach,58
TXN100685,CUST15633,1033.05,debit_card,gateway_error,at_risk,2,7043.56,263,1,359,7,1,0.57,0,0.0,smart_retry,64
TXN100686,CUST13014,3335.61,debit_card,authentication_failed,new,1,58607.2,100,0,401,5,1,0.545,1,3335.61,customer_outreach,55
TXN100687,CUST19294,1933.14,credit_card,authentication_failed,regular,3,10501.04,282,0,625,4,0,0.405,1,1933.14,customer_outreach,65
TXN100688,CUST11103,1104.24,upi,card_declined,regular,1,2782.76,298,3,1978,6,0,0.355,0,0.0,customer_outreach,67
TXN100689,CUST15851,1955.77,debit_card,network_error,regular,2,4985.01,52,2,1298,4,1,0.635,1,1955.77,smart_retry,68
TXN100690,CUST11143,1297.81,debit_card,expired_card,regular,0,5498.7,169,4,1380,3,1,0.46,0,0.0,alternative_payment,66
TXN100691,CUST15008,808.41,wallet,insufficient_funds,regular,2,5865.19,187,2,1993,1,1,0.29,0,0.0,customer_outreach,68
TXN100692,CUST12762,765.16,credit_card,expired_card,regular,2,4552.41,114,3,596,2,0,0.39,0,0.0,alternative_payment,72
TXN100693,CUST15889,1327.0,debit_card,network_error,new,0,34919.4,246,3,942,0,1,0.635,1,1327.0,smart_retry,62
TXN100694,CUST15877,2004.72,upi,gateway_error,regular,1,1965.72,90,4,197,2,1,0.52,1,2004.72,smart_retry,71
TXN100695,CUST14597,5360.4,debit_card,authentication_failed,regular,2,11495.39,321,0,1519,5,2,0.505,1,5360.4,customer_outreach,60
TXN100696,CUST11235,1905.73,credit_card,authentication_failed,regular,0,13319.76,298,4,859,8,1,0.435,0,0.0,customer_outreach,66
TXN100697,CUST19667,1430.66,debit_card,card_declined,regular,1,13812.13,279,4,996,2,1,0.28,0,0.0,human_escalation,71
TXN100698,CUST12435,1238.36,upi,gateway_error,regular,1,7821.11,302,2,304,3,1,0.655,1,1238.36,smart_retry,63
TXN100699,CUST17613,505.32,wallet,authentication_failed,premium,0,8208.26,187,4,51,1,1,0.48,0,0.0,customer_outreach,71
TXN100700,CUST13913,839.27,wallet,network_error,regular,1,12495.89,264,1,943,1,1,0.665,0,0.0,smart_retry,59
TXN100701,CUST12608,1443.15,debit_card,authentication_failed,at_risk,1,5580.59,338,1,1537,2,0,0.255,0,0.0,customer_outreach,59
TXN100702,CUST17921,1611.86,upi,card_declined,regular,0,7377.63,250,1,158,4,1,0.465,1,1611.86,customer_outreach,54
TXN100703,CUST16052,540.52,debit_card,card_declined,regular,2,62843.47,266,2,824,3,1,0.34,0,0.0,customer_outreach,68
TXN100704,CUST17448,1111.77,credit_card,card_declined,at_risk,0,3278.52,166,0,1471,7,1,0.4,0,0.0,alternative_payment,50
TXN100705,CUST14480,829.43,upi,authentication_failed,regular,1,2861.53,90,3,1368,6,1,0.41,0,0.0,customer_outreach,67
TXN100706,CUST16201,863.45,upi,authentication_failed,regular,1,14214.63,40,4,545,3,2,0.35,0,0.0,customer_outreach,71
TXN100707,CUST16165,6207.34,debit_card,authentication_failed,regular,1,8758.02,177,3,1653,4,3,0.43,0,0.0,customer_outreach,67
TXN100708,CUST17898,1055.76,wallet,card_declined,regular,0,15695.4,72,3,369,3,0,0.345,0,0.0,smart_retry,62
TXN100709,CUST11263,1179.14,wallet,network_error,regular,3,54029.36,77,1,352,6,1,0.67,0,0.0,smart_retry,69
TXN100710,CUST15934,527.44,wallet,network_error,new,0,2465.41,339,1,879,2,0,0.72,0,0.0,smart_retry,54
TXN100711,CUST15410,2261.15,credit_card,gateway_error,regular,1,17177.01,246,1,1239,4,0,0.685,1,2261.15,smart_retry,59
TXN100712,CUST12641,1826.89,net_banking,card_declined,regular,0,1954.43,66,4,1243,9,4,0.455,0,0.0,smart_retry,66
TXN100713,CUST12207,4715.21,wallet,card_declined,new,2,915.28,76,0,370,2,1,0.395,0,0.0,customer_outreach,60
TXN100714,CUST12949,516.97,wallet,gateway_error,regular,0,10488.18,289,0,1829,3,2,0.795,1,516.97,smart_retry,50
TXN100715,CUST14644,936.36,credit_card,insufficient_funds,regular,1,16172.98,242,3,379,7,1,0.375,1,936.36,payment_plan,67
TXN100716,CUST16730,1105.34,wallet,insufficient_funds,new,1,7522.85,94,4,1380,6,0,0.325,0,0.0,customer_outreach,71
TXN100717,CUST12747,2078.97,upi,gateway_error,regular,2,32319.68,36,1,804,3,1,0.66,1,2078.97,smart_retry,64
TXN100718,CUST16315,1937.08,debit_card,card_declined,premium,1,23709.19,268,4,1431,3,1,0.445,1,1937.08,customer_outreach,76
TXN100719,CUST16877,1370.46,debit_card,authentication_failed,premium,0,21911.68,244,4,1258,3,1,0.51,0,0.0,customer_outreach,71
TXN100720,CUST10639,1135.11,wallet,authentication_failed,new,2,16191.34,48,3,1380,4,0,0.35,0,0.0,customer_outreach,72
TXN100721,CUST12135,950.5,wallet,authentication_failed,new,0,7317.87,348,3,1099,3,2,0.455,0,0.0,customer_outreach,62
TXN100722,CUST16892,2236.69,upi,card_declined,regular,0,1619.06,220,1,1951,6,1,0.455,1,2236.69,customer_outreach,54
TXN100723,CUST16246,635.03,upi,authentication_failed,new,0,14041.76,357,4,230,4,1,0.405,1,635.03,customer_outreach,66
TXN100724,CUST16971,2614.03,debit_card,expired_card,regular,1,8570.41,120,0,610,5,0,0.59,0,0.0,alternative_payment,55
TXN100725,CUST19802,1432.45,wallet,gateway_error,regular,1,12355.16,3,0,1213,3,0,0.71,0,0.0,smart_retry,55
TXN100726,CUST18561,808.27,credit_card,authentication_failed,premium,1,27592.91,336,1,1438,6,0,0.615,0,0.0,customer_outreach,64
TXN100727,CUST15175,629.28,net_banking,expired_card,premium,2,5869.63,219,4,549,3,1,0.54,0,0.0,alternative_payment,81
TXN100728,CUST14281,800.81,wallet,gateway_error,regular,2,6651.65,314,2,1423,4,0,0.61,0,0.0,smart_retry,68
TXN100729,CUST16511,1762.26,debit_card,gateway_error,regular,2,3847.58,286,3,396,8,2,0.68,0,0.0,smart_retry,72
TXN100730,CUST16065,3477.5,wallet,authentication_failed,regular,2,2481.56,158,4,735,6,1,0.335,0,0.0,customer_outreach,76
TXN100731,CUST16522,3397.46,debit_card,network_error,premium,1,8675.23,118,3,1633,5,1,0.795,1,3397.46,smart_retry,72
TXN100732,CUST12650,1217.34,credit_card,insufficient_funds,regular,1,13763.98,174,4,1287,8,0,0.325,0,0.0,payment_plan,71
TXN100733,CUST12633,970.42,net_banking,network_error,premium,0,6111.04,47,1,995,3,1,0.88,1,970.42,smart_retry,59
TXN100734,CUST19834,2377.3,net_banking,card_declined,premium,2,18582.38,114,2,193,3,3,0.54,0,0.0,customer_outreach,73
TXN100735,CUST19978,1157.95,credit_card,network_error,regular,2,9628.47,206,4,1373,4,2,0.58,0,0.0,smart_retry,76
TXN100736,CUST18536,887.86,upi,network_error,at_risk,1,7682.89,30,1,1341,3,1,0.545,1,887.86,smart_retry,59
TXN100737,CUST18099,1974.81,net_banking,card_declined,regular,1,6763.9,337,4,615,4,0,0.285,0,0.0,human_escalation,71
TXN100738,CUST13190,1090.26,credit_card,authentication_failed,regular,1,3797.34,358,1,1289,7,0,0.48,0,0.0,customer_outreach,59
TXN100739,CUST12776,463.32,credit_card,expired_card,regular,1,14229.96,1,1,207,2,1,0.53,1,463.32,alternative_payment,59
TXN100740,CUST14520,3970.06,net_banking,expired_card,regular,2,8591.76,208,4,440,2,0,0.35,0,0.0,alternative_payment,76
TXN100741,CUST18482,4256.25,credit_card,network_error,new,1,10128.72,47,4,612,3,0,0.58,1,4256.25,smart_retry,71
TXN100742,CUST19160,1160.97,wallet,expired_card,regular,0,9323.64,142,1,1271,6,1,0.625,1,1160.97,alternative_payment,54
TXN100743,CUST13187,1283.28,net_banking,gateway_error,regular,1,10312.64,134,1,863,5,0,0.7,0,0.0,smart_retry,59
TXN100744,CUST18294,817.83,credit_card,authentication_failed,premium,0,3589.15,151,2,1969,4,1,0.605,0,0.0,customer_outreach,63
TXN100745,CUST11917,620.39,wallet,expired_card,new,2,13964.51,295,2,1451,4,3,0.565,0,0.0,alternative_payment,68
TXN100746,CUST17254,475.42,net_banking,authentication_failed,regular,2,5407.86,125,2,1998,5,4,0.475,0,0.0,customer_outreach,68
TXN100747,CUST17517,1900.37,net_banking,authentication_failed,new,0,6162.78,247,0,558,3,2,0.575,0,0.0,customer_outreach,50
TXN100748,CUST11106,468.69,net_banking,network_error,new,0,6148.21,113,1,1668,6,0,0.78,0,0.0,smart_retry,54
TXN100749,CUST15172,1021.05,net_banking,expired_card,regular,1,6993.46,5,2,538,2,0,0.465,1,1021.05,alternative_payment,63
TXN100750,CUST14706,1651.79,credit_card,gateway_error,regular,2,1348.14,176,0,1165,6,0,0.68,1,1651.79,smart_retry,60
TXN100751,CUST12924,612.27,net_banking,expired_card,regular,0,716.98,294,2,404,4,1,0.515,0,0.0,alternative_payment,58
TXN100752,CUST13115,1125.31,net_banking,network_error,regular,0,2595.93,124,2,453,4,1,0.705,1,1125.31,smart_retry,58
TXN100753,CUST13755,1853.29,debit_card,insufficient_funds,new,2,8321.3,183,1,1625,7,1,0.45,0,0.0,payment_plan,64
TXN100754,CUST11964,2166.51,credit_card,network_error,at_risk,0,3802.53,253,4,43,0,1,0.415,0,0.0,smart_retry,66
TXN100755,CUST18871,734.43,credit_card,gateway_error,regular,1,2756.19,162,3,1869,6,0,0.635,0,0.0,smart_retry,67
TXN100756,CUST19412,700.66,upi,gateway_error,regular,2,2639.23,262,2,844,1,1,0.59,0,0.0,smart_retry,68
TXN100757,CUST13638,1115.74,wallet,insufficient_funds,premium,1,16562.12,217,3,1954,8,0,0.515,1,1115.74,payment_plan,72
TXN100758,CUST18232,2437.57,upi,gateway_error,new,2,11717.78,90,3,276,2,1,0.595,1,2437.57,smart_retry,72
TXN100759,CUST18490,1509.81,net_banking,expired_card,regular,1,3434.26,7,1,807,6,1,0.59,1,1509.81,alternative_payment,59
TXN100760,CUST19519,405.3,credit_card,expired_card,regular,0,15222.01,133,1,1153,3,1,0.58,1,405.3,alternative_payment,54
TXN100761,CUST14306,1280.5,debit_card,expired_card,regular,1,33789.52,314,2,779,4,1,0.52,0,0.0,alternative_payment,63
TXN100762,CUST13013,971.75,net_banking,gateway_error,regular,2,12980.71,359,2,777,2,1,0.605,1,971.75,smart_retry,68
TXN100763,CUST16563,828.45,upi,gateway_error,regular,1,1486.13,68,4,1434,1,2,0.53,0,0.0,smart_retry,71
TXN100764,CUST13744,1838.49,credit_card,network_error,regular,2,23844.48,121,4,915,4,2,0.58,1,1838.49,smart_retry,76
TXN100765,CUST16240,1911.95,debit_card,insufficient_funds,new,2,10010.92,77,3,1680,1,0,0.255,0,0.0,payment_plan,72
TXN100766,CUST12893,2471.76,net_banking,gateway_error,premium,1,3839.11,323,4,1123,3,0,0.7,0,0.0,smart_retry,76
TXN100767,CUST15172,785.71,net_banking,expired_card,regular,1,11978.76,291,0,845,4,0,0.575,1,785.71,alternative_payment,55
TXN100768,CUST11621,270.59,debit_card,card_declined,regular,0,7905.95,131,3,1748,1,1,0.34,0,0.0,alternative_payment,62
TXN100769,CUST11577,2375.58,net_banking,network_error,regular,2,13818.95,185,2,1177,4,5,0.71,1,2375.58,smart_retry,68
TXN100770,CUST19133,979.13,upi,expired_card,premium,1,4714.08,63,2,1806,3,1,0.655,0,0.0,alternative_payment,68
TXN100771,CUST19921,1337.67,debit_card,authentication_failed,regular,0,4514.26,333,4,387,2,1,0.345,0,0.0,customer_outreach,66
TXN100772,CUST14663,292.97,upi,expired_card,regular,0,8180.76,250,3,1851,5,0,0.505,1,292.97,alternative_payment,62
TXN100773,CUST11284,650.65,net_banking,authentication_failed,regular,1,4512.08,324,1,1808,5,0,0.45,0,0.0,customer_outreach,59
TXN100774,CUST12745,2202.62,upi,gateway_error,regular,0,4094.01,293,3,1768,5,0,0.655,1,2202.62,smart_retry,62
TXN100775,CUST11168,1623.61,credit_card,insufficient_funds,regular,0,8832.55,161,2,1367,3,0,0.365,1,1623.61,customer_outreach,58
TXN100776,CUST14382,324.58,wallet,network_error,regular,0,41588.76,228,2,1561,5,1,0.72,1,324.58,smart_retry,58
TXN100777,CUST19616,1796.98,wallet,gateway_error,regular,3,4139.7,95,0,286,4,1,0.68,1,1796.98,smart_retry,65
TXN100778,CUST13844,1362.82,upi,network_error,new,0,6425.4,41,1,371,3,0,0.735,1,1362.82,smart_retry,54
TXN100779,CUST16505,2018.22,credit_card,card_declined,premium,2,14871.86,243,4,140,4,0,0.4,0,0.0,customer_outreach,81
TXN100780,CUST10431,961.63,net_banking,authentication_failed,new,3,30400.04,43,0,567,1,1,0.415,0,0.0,customer_outreach,65
TXN100781,CUST12544,1464.37,credit_card,network_error,at_risk,0,16003.7,200,2,499,3,1,0.54,1,1464.37,smart_retry,58
TXN100782,CUST14053,3054.34,upi,gateway_error,regular,0,7799.08,68,4,1747,3,2,0.635,0,0.0,smart_retry,66
TXN100783,CUST12795,1595.87,credit_card,card_declined,regular,2,3031.42,167,3,986,4,1,0.315,1,1595.87,alternative_payment,72
TXN100784,CUST14463,3178.57,wallet,gateway_error,premium,1,2578.38,358,4,392,5,1,0.755,1,3178.57,smart_retry,76
TXN100785,CUST19680,876.53,wallet,gateway_error,regular,0,8183.64,326,4,920,7,0,0.645,0,0.0,smart_retry,66
TXN100786,CUST18576,2758.31,wallet,expired_card,at_risk,3,10246.4,247,4,495,4,2,0.245,0,0.0,alternative_payment,81
TXN100787,CUST11467,2553.35,net_banking,expired_card,regular,2,2640.64,134,1,651,8,1,0.585,1,2553.35,alternative_payment,64
TXN100788,CUST10172,907.97,credit_card,authentication_failed,new,4,11560.12,70,2,617,4,1,0.345,0,0.0,customer_outreach,78
TXN100789,CUST17687,2202.75,wallet,card_declined,regular,1,9651.7,252,3,643,4,3,0.4,0,0.0,smart_retry,67
TXN100790,CUST17052,767.4,upi,authentication_failed,regular,1,4153.36,4,4,795,2,0,0.285,0,0.0,customer_outreach,71
TXN100791,CUST13089,1448.34,net_banking,authentication_failed,regular,1,32159.39,128,1,1494,3,2,0.47,0,0.0,customer_outreach,59
TXN100792,CUST16385,819.22,net_banking,insufficient_funds,regular,3,9773.28,217,1,1088,3,0,0.3,0,0.0,customer_outreach,69
TXN100793,CUST14664,1241.69,wallet,expired_card,regular,3,3229.99,36,1,309,1,0,0.42,1,1241.69,alternative_payment,69
TXN100794,CUST14744,1263.34,credit_card,network_error,regular,2,4189.26,232,2,1464,1,1,0.59,0,0.0,smart_retry,68
TXN100795,CUST18060,3088.46,debit_card,expired_card,premium,1,26164.75,26,4,75,6,0,0.595,1,3088.46,alternative_payment,76
TXN100796,CUST13046,1049.02,credit_card,expired_card,regular,4,3692.32,225,0,506,0,1,0.435,0,0.0,alternative_payment,70
TXN100797,CUST11477,500.74,debit_card,card_declined,regular,1,3988.71,176,3,668,4,0,0.325,1,500.74,customer_outreach,67
TXN100798,CUST16084,1801.25,net_banking,network_error,new,0,20730.28,170,0,1757,6,0,0.82,1,1801.25,smart_retry,50
TXN100799,CUST12393,1035.05,credit_card,expired_card,new,0,4670.5,37,4,992,6,3,0.585,1,1035.05,alternative_payment,66
TXN100800,CUST12975,311.68,debit_card,expired_card,new,2,5222.19,7,0,1603,6,0,0.6,0,0.0,alternative_payment,60
TXN100801,CUST14078,2260.21,net_banking,gateway_error,regular,0,7654.92,18,1,973,8,0,0.78,1,2260.21,smart_retry,54
TXN100802,CUST11539,917.34,wallet,network_error,at_risk,0,5620.78,243,3,1425,2,1,0.485,1,917.34,smart_retry,62
TXN100803,CUST15113,1333.4,upi,insufficient_funds,regular,1,14974.02,22,4,1096,8,1,0.35,0,0.0,payment_plan,71
TXN100804,CUST14150,2967.17,net_banking,network_error,regular,1,10611.25,185,0,1798,0,3,0.74,0,0.0,smart_retry,55
TXN100805,CUST13568,1717.57,credit_card,insufficient_funds,regular,1,1100.41,167,0,372,4,1,0.41,0,0.0,customer_outreach,55
TXN100806,CUST19579,2577.6,credit_card,gateway_error,new,4,19789.51,5,0,1220,4,1,0.675,0,0.0,smart_retry,70
TXN100807,CUST17786,2640.77,wallet,insufficient_funds,regular,2,43456.95,46,1,352,5,0,0.365,0,0.0,customer_outreach,64
TXN100808,CUST11497,1328.59,wallet,expired_card,at_risk,1,10403.63,321,0,152,4,1,0.45,1,1328.59,alternative_payment,55
TXN100809,CUST15824,682.88,debit_card,network_error,regular,1,4116.63,55,1,1029,2,1,0.68,1,682.88,smart_retry,59
TXN100810,CUST13812,652.59,upi,authentication_failed,new,1,9674.55,178,3,1531,3,2,0.42,1,652.59,customer_outreach,67
TXN100811,CUST13161,1630.81,credit_card,network_error,regular,1,2822.18,69,2,1870,0,0,0.585,0,0.0,smart_retry,63
TXN100812,CUST10646,3211.18,net_banking,network_error,regular,0,42711.44,151,4,1457,8,1,0.685,1,3211.18,smart_retry,66
TXN100813,CUST18029,429.7,debit_card,authentication_failed,regular,0,5692.55,179,2,1529,7,1,0.5,1,429.7,customer_outreach,58
TXN100814,CUST17674,2480.58,upi,authentication_failed,at_risk,0,851.25,284,1,171,3,1,0.29,0,0.0,customer_outreach,54
TXN100815,CUST18702,1986.78,debit_card,gateway_error,regular,1,20502.9,135,4,781,5,0,0.58,0,0.0,smart_retry,71
TXN100816,CUST17439,925.86,credit_card,network_error,regular,3,10899.57,95,0,1299,3,0,0.64,1,925.86,smart_retry,65
TXN100817,CUST15965,1633.95,wallet,insufficient_funds,regular,0,4907.73,33,4,1707,1,1,0.28,0,0.0,customer_outreach,66
TXN100818,CUST13110,1923.98,wallet,network_error,regular,2,9134.79,283,1,1285,5,0,0.665,1,1923.98,smart_retry,64
TXN100819,CUST14638,2030.19,upi,gateway_error,regular,0,13901.55,57,0,1101,4,2,0.81,1,2030.19,smart_retry,50
TXN100820,CUST11092,777.59,credit_card,insufficient_funds,regular,1,15094.37,17,1,249,4,2,0.435,1,777.59,customer_outreach,59
TXN100821,CUST13139,1684.58,credit_card,card_declined,regular,0,7201.98,199,3,1106,4,3,0.435,0,0.0,alternative_payment,62
TXN100822,CUST19671,231.03,upi,card_declined,regular,1,4707.05,311,0,56,3,2,0.48,1,231.03,smart_retry,55
TXN100823,CUST18051,586.28,credit_card,gateway_error,new,1,1727.36,32,2,1172,3,1,0.645,1,586.28,smart_retry,63
TXN100824,CUST16814,1149.73,upi,network_error,premium,0,3207.39,316,2,1113,6,3,0.935,0,0.0,smart_retry,63
TXN100825,CUST10666,1941.78,credit_card,expired_card,premium,1,3800.19,111,4,228,5,2,0.63,1,1941.78,alternative_payment,76
TXN100826,CUST11658,607.57,debit_card,authentication_failed,regular,1,13138.29,99,4,1375,2,0,0.285,0,0.0,customer_outreach,71
TXN100827,CUST14075,1060.75,wallet,network_error,at_risk,3,2286.82,286,4,880,4,0,0.345,1,1060.75,smart_retry,81
TXN100828,CUST11728,1234.43,wallet,expired_card,regular,0,3537.69,360,3,1838,8,0,0.55,0,0.0,alternative_payment,62
TXN100829,CUST11705,672.11,debit_card,insufficient_funds,regular,1,7399.19,259,2,1376,6,1,0.4,0,0.0,payment_plan,63
TXN100830,CUST18747,3102.81,wallet,gateway_error,at_risk,2,27519.92,162,4,694,5,3,0.47,1,3102.81,smart_retry,76
TXN100831,CUST16090,1047.28,net_banking,network_error,regular,0,8715.86,166,4,522,7,2,0.695,1,1047.28,smart_retry,66
TXN100832,CUST19226,472.07,wallet,insufficient_funds,regular,0,7896.05,282,2,767,3,0,0.365,0,0.0,customer_outreach,58
TXN100833,CUST17331,544.29,net_banking,card_declined,new,2,10662.91,146,4,63,4,1,0.305,0,0.0,alternative_payment,76
TXN100834,CUST12213,4485.97,upi,card_declined,regular,1,3332.47,114,1,1782,5,0,0.42,1,4485.97,customer_outreach,59
TXN100835,CUST10355,1962.18,upi,authentication_failed,regular,1,7713.55,293,4,346,7,1,0.385,1,1962.18,customer_outreach,71
TXN100836,CUST11544,1259.33,credit_card,gateway_error,regular,5,8036.25,71,2,781,2,1,0.5,1,1259.33,smart_retry,83
TXN100837,CUST19538,840.44,debit_card,insufficient_funds,regular,1,3481.12,154,0,1198,6,1,0.48,0,0.0,customer_outreach,55
TXN100838,CUST19323,259.75,debit_card,network_error,premium,0,6930.26,167,3,384,3,1,0.8,0,0.0,smart_retry,67
TXN100839,CUST17999,419.97,wallet,card_declined,regular,0,18887.22,154,0,1526,0,0,0.42,0,0.0,alternative_payment,50
TXN100840,CUST16251,528.2,credit_card,card_declined,at_risk,2,10964.71,172,2,1831,1,0,0.135,0,0.0,human_escalation,68
TXN100841,CUST17115,2137.9,net_banking,card_declined,new,1,4891.93,117,4,1931,3,1,0.325,0,0.0,smart_retry,71
TXN100842,CUST16266,1035.41,credit_card,expired_card,regular,2,47503.17,164,4,1186,7,0,0.425,1,1035.41,alternative_payment,76
TXN100843,CUST12450,1192.13,upi,authentication_failed,regular,1,5049.05,79,0,1409,3,2,0.51,0,0.0,customer_outreach,55
TXN100844,CUST16436,1569.11,net_banking,authentication_failed,regular,1,7419.71,47,1,914,3,2,0.47,0,0.0,customer_outreach,59
TXN100845,CUST14747,829.84,net_banking,insufficient_funds,premium,1,15462.62,43,3,1200,3,2,0.49,1,829.84,payment_plan,72
TXN100846,CUST18980,3446.41,net_banking,expired_card,premium,1,21566.26,257,3,1614,7,2,0.7,1,3446.41,alternative_payment,72
TXN100847,CUST12136,778.75,debit_card,gateway_error,regular,2,6790.5,250,3,1365,6,1,0.625,1,778.75,smart_retry,72
TXN100848,CUST19360,759.92,debit_card,authentication_failed,regular,2,5043.41,269,1,526,7,0,0.445,0,0.0,customer_outreach,64
TXN100849,CUST11173,1822.02,upi,gateway_error,regular,1,8237.48,295,0,260,2,3,0.77,0,0.0,smart_retry,55
TXN100850,CUST16776,425.15,net_banking,expired_card,regular,1,8962.18,165,2,1246,5,2,0.56,0,0.0,alternative_payment,63
TXN100851,CUST10396,1054.05,upi,insufficient_funds,at_risk,1,17587.53,316,3,1306,8,1,0.24,0,0.0,payment_plan,67
TXN100852,CUST17216,245.02,credit_card,insufficient_funds,regular,1,30601.17,192,1,1581,3,0,0.37,0,0.0,payment_plan,59
TXN100853,CUST11841,1865.11,credit_card,insufficient_funds,at_risk,0,3591.16,76,2,58,3,0,0.215,0,0.0,customer_outreach,58
TXN100854,CUST11823,1321.77,upi,gateway_error,regular,0,17239.74,170,1,1545,5,0,0.735,1,1321.77,smart_retry,54
TXN100855,CUST18814,1861.99,debit_card,insufficient_funds,regular,0,3858.34,133,4,1019,7,0,0.345,0,0.0,payment_plan,66
TXN100856,CUST10301,1239.23,net_banking,authentication_failed,at_risk,2,4101.28,270,0,553,3,2,0.325,0,0.0,customer_outreach,60
TXN100857,CUST12790,1819.12,credit_card,expired_card,regular,0,3301.71,357,4,585,6,1,0.505,0,0.0,alternative_payment,66
TXN100858,CUST10869,1623.62,net_banking,network_error,at_risk,1,24864.6,35,3,1382,3,0,0.44,1,1623.62,smart_retry,67
TXN100859,CUST14445,1210.93,upi,card_declined,premium,1,2342.02,333,3,503,3,1,0.485,1,1210.93,customer_outreach,72
TXN100860,CUST16237,583.38,wallet,network_error,premium,1,11382.58,162,3,1805,3,1,0.765,1,583.38,smart_retry,72
TXN100861,CUST19782,1553.16,wallet,card_declined,regular,1,21315.89,257,3,1178,5,0,0.34,0,0.0,alternative_payment,67
TXN100862,CUST10352,2167.51,credit_card,insufficient_funds,at_risk,1,4144.17,157,2,1033,6,0,0.225,0,0.0,customer_outreach,63
TXN100863,CUST12572,2314.31,credit_card,expired_card,regular,1,4920.44,182,2,513,2,1,0.49,1,2314.31,alternative_payment,63
TXN100864,CUST18212,920.27,upi,card_declined,regular,1,4516.2,199,0,1963,4,2,0.495,1,920.27,alternative_payment,55
TXN100865,CUST14590,1660.8,debit_card,insufficient_funds,regular,2,31511.22,202,1,209,2,1,0.345,1,1660.8,customer_outreach,64
TXN100866,CUST18531,814.07,wallet,network_error,regular,3,8142.21,214,1,1203,2,2,0.635,0,0.0,smart_retry,69
TXN100867,CUST12502,872.1,net_banking,expired_card,at_risk,3,45190.29,169,3,1140,5,1,0.275,0,0.0,alternative_payment,77
TXN100868,CUST12158,710.75,debit_card,network_error,premium,2,16551.43,278,1,1796,4,1,0.825,0,0.0,smart_retry,69
TXN100869,CUST12262,253.09,upi,network_error,new,0,11439.27,269,1,910,5,1,0.79,0,0.0,smart_retry,54
TXN100870,CUST12378,695.94,wallet,insufficient_funds,regular,1,6853.4,286,4,1972,3,1,0.275,1,695.94,payment_plan,71
TXN100871,CUST13016,2508.13,upi,insufficient_funds,new,0,2291.06,164,3,1998,1,0,0.325,0,0.0,customer_outreach,62
TXN100872,CUST14970,5889.25,net_banking,network_error,at_risk,3,11330.35,327,2,341,4,1,0.45,1,5889.25,smart_retry,73
TXN100873,CUST13079,1088.11,credit_card,insufficient_funds,regular,1,3705.53,314,4,576,3,1,0.275,1,1088.11,payment_plan,71
TXN100874,CUST19770,3324.39,debit_card,insufficient_funds,regular,2,1975.17,184,0,1439,3,1,0.36,0,0.0,customer_outreach,60
TXN100875,CUST12196,1132.27,wallet,authentication_failed,regular,1,6944.02,333,2,406,3,1,0.405,1,1132.27,customer_outreach,63
TXN100876,CUST16348,1526.97,net_banking,gateway_error,premium,0,4950.0,99,1,96,4,2,0.92,1,1526.97,smart_retry,59
TXN100877,CUST16694,261.94,credit_card,expired_card,at_risk,1,6792.32,114,1,1581,3,2,0.42,1,261.94,alternative_payment,59
TXN100878,CUST13351,870.13,credit_card,insufficient_funds,at_risk,3,30281.8,225,4,1033,5,0,0.06,0,0.0,customer_outreach,81
TXN100879,CUST17496,1408.43,debit_card,gateway_error,regular,3,15349.73,22,4,1535,6,0,0.525,0,0.0,smart_retry,81
TXN100880,CUST16232,885.82,upi,gateway_error,regular,4,7268.37,293,4,1128,8,2,0.57,0,0.0,smart_retry,86
TXN100881,CUST18605,164.06,credit_card,authentication_failed,premium,1,3245.06,234,0,1827,2,0,0.595,1,164.06,customer_outreach,60
TXN100882,CUST14025,3086.57,wallet,authentication_failed,regular,3,5063.48,21,4,823,8,1,0.33,0,0.0,customer_outreach,81
TXN100883,CUST18456,2253.0,credit_card,insufficient_funds,regular,2,12749.94,204,2,1614,4,2,0.36,0,0.0,customer_outreach,68
TXN100884,CUST17558,1002.33,debit_card,gateway_error,regular,1,5991.29,28,4,1880,3,0,0.55,1,1002.33,smart_retry,71
TXN100885,CUST12330,395.4,net_banking,network_error,regular,0,4868.27,257,0,398,6,2,0.84,1,395.4,smart_retry,50
TXN100886,CUST19591,1028.08,wallet,insufficient_funds,regular,1,6516.28,166,3,81,9,2,0.43,1,1028.08,payment_plan,67
TXN100887,CUST17433,506.79,wallet,network_error,new,0,12876.1,233,0,542,8,1,0.875,1,506.79,smart_retry,50
TXN100888,CUST15309,1815.99,debit_card,network_error,new,1,12229.19,47,0,1476,6,0,0.785,0,0.0,smart_retry,55
TXN100889,CUST17362,1705.38,upi,card_declined,regular,0,4591.17,197,4,1283,5,1,0.36,0,0.0,smart_retry,66
TXN100890,CUST16204,785.12,wallet,gateway_error,premium,1,16616.05,88,2,1188,6,1,0.85,1,785.12,smart_retry,68
TXN100891,CUST12459,624.23,debit_card,insufficient_funds,regular,5,7912.89,365,0,889,3,3,0.345,1,624.23,customer_outreach,75
TXN100892,CUST15071,493.32,net_banking,expired_card,regular,2,17312.06,61,1,1996,2,0,0.47,1,493.32,alternative_payment,64
TXN100893,CUST13323,1000.06,credit_card,authentication_failed,new,1,1567.17,7,3,1049,7,1,0.415,1,1000.06,customer_outreach,67
TXN100894,CUST18169,877.04,wallet,card_declined,regular,1,8929.97,253,1,474,4,1,0.43,1,877.04,alternative_payment,59
TXN100895,CUST17794,386.8,net_banking,gateway_error,regular,2,1897.12,308,4,43,4,0,0.49,1,386.8,smart_retry,76
TXN100896,CUST14009,2181.3,wallet,expired_card,regular,1,8651.39,286,1,130,3,0,0.52,0,0.0,alternative_payment,59
TXN100897,CUST13028,269.97,debit_card,card_declined,regular,2,6020.91,19,1,1778,5,1,0.41,0,0.0,smart_retry,64
TXN100898,CUST19471,596.88,wallet,expired_card,regular,1,3426.47,45,0,253,6,0,0.605,1,596.88,alternative_payment,55
TXN100899,CUST16831,547.87,debit_card,insufficient_funds,regular,3,3706.24,313,4,1202,2,1,0.19,1,547.87,payment_plan,81
TXN100900,CUST17460,678.89,wallet,expired_card,at_risk,2,1702.19,48,2,691,2,0,0.24,0,0.0,alternative_payment,68
TXN100901,CUST16038,1402.26,net_banking,card_declined,new,0,4114.14,282,0,629,3,0,0.495,0,0.0,customer_outreach,50
TXN100902,CUST12204,864.26,credit_card,network_error,new,0,9333.91,169,4,877,7,2,0.725,1,864.26,smart_retry,66
TXN100903,CUST18595,756.23,debit_card,network_error,regular,0,1837.09,30,0,1200,3,2,0.755,1,756.23,smart_retry,50
TXN100904,CUST18666,595.85,credit_card,gateway_error,new,2,5233.7,310,2,904,6,0,0.67,0,0.0,smart_retry,68
TXN100905,CUST19975,1691.87,upi,expired_card,regular,1,2354.2,320,2,1928,5,1,0.535,1,1691.87,alternative_payment,63
TXN100906,CUST12125,760.66,wallet,authentication_failed,regular,3,29249.63,324,3,1038,6,0,0.315,0,0.0,customer_outreach,77
TXN100907,CUST12947,2954.06,wallet,insufficient_funds,new,2,5676.23,100,0,272,2,2,0.44,0,0.0,payment_plan,60
TXN100908,CUST17616,2341.84,credit_card,network_error,new,1,28875.76,316,3,877,4,2,0.685,0,0.0,smart_retry,67
TXN100909,CUST10745,478.03,upi,expired_card,regular,1,10930.78,327,1,53,3,0,0.52,1,478.03,alternative_payment,59
TXN100910,CUST13296,1486.76,upi,expired_card,new,1,6827.3,158,2,1067,6,0,0.555,0,0.0,alternative_payment,63
TXN100911,CUST19011,1088.1,upi,card_declined,premium,0,6689.91,171,2,841,9,1,0.65,1,1088.1,customer_outreach,63
TXN100912,CUST19321,2517.15,wallet,card_declined,new,2,7718.08,100,2,1737,3,2,0.395,0,0.0,customer_outreach,68
TXN100913,CUST17849,1613.87,net_banking,card_declined,regular,1,6461.41,247,1,1314,2,1,0.4,0,0.0,customer_outreach,59
TXN100914,CUST18797,560.9,upi,gateway_error,new,1,13831.21,212,0,1740,4,2,0.805,0,0.0,smart_retry,55
TXN100915,CUST18537,388.21,upi,authentication_failed,new,2,26691.76,162,4,1127,6,1,0.365,0,0.0,customer_outreach,76
TXN100916,CUST10306,718.03,debit_card,authentication_failed,regular,1,8560.2,182,0,335,8,0,0.535,1,718.03,customer_outreach,55
TXN100917,CUST14595,1175.79,credit_card,expired_card,at_risk,2,5432.22,321,4,1755,5,0,0.245,0,0.0,alternative_payment,76
TXN100918,CUST12719,1184.97,wallet,authentication_failed,regular,1,4522.28,305,0,1800,6,1,0.53,0,0.0,customer_outreach,55
TXN100919,CUST15050,5855.2,upi,network_error,premium,2,9316.95,212,0,1047,8,3,0.95,1,5855.2,smart_retry,65
TXN100920,CUST13893,1285.19,upi,gateway_error,new,0,10088.27,155,1,1105,6,0,0.78,1,1285.19,smart_retry,54
TXN100921,CUST14953,1289.21,debit_card,card_declined,regular,0,5925.82,20,1,1900,2,1,0.435,1,1289.21,smart_retry,54
TXN100922,CUST17270,1285.43,wallet,card_declined,new,1,12756.52,257,1,419,6,2,0.515,0,0.0,customer_outreach,59
TXN100923,CUST17921,485.36,wallet,expired_card,new,3,3644.05,74,0,1713,6,1,0.59,1,485.36,alternative_payment,65
TXN100924,CUST18456,1030.87,debit_card,insufficient_funds,new,1,5938.53,236,3,1491,2,1,0.33,0,0.0,payment_plan,67
TXN100925,CUST10067,361.05,upi,card_declined,regular,0,11085.11,305,0,712,1,0,0.435,1,361.05,customer_outreach,50
TXN100926,CUST10755,273.05,credit_card,authentication_failed,new,3,6924.28,160,0,1212,6,2,0.515,0,0.0,customer_outreach,65
TXN100927,CUST15114,797.2,debit_card,expired_card,regular,1,6462.64,147,2,1120,0,1,0.46,1,797.2,alternative_payment,63
TXN100928,CUST15228,1287.85,net_banking,network_error,premium,3,16469.47,77,1,590,9,0,0.84,1,1287.85,smart_retry,74
TXN100929,CUST11875,1321.01,credit_card,authentication_failed,regular,0,6968.28,53,1,1141,4,0,0.47,0,0.0,customer_outreach,54
TXN100930,CUST15739,347.5,wallet,expired_card,regular,2,8230.79,361,2,1205,6,0,0.49,0,0.0,alternative_payment,68
TXN100931,CUST14011,1823.04,debit_card,card_declined,regular,1,7689.97,174,4,938,2,0,0.255,0,0.0,human_escalation,71
TXN100932,CUST10831,1497.37,debit_card,card_declined,regular,2,9099.91,346,0,246,4,1,0.435,1,1497.37,customer_outreach,60
TXN100933,CUST10881,636.95,credit_card,gateway_error,regular,0,3372.14,361,4,1855,5,1,0.64,1,636.95,smart_retry,66
TXN100934,CUST19711,597.93,net_banking,authentication_failed,regular,1,13887.97,171,1,1490,6,1,0.49,1,597.93,customer_outreach,59
TXN100935,CUST18740,832.15,credit_card,gateway_error,regular,0,11137.91,48,3,229,1,0,0.595,1,832.15,smart_retry,62
TXN100936,CUST17464,1451.29,upi,network_error,regular,0,13649.88,239,3,504,7,1,0.71,1,1451.29,smart_retry,62
TXN100937,CUST13666,457.9,debit_card,authentication_failed,regular,0,14660.79,187,3,405,0,0,0.33,0,0.0,customer_outreach,62
TXN100938,CUST15412,912.62,upi,gateway_error,regular,0,5778.35,34,3,261,4,1,0.665,1,912.62,smart_retry,62
TXN100939,CUST15758,2094.06,net_banking,gateway_error,new,3,17152.41,145,2,1267,3,1,0.615,1,2094.06,smart_retry,73
TXN100940,CUST19415,884.12,debit_card,authentication_failed,premium,1,11599.5,55,2,1168,3,2,0.58,0,0.0,customer_outreach,68
TXN100941,CUST11162,799.7,upi,authentication_failed,regular,1,4881.68,303,3,518,5,2,0.42,0,0.0,customer_outreach,67
TXN100942,CUST13992,1056.37,wallet,insufficient_funds,at_risk,4,5121.43,197,0,727,3,0,0.155,0,0.0,payment_plan,70
TXN100943,CUST19682,1359.76,net_banking,gateway_error,regular,1,14762.03,176,4,1451,9,1,0.665,0,0.0,smart_retry,71
TXN100944,CUST13869,1328.79,debit_card,network_error,regular,0,9401.02,365,4,1743,4,0,0.6,0,0.0,smart_retry,66
TXN100945,CUST17972,374.69,credit_card,authentication_failed,regular,4,3634.83,167,4,229,4,0,0.21,0,0.0,customer_outreach,86
TXN100946,CUST17294,906.26,debit_card,expired_card,at_risk,0,5674.41,36,4,252,3,0,0.285,0,0.0,alternative_payment,66
TXN100947,CUST19771,483.77,net_banking,expired_card,regular,0,3625.5,339,0,215,3,2,0.645,0,0.0,alternative_payment,50
TXN100948,CUST13565,1814.0,debit_card,authentication_failed,at_risk,1,14287.63,326,0,1580,0,2,0.315,1,1814.0,customer_outreach,55
TXN100949,CUST12403,1659.03,debit_card,gateway_error,regular,1,5540.83,200,4,1213,4,0,0.565,1,1659.03,smart_retry,71
TXN100950,CUST17326,1817.41,debit_card,insufficient_funds,regular,1,3443.59,163,2,1197,2,1,0.34,0,0.0,customer_outreach,63
TXN100951,CUST17122,613.63,upi,card_declined,regular,0,7884.51,314,4,857,5,3,0.41,0,0.0,smart_retry,66
TXN100952,CUST14819,1946.8,credit_card,expired_card,at_risk,3,12249.56,28,0,1470,6,1,0.41,0,0.0,alternative_payment,65
TXN100953,CUST19175,862.57,upi,card_declined,new,1,9737.19,16,1,914,5,0,0.45,0,0.0,alternative_payment,59
TXN100954,CUST19669,1103.44,net_banking,network_error,regular,0,7204.19,196,3,811,3,2,0.675,1,1103.44,smart_retry,62
TXN100955,CUST17130,855.72,wallet,insufficient_funds,regular,1,14648.61,244,1,415,2,3,0.43,1,855.72,customer_outreach,59
TXN100956,CUST15902,1405.02,net_banking,insufficient_funds,regular,2,7844.08,344,1,305,3,1,0.36,0,0.0,payment_plan,64
TXN100957,CUST11175,2784.61,credit_card,insufficient_funds,new,3,1830.36,250,3,308,5,2,0.29,0,0.0,payment_plan,77
TXN100958,CUST12248,1602.78,net_banking,gateway_error,new,1,5720.44,357,4,1935,5,2,0.66,1,1602.78,smart_retry,71
TXN100959,CUST16974,600.64,wallet,insufficient_funds,regular,3,3079.28,218,4,1709,6,2,0.275,0,0.0,customer_outreach,81
TXN100960,CUST16303,843.0,upi,insufficient_funds,regular,1,1666.21,310,0,1213,5,2,0.45,0,0.0,customer_outreach,55
TXN100961,CUST13878,1929.34,wallet,expired_card,regular,2,2561.44,280,4,781,2,2,0.4,0,0.0,alternative_payment,76
TXN100962,CUST10548,1396.76,credit_card,authentication_failed,regular,1,12804.67,189,0,1218,6,1,0.53,1,1396.76,customer_outreach,55
TXN100963,CUST17889,588.33,credit_card,insufficient_funds,new,2,16887.93,270,2,982,8,1,0.425,1,588.33,payment_plan,68
TXN100964,CUST18574,829.0,wallet,card_declined,regular,1,40407.81,323,0,1430,2,0,0.415,1,829.0,alternative_payment,55
TXN100965,CUST18834,631.07,wallet,expired_card,regular,4,9747.58,176,4,1624,2,0,0.28,0,0.0,alternative_payment,86
TXN100966,CUST10176,821.81,net_banking,gateway_error,regular,1,2317.95,241,4,1532,3,0,0.55,1,821.81,smart_retry,71
TXN100967,CUST15431,860.81,net_banking,expired_card,at_risk,2,3508.23,151,2,373,6,1,0.365,1,860.81,alternative_payment,68
TXN100968,CUST10578,2475.07,wallet,network_error,regular,0,20113.86,289,2,155,3,2,0.715,1,2475.07,smart_retry,58
TXN100969,CUST17752,2099.67,wallet,insufficient_funds,regular,2,18842.03,337,2,1686,5,1,0.35,0,0.0,payment_plan,68
TXN100970,CUST14699,513.26,net_banking,card_declined,premium,1,20112.05,40,2,546,2,2,0.535,1,513.26,customer_outreach,68
TXN100971,CUST12171,1236.73,wallet,expired_card,regular,3,55340.87,132,0,1548,3,0,0.49,0,0.0,alternative_payment,65
TXN100972,CUST11827,1049.08,wallet,insufficient_funds,at_risk,2,2629.7,78,3,787,2,2,0.14,0,0.0,payment_plan,72
TXN100973,CUST14280,1519.65,debit_card,gateway_error,regular,2,7918.42,271,0,732,2,2,0.71,1,1519.65,smart_retry,60
TXN100974,CUST11382,2276.12,debit_card,authentication_failed,at_risk,3,13927.15,79,3,1571,7,1,0.205,0,0.0,customer_outreach,77
TXN100975,CUST16765,2529.39,net_banking,insufficient_funds,regular,0,2272.56,327,1,461,4,1,0.445,1,2529.39,customer_outreach,54
TXN100976,CUST10890,562.77,upi,card_declined,premium,2,28898.73,238,3,1005,5,0,0.455,0,0.0,customer_outreach,77
TXN100977,CUST14937,1219.7,net_banking,network_error,at_risk,1,7910.66,273,1,807,4,2,0.585,0,0.0,smart_retry,59
TXN100978,CUST16390,934.59,net_banking,expired_card,premium,2,11583.8,223,0,621,6,1,0.745,1,934.59,alternative_payment,65
TXN100979,CUST17353,1051.17,net_banking,network_error,regular,1,11598.77,272,0,229,4,1,0.75,1,1051.17,smart_retry,55
TXN100980,CUST18704,1013.38,upi,gateway_error,regular,0,10741.63,334,2,716,3,1,0.69,1,1013.38,smart_retry,58
TXN100981,CUST14429,834.49,upi,card_declined,regular,1,42177.45,300,3,974,2,2,0.345,0,0.0,alternative_payment,67
TXN100982,CUST13961,424.45,wallet,insufficient_funds,regular,2,9417.77,347,1,671,4,1,0.375,1,424.45,payment_plan,64
TXN100983,CUST10138,458.66,credit_card,card_declined,regular,1,3984.12,269,0,1433,5,2,0.51,1,458.66,customer_outreach,55
TXN100984,CUST15759,1116.87,debit_card,network_error,regular,1,73876.32,99,0,78,4,4,0.825,1,1116.87,smart_retry,55
TXN100985,CUST11506,533.08,credit_card,authentication_failed,regular,1,10494.41,112,4,1336,5,0,0.33,0,0.0,customer_outreach,71
TXN100986,CUST11995,1871.96,credit_card,card_declined,new,0,10596.23,67,3,1374,2,0,0.36,0,0.0,alternative_payment,62
TXN100987,CUST19274,746.93,debit_card,card_declined,regular,2,21939.26,130,2,986,6,1,0.385,1,746.93,alternative_payment,68
TXN100988,CUST11240,390.42,net_banking,expired_card,new,2,11151.74,355,2,557,5,0,0.505,1,390.42,alternative_payment,68
TXN100989,CUST12653,1181.22,credit_card,expired_card,new,1,8114.78,196,3,711,2,1,0.48,0,0.0,alternative_payment,67
TXN100990,CUST10984,978.0,upi,expired_card,regular,1,2374.88,36,3,1931,5,0,0.47,0,0.0,alternative_payment,67
TXN100991,CUST13287,4480.94,wallet,gateway_error,regular,2,18839.23,252,0,324,3,1,0.7,1,4480.94,smart_retry,60
TXN100992,CUST18857,1305.67,net_banking,insufficient_funds,regular,0,9904.66,55,3,1495,2,1,0.335,0,0.0,customer_outreach,62
TXN100993,CUST11692,1611.01,credit_card,card_declined,premium,0,12778.24,129,3,68,2,2,0.53,0,0.0,customer_outreach,67
TXN100994,CUST18154,1419.46,debit_card,network_error,regular,0,11523.21,20,3,575,6,1,0.695,0,0.0,smart_retry,62
TXN100995,CUST12483,1139.22,upi,gateway_error,regular,2,3034.3,264,3,1009,3,2,0.605,1,1139.22,smart_retry,72
TXN100996,CUST17144,976.44,net_banking,network_error,new,0,8323.81,36,4,492,3,0,0.615,1,976.44,smart_retry,66
TXN100997,CUST10054,1295.15,net_banking,network_error,new,2,3309.66,247,0,1191,1,2,0.725,1,1295.15,smart_retry,60
TXN100998,CUST18770,1268.38,upi,expired_card,regular,3,4117.55,206,0,1324,3,1,0.515,0,0.0,alternative_payment,65
TXN100999,CUST11485,1263.85,upi,authentication_failed,new,1,17576.98,175,0,1752,5,1,0.545,0,0.0,customer_outreach,55
TXN101000,CUST17530,1055.41,upi,network_error,regular,0,8413.79,284,0,816,2,1,0.755,1,1055.41,smart_retry,50
TXN101001,CUST13129,1715.34,upi,network_error,regular,0,12558.98,55,2,1026,6,1,0.735,1,1715.34,smart_retry,58
TXN101002,CUST11390,3413.22,net_banking,network_error,regular,1,1559.58,19,1,81,6,2,0.725,1,3413.22,smart_retry,59
TXN101003,CUST19714,614.99,debit_card,gateway_error,regular,2,3757.0,277,2,1053,2,3,0.655,1,614.99,smart_retry,68
TXN101004,CUST18748,699.03,net_banking,card_declined,premium,3,2924.87,29,2,1643,1,2,0.45,1,699.03,customer_outreach,78
TXN101005,CUST10701,867.38,net_banking,card_declined,regular,2,22422.41,335,4,968,4,0,0.25,0,0.0,human_escalation,76
TXN101006,CUST18791,969.18,debit_card,network_error,regular,0,14789.97,37,0,1536,3,1,0.77,1,969.18,smart_retry,50
TXN101007,CUST12319,711.02,net_banking,network_error,premium,2,15837.95,317,0,527,5,0,0.855,1,711.02,smart_retry,65
TXN101008,CUST12138,743.75,credit_card,insufficient_funds,regular,1,8851.43,158,0,964,6,0,0.455,0,0.0,payment_plan,55
TXN101009,CUST19683,1262.71,credit_card,card_declined,premium,0,13681.95,305,4,481,8,2,0.58,1,1262.71,customer_outreach,71
TXN101010,CUST11033,1924.26,debit_card,gateway_error,regular,1,4206.6,348,3,694,5,0,0.62,0,0.0,smart_retry,67
TXN101011,CUST11979,560.63,wallet,authentication_failed,premium,0,9047.06,110,0,1244,3,1,0.67,0,0.0,customer_outreach,55
TXN101012,CUST12841,1311.83,upi,card_declined,premium,4,12745.21,73,3,374,3,0,0.355,0,0.0,customer_outreach,87
TXN101013,CUST16060,1496.26,wallet,insufficient_funds,regular,3,2561.41,298,0,303,4,1,0.38,0,0.0,payment_plan,65
TXN101014,CUST16162,2084.14,debit_card,card_declined,new,2,11700.22,42,0,44,3,2,0.475,1,2084.14,smart_retry,60
TXN101015,CUST11460,980.65,wallet,expired_card,regular,1,10916.34,244,1,452,4,0,0.535,0,0.0,alternative_payment,59
TXN101016,CUST12344,1018.54,upi,authentication_failed,regular,2,29123.44,123,1,1280,3,2,0.435,0,0.0,customer_outreach,64
TXN101017,CUST10616,1507.13,wallet,insufficient_funds,new,4,5234.04,314,0,1314,3,1,0.36,1,1507.13,customer_outreach,70
TXN101018,CUST15699,775.81,net_banking,card_declined,regular,1,13717.86,99,0,1115,4,0,0.445,0,0.0,smart_retry,55
TXN101019,CUST15929,1491.19,wallet,authentication_failed,regular,0,917.85,321,1,596,4,1,0.455,0,0.0,customer_outreach,54
TXN101020,CUST10869,900.33,debit_card,card_declined,new,0,4270.5,351,3,1048,5,0,0.405,0,0.0,smart_retry,62
TXN101021,CUST12617,1270.36,credit_card,card_declined,regular,1,19818.02,146,1,920,4,1,0.43,0,0.0,customer_outreach,59
TXN101022,CUST15477,1152.98,wallet,gateway_error,premium,1,18855.41,27,4,390,4,2,0.765,1,1152.98,smart_retry,76
TXN101023,CUST12589,713.74,credit_card,gateway_error,regular,0,20380.02,37,1,1507,5,2,0.785,1,713.74,smart_retry,54
TXN101024,CUST17287,435.89,wallet,authentication_failed,regular,3,9693.36,102,2,501,1,0,0.28,0,0.0,customer_outreach,73
TXN101025,CUST11804,1276.45,upi,insufficient_funds,premium,0,44065.94,212,1,799,4,1,0.595,0,0.0,payment_plan,59
TXN101026,CUST11204,2823.09,net_banking,authentication_failed,regular,6,36483.26,224,1,472,4,2,0.31,0,0.0,customer_outreach,84
TXN101027,CUST19984,1021.44,net_banking,insufficient_funds,regular,1,13874.7,70,3,1504,6,2,0.385,0,0.0,payment_plan,67
TXN101028,CUST15875,775.62,upi,insufficient_funds,regular,0,4207.34,17,4,152,1,1,0.28,0,0.0,customer_outreach,66
TXN101029,CUST12236,416.27,credit_card,gateway_error,regular,1,9110.03,88,2,480,7,0,0.69,0,0.0,smart_retry,63
TXN101030,CUST14835,803.47,wallet,insufficient_funds,new,0,12240.78,327,4,1884,4,3,0.405,1,803.47,payment_plan,66
TXN101031,CUST19471,891.95,wallet,insufficient_funds,premium,0,9147.46,268,3,1795,3,0,0.475,1,891.95,payment_plan,67
TXN101032,CUST19692,1712.7,net_banking,gateway_error,regular,1,6569.63,220,1,537,1,2,0.69,1,1712.7,smart_retry,59
TXN101033,CUST15362,1610.35,net_banking,authentication_failed,regular,2,7150.04,303,1,1901,2,1,0.395,0,0.0,customer_outreach,64
TXN101034,CUST19399,1301.9,credit_card,gateway_error,at_risk,2,2901.31,21,3,1532,11,0,0.51,1,1301.9,smart_retry,72
TXN101035,CUST18261,748.93,credit_card,gateway_error,regular,1,4442.92,246,0,956,2,1,0.72,1,748.93,smart_retry,55
TXN101036,CUST18114,2222.11,debit_card,card_declined,regular,1,11575.06,7,3,1975,7,3,0.445,0,0.0,smart_retry,67
TXN101037,CUST12174,389.6,upi,expired_card,regular,0,13229.07,47,0,1012,4,1,0.635,1,389.6,alternative_payment,50
TXN101038,CUST14994,2290.22,debit_card,network_error,regular,2,42122.54,293,4,79,9,0,0.605,1,2290.22,smart_retry,76
TXN101039,CUST17452,572.19,net_banking,insufficient_funds,new,0,14653.55,208,1,1647,4,0,0.45,0,0.0,customer_outreach,54
TXN101040,CUST17607,991.36,credit_card,network_error,premium,1,5854.78,354,2,1117,5,2,0.86,1,991.36,smart_retry,68
TXN101041,CUST10535,614.26,upi,gateway_error,new,1,8473.76,358,4,1140,5,0,0.61,1,614.26,smart_retry,71
TXN101042,CUST19424,593.38,debit_card,network_error,premium,0,8947.83,172,0,1084,3,1,0.92,1,593.38,smart_retry,55
TXN101043,CUST15963,3460.06,credit_card,card_declined,regular,2,3606.37,239,4,113,3,1,0.26,0,0.0,human_escalation,76
TXN101044,CUST15989,1159.54,upi,insufficient_funds,regular,3,8391.99,361,0,1178,1,0,0.31,0,0.0,payment_plan,65
TXN101045,CUST12267,1184.41,upi,insufficient_funds,regular,2,3276.37,333,3,1540,1,1,0.25,0,0.0,payment_plan,72
TXN101046,CUST13693,1348.88,upi,expired_card,new,1,37404.21,258,3,597,5,1,0.525,1,1348.88,alternative_payment,67
TXN101047,CUST10892,1052.43,credit_card,expired_card,regular,2,7609.32,249,4,1108,6,3,0.485,0,0.0,alternative_payment,76
TXN101048,CUST12010,7303.22,net_banking,network_error,regular,3,11885.54,273,2,955,4,0,0.575,0,0.0,smart_retry,73
TXN101049,CUST16031,1068.35,credit_card,insufficient_funds,new,1,5423.01,235,0,194,7,1,0.525,1,1068.35,customer_outreach,55
TXN101050,CUST12929,2459.18,upi,card_declined,premium,0,6598.81,142,0,1457,7,0,0.675,0,0.0,customer_outreach,55
TXN101051,CUST12424,1988.58,net_banking,insufficient_funds,new,1,20934.05,267,0,630,5,0,0.47,0,0.0,customer_outreach,55
TXN101052,CUST18870,921.37,debit_card,gateway_error,regular,0,4596.16,228,0,627,5,1,0.8,1,921.37,smart_retry,50
TXN101053,CUST13097,793.88,credit_card,card_declined,new,0,3779.98,119,4,1350,6,1,0.405,1,793.88,customer_outreach,66
TXN101054,CUST16745,1361.24,wallet,expired_card,regular,3,2382.32,168,3,1245,2,1,0.38,0,0.0,alternative_payment,77
TXN101055,CUST18686,627.1,wallet,gateway_error,regular,0,22917.84,291,1,1869,6,3,0.825,1,627.1,smart_retry,54
TXN101056,CUST15021,1509.91,debit_card,expired_card,regular,1,3278.51,191,2,1606,5,1,0.535,0,0.0,alternative_payment,63
TXN101057,CUST10775,1089.72,debit_card,expired_card,regular,0,4807.04,86,4,1922,3,2,0.485,1,1089.72,alternative_payment,66
TXN101058,CUST12634,826.65,wallet,expired_card,regular,1,15560.26,90,1,360,2,2,0.555,1,826.65,alternative_payment,59
TXN101059,CUST13897,897.35,credit_card,card_declined,at_risk,2,2758.95,295,1,932,2,1,0.215,1,897.35,human_escalation,64
TXN101060,CUST14266,852.46,upi,insufficient_funds,regular,0,14328.47,363,0,1393,3,1,0.47,1,852.46,customer_outreach,50
TXN101061,CUST15633,1025.85,debit_card,expired_card,regular,1,24122.15,84,4,647,0,1,0.38,0,0.0,alternative_payment,71
TXN101062,CUST11990,2534.97,credit_card,gateway_error,at_risk,0,13699.65,75,3,1930,4,1,0.515,0,0.0,smart_retry,62
TXN101063,CUST15246,523.29,debit_card,card_declined,at_risk,1,4561.66,280,4,708,3,0,0.12,1,523.29,human_escalation,71
TXN101064,CUST14842,499.36,net_banking,expired_card,at_risk,1,25402.11,294,1,1667,5,0,0.4,0,0.0,alternative_payment,59
TXN101065,CUST19260,649.11,net_banking,expired_card,regular,4,7616.05,246,0,315,7,0,0.515,0,0.0,alternative_payment,70
TXN101066,CUST19026,1235.08,credit_card,expired_card,premium,2,1839.07,317,1,943,7,1,0.68,1,1235.08,alternative_payment,69
TXN101067,CUST15855,834.03,credit_card,expired_card,premium,3,11595.18,329,1,1224,2,0,0.585,0,0.0,alternative_payment,74
TXN101068,CUST18625,799.88,debit_card,expired_card,regular,2,3335.64,43,4,1769,4,1,0.405,0,0.0,alternative_payment,76
TXN101069,CUST17298,813.01,credit_card,authentication_failed,regular,0,7923.79,252,2,1265,4,1,0.455,1,813.01,customer_outreach,58
TXN101070,CUST19913,1107.79,wallet,card_declined,at_risk,1,9861.03,185,3,332,3,1,0.185,0,0.0,human_escalation,67
TXN101071,CUST17006,2785.27,upi,gateway_error,regular,0,3986.58,146,2,749,2,0,0.65,0,0.0,smart_retry,58
TXN101072,CUST15047,2732.04,net_banking,authentication_failed,premium,1,9859.48,228,3,1675,4,1,0.53,0,0.0,customer_outreach,72
TXN101073,CUST17249,621.84,upi,insufficient_funds,new,1,3881.12,218,3,315,5,1,0.375,1,621.84,payment_plan,67
TXN101074,CUST12353,372.17,debit_card,expired_card,regular,1,2446.49,269,2,165,5,1,0.535,0,0.0,alternative_payment,63
TXN101075,CUST19677,1711.4,net_banking,card_declined,premium,2,3423.56,328,2,878,3,0,0.465,1,1711.4,customer_outreach,73
TXN101076,CUST12865,489.51,wallet,gateway_error,new,1,5882.46,71,1,410,2,1,0.71,1,489.51,smart_retry,59
TXN101077,CUST16254,423.54,upi,authentication_failed,regular,3,5978.6,155,4,652,2,2,0.265,0,0.0,customer_outreach,81
TXN101078,CUST18095,1115.46,wallet,network_error,regular,0,8578.63,14,0,345,3,0,0.745,0,0.0,smart_retry,50
TXN101079,CUST14303,665.79,upi,network_error,new,3,4405.83,242,0,1369,3,1,0.695,1,665.79,smart_retry,65
TXN101080,CUST14713,578.32,net_banking,insufficient_funds,regular,0,610.3,353,1,88,3,1,0.39,1,578.32,payment_plan,54
TXN101081,CUST14541,640.89,net_banking,card_declined,regular,2,5920.74,186,4,1014,1,0,0.205,0,0.0,human_escalation,76
TXN101082,CUST19266,1864.54,net_banking,expired_card,regular,1,5530.35,244,0,794,2,2,0.595,1,1864.54,alternative_payment,55
TXN101083,CUST18397,1429.76,wallet,card_declined,new,3,3933.82,84,4,149,7,2,0.34,1,1429.76,smart_retry,81
TXN101084,CUST15237,394.67,net_banking,network_error,premium,0,6336.18,84,0,588,5,0,0.925,1,394.67,smart_retry,55
TXN101085,CUST15917,1641.66,net_banking,network_error,at_risk,2,2587.97,183,0,623,4,0,0.54,1,1641.66,smart_retry,60
TXN101086,CUST14778,289.12,wallet,network_error,at_risk,2,17284.75,264,1,1599,8,2,0.61,0,0.0,smart_retry,64
TXN101087,CUST13002,1449.15,credit_card,authentication_failed,new,0,3412.47,279,2,1816,3,3,0.52,1,1449.15,customer_outreach,58
TXN101088,CUST15180,1207.09,upi,expired_card,regular,0,3752.9,353,2,226,5,0,0.545,1,1207.09,alternative_payment,58
TXN101089,CUST18755,2788.63,wallet,expired_card,new,1,10174.64,7,1,1091,3,4,0.65,1,2788.63,alternative_payment,59
TXN101090,CUST14610,477.34,upi,gateway_error,regular,3,3296.58,84,0,476,5,2,0.72,1,477.34,smart_retry,65
TXN101091,CUST12532,625.23,wallet,insufficient_funds,new,0,14104.1,287,4,1442,2,0,0.3,0,0.0,payment_plan,66
TXN101092,CUST16837,2093.65,net_banking,card_declined,premium,0,5286.57,68,0,1012,1,1,0.61,0,0.0,customer_outreach,55
TXN101093,CUST15705,1061.51,upi,network_error,regular,0,26301.13,227,4,1101,9,2,0.725,0,0.0,smart_retry,66
TXN101094,CUST15604,583.11,debit_card,network_error,regular,0,3959.31,61,1,293,4,0,0.72,1,583.11,smart_retry,54
TXN101095,CUST12332,1499.58,debit_card,expired_card,premium,6,10595.75,67,0,900,5,0,0.565,1,1499.58,alternative_payment,85
TXN101096,CUST11830,600.5,credit_card,card_declined,new,1,5287.84,221,0,432,3,0,0.46,0,0.0,smart_retry,55
TXN101097,CUST10537,1044.73,wallet,authentication_failed,premium,1,10666.66,61,2,118,2,1,0.54,1,1044.73,customer_outreach,68
TXN101098,CUST11085,3154.12,upi,network_error,premium,3,2726.19,50,0,1914,2,0,0.775,1,3154.12,smart_retry,70
TXN101099,CUST19859,1420.87,debit_card,authentication_failed,at_risk,1,4486.55,95,2,89,2,1,0.24,0,0.0,customer_outreach,63
TXN101100,CUST11487,1146.66,debit_card,network_error,at_risk,1,18953.67,297,2,751,6,1,0.55,0,0.0,smart_retry,63
TXN101101,CUST12630,2146.19,wallet,network_error,regular,2,2694.77,259,4,169,6,0,0.56,1,2146.19,smart_retry,76
TXN101102,CUST11623,1280.5,wallet,card_declined,regular,0,12969.33,99,2,381,6,2,0.48,1,1280.5,alternative_payment,58
TXN101103,CUST10070,870.89,credit_card,insufficient_funds,at_risk,3,5237.28,363,3,780,2,1,0.08,0,0.0,payment_plan,77
TXN101104,CUST17203,1280.61,credit_card,insufficient_funds,new,3,3433.97,195,3,468,4,0,0.265,0,0.0,payment_plan,77
TXN101105,CUST16677,467.26,credit_card,expired_card,premium,0,9829.34,57,4,308,2,0,0.57,0,0.0,alternative_payment,71
TXN101106,CUST18123,509.88,upi,network_error,regular,2,11456.13,21,0,701,3,0,0.675,1,509.88,smart_retry,60
TXN101107,CUST18088,2249.72,credit_card,gateway_error,regular,7,1117.28,308,2,1437,4,1,0.42,1,2249.72,smart_retry,93
TXN101108,CUST17273,429.36,debit_card,authentication_failed,regular,3,8774.86,220,1,1784,3,0,0.35,0,0.0,customer_outreach,69
TXN101109,CUST11140,800.91,net_banking,network_error,regular,0,14029.22,7,3,1406,2,0,0.61,1,800.91,smart_retry,62
TXN101110,CUST11723,483.42,net_banking,gateway_error,regular,2,10967.03,347,0,274,4,0,0.69,1,483.42,smart_retry,60
TXN101111,CUST12348,2853.65,net_banking,gateway_error,regular,2,7685.35,53,1,162,7,1,0.72,0,0.0,smart_retry,64
TXN101112,CUST15959,1340.32,debit_card,expired_card,regular,0,6178.47,207,0,506,3,1,0.62,1,1340.32,alternative_payment,50
TXN101113,CUST16958,976.58,net_banking,expired_card,new,2,4002.87,298,4,589,5,0,0.425,0,0.0,alternative_payment,76
TXN101114,CUST16557,716.26,upi,gateway_error,regular,0,9470.85,208,3,1077,2,1,0.635,0,0.0,smart_retry,62
TXN101115,CUST14569,3017.86,debit_card,gateway_error,premium,1,3518.68,129,3,1048,10,1,0.87,1,3017.86,smart_retry,72
TXN101116,CUST13781,1271.43,debit_card,card_declined,premium,0,2551.08,28,0,1050,4,0,0.63,1,1271.43,customer_outreach,55
TXN101117,CUST10438,466.82,debit_card,gateway_error,regular,2,10012.94,168,1,650,3,0,0.635,1,466.82,smart_retry,64
TXN101118,CUST11578,1016.66,credit_card,network_error,new,2,11984.5,253,3,443,8,1,0.685,1,1016.66,smart_retry,72
TXN101119,CUST14809,1755.56,net_banking,gateway_error,regular,0,5125.92,278,2,1687,4,0,0.68,1,1755.56,smart_retry,58
TXN101120,CUST18856,1140.14,wallet,card_declined,at_risk,1,7058.3,17,3,1832,4,1,0.2,0,0.0,human_escalation,67
TXN101121,CUST11951,407.52,net_banking,gateway_error,regular,2,1700.33,193,3,971,2,1,0.525,0,0.0,smart_retry,72
TXN101122,CUST10589,310.23,credit_card,insufficient_funds,regular,2,53513.62,156,1,1036,2,2,0.37,0,0.0,customer_outreach,64
TXN101123,CUST12203,1685.39,upi,network_error,regular,3,12187.93,57,4,1412,1,1,0.475,0,0.0,smart_retry,81
TXN101124,CUST18037,310.64,wallet,network_error,regular,1,6477.99,241,3,1181,2,4,0.675,1,310.64,smart_retry,67
TXN101125,CUST12560,988.02,wallet,card_declined,regular,0,6476.34,254,4,803,5,1,0.36,0,0.0,alternative_payment,66
TXN101126,CUST15779,711.9,upi,expired_card,premium,2,7355.03,303,0,292,1,2,0.695,1,711.9,alternative_payment,65
TXN101127,CUST16003,1312.4,upi,network_error,regular,3,11180.0,321,2,809,3,1,0.585,0,0.0,smart_retry,73
TXN101128,CUST11594,601.85,net_banking,expired_card,at_risk,0,6531.59,211,2,145,3,2,0.415,0,0.0,alternative_payment,58
TXN101129,CUST14001,2526.17,debit_card,insufficient_funds,regular,0,79451.18,304,0,1894,0,0,0.4,0,0.0,payment_plan,50
TXN101130,CUST14995,593.49,credit_card,expired_card,regular,4,13693.92,276,2,106,6,0,0.42,0,0.0,alternative_payment,78
TXN101131,CUST17551,817.52,net_banking,authentication_failed,regular,1,27624.41,216,2,71,7,0,0.44,0,0.0,customer_outreach,63
TXN101132,CUST17695,1024.78,wallet,card_declined,at_risk,2,22703.28,194,4,829,3,1,0.11,0,0.0,human_escalation,76
TXN101133,CUST15282,524.38,wallet,card_declined,new,0,5326.84,52,1,718,6,1,0.525,0,0.0,customer_outreach,54
TXN101134,CUST18237,687.45,upi,insufficient_funds,regular,1,15165.41,187,3,443,1,3,0.335,0,0.0,customer_outreach,67
TXN101135,CUST11234,648.55,wallet,insufficient_funds,regular,1,11899.85,25,2,1204,3,0,0.33,0,0.0,customer_outreach,63
TXN101136,CUST13700,667.43,wallet,network_error,at_risk,1,4518.75,297,0,1242,4,1,0.6,1,667.43,smart_retry,55
TXN101137,CUST15518,1135.1,upi,card_declined,regular,3,6918.82,272,3,904,2,0,0.225,0,0.0,human_escalation,77
TXN101138,CUST13436,902.01,upi,card_declined,regular,1,5667.02,155,4,1676,5,0,0.3,1,902.01,customer_outreach,71
TXN101139,CUST17092,933.93,wallet,expired_card,regular,0,3282.19,206,2,1309,3,0,0.515,1,933.93,alternative_payment,58
TXN101140,CUST18443,1333.44,net_banking,network_error,new,1,7818.22,93,0,1315,6,5,0.885,1,1333.44,smart_retry,55
TXN101141,CUST18457,1851.57,debit_card,authentication_failed,regular,3,8393.57,339,3,578,3,0,0.27,1,1851.57,customer_outreach,77
TXN101142,CUST18728,1414.14,wallet,gateway_error,at_risk,1,11325.99,321,0,1099,1,1,0.555,0,0.0,smart_retry,55
TXN101143,CUST13287,9853.18,upi,gateway_error,premium,1,12241.36,78,2,1758,2,1,0.79,1,9853.18,smart_retry,68
TXN101144,CUST17133,802.63,net_banking,expired_card,new,0,8300.84,33,1,1762,6,2,0.68,1,802.63,alternative_payment,54
TXN101145,CUST16757,1135.35,upi,expired_card,regular,1,13392.93,132,4,513,3,1,0.425,1,1135.35,alternative_payment,71
TXN101146,CUST16649,2603.3,debit_card,card_declined,premium,1,3984.1,15,1,1662,3,1,0.565,1,2603.3,customer_outreach,64
TXN101147,CUST15087,1090.69,net_banking,gateway_error,regular,3,17688.49,224,3,1354,4,0,0.535,0,0.0,smart_retry,77
TXN101148,CUST10606,680.48,debit_card,insufficient_funds,regular,0,15149.25,15,2,1647,5,2,0.445,1,680.48,customer_outreach,58
TXN101149,CUST19022,1542.81,debit_card,network_error,new,2,1198.92,249,0,143,1,1,0.66,1,1542.81,smart_retry,60
TXN101150,CUST11375,988.86,upi,authentication_failed,regular,0,4568.25,33,3,1866,5,0,0.405,1,988.86,customer_outreach,62
TXN101151,CUST15954,2681.44,credit_card,gateway_error,at_risk,1,5156.29,72,1,259,3,1,0.545,1,2681.44,smart_retry,59
TXN101152,CUST19354,900.97,wallet,card_declined,regular,4,15887.78,298,4,545,2,1,0.175,1,900.97,human_escalation,86
TXN101153,CUST18133,2765.95,credit_card,insufficient_funds,regular,2,6221.77,161,2,1734,5,2,0.375,0,0.0,customer_outreach,68
TXN101154,CUST13865,770.02,net_banking,insufficient_funds,premium,1,11406.07,90,1,592,4,0,0.535,1,770.02,customer_outreach,64
TXN101155,CUST16690,1394.16,upi,authentication_failed,premium,2,1424.84,274,2,1462,4,1,0.495,1,1394.16,customer_outreach,73
TXN101156,CUST11850,887.38,upi,authentication_failed,regular,1,8872.11,350,1,598,6,1,0.49,1,887.38,customer_outreach,59
TXN101157,CUST12374,2347.78,upi,gateway_error,new,1,8830.97,158,0,1351,3,1,0.765,1,2347.78,smart_retry,55
TXN101158,CUST19925,2748.89,credit_card,network_error,regular,2,5835.97,28,1,548,5,4,0.765,0,0.0,smart_retry,64
TXN101159,CUST19055,805.07,net_banking,expired_card,regular,0,4764.43,359,2,1879,7,3,0.65,0,0.0,alternative_payment,58
TXN101160,CUST11999,710.21,wallet,insufficient_funds,new,3,2655.47,199,0,1893,5,1,0.425,1,710.21,customer_outreach,65
TXN101161,CUST14186,726.27,upi,card_declined,at_risk,2,12808.87,121,2,460,6,2,0.26,1,726.27,human_escalation,68
TXN101162,CUST12625,2330.82,net_banking,network_error,regular,1,11279.99,330,3,1646,7,3,0.725,1,2330.82,smart_retry,67
TXN101163,CUST10555,1184.31,upi,card_declined,new,0,3318.1,252,3,1539,5,1,0.43,0,0.0,customer_outreach,62
TXN101164,CUST15451,1588.3,net_banking,card_declined,new,2,4718.08,358,2,1066,1,0,0.315,1,1588.3,smart_retry,68
TXN101165,CUST15764,807.25,net_banking,authentication_failed,new,2,3605.72,281,2,958,4,0,0.39,0,0.0,customer_outreach,68
TXN101166,CUST10448,487.04,credit_card,network_error,regular,2,5461.62,323,3,1650,6,0,0.6,1,487.04,smart_retry,72
TXN101167,CUST12229,1149.63,credit_card,gateway_error,regular,1,4842.96,157,2,1209,4,1,0.67,1,1149.63,smart_retry,63
TXN101168,CUST11347,1337.89,credit_card,insufficient_funds,regular,2,6998.19,333,1,1764,4,1,0.375,0,0.0,customer_outreach,64
TXN101169,CUST15233,873.82,net_banking,gateway_error,new,3,16688.02,69,2,385,3,0,0.59,0,0.0,smart_retry,73
TXN101170,CUST19716,678.46,upi,expired_card,regular,1,4906.8,213,2,402,5,2,0.56,1,678.46,alternative_payment,63
TXN101171,CUST16447,956.93,net_banking,authentication_failed,regular,2,13184.45,12,4,1355,4,2,0.33,0,0.0,customer_outreach,76
TXN101172,CUST13747,2311.21,credit_card,gateway_error,regular,4,7693.28,360,1,131,5,0,0.595,0,0.0,smart_retry,74
TXN101173,CUST16570,545.37,wallet,gateway_error,regular,1,13583.22,77,0,1992,6,0,0.755,1,545.37,smart_retry,55
TXN101174,CUST16028,1896.57,debit_card,authentication_failed,premium,2,5265.96,270,3,1613,4,1,0.495,0,0.0,customer_outreach,77
TXN101175,CUST17433,283.69,net_banking,card_declined,regular,0,10129.25,105,1,1967,3,1,0.45,1,283.69,customer_outreach,54
TXN101176,CUST14717,951.99,net_banking,gateway_error,premium,2,24387.34,106,4,471,4,0,0.68,1,951.99,smart_retry,81
TXN101177,CUST14636,486.79,debit_card,gateway_error,regular,3,4806.28,75,0,624,7,2,0.75,1,486.79,smart_retry,65
TXN101178,CUST14289,797.31,debit_card,authentication_failed,regular,1,15114.96,128,2,1223,3,1,0.405,0,0.0,customer_outreach,63
TXN101179,CUST17506,868.32,credit_card,card_declined,regular,1,2863.04,166,3,1436,2,2,0.345,1,868.32,smart_retry,67
TXN101180,CUST16283,1379.75,net_banking,network_error,regular,1,2781.04,38,0,1170,5,1,0.765,0,0.0,smart_retry,55
TXN101181,CUST10962,494.43,credit_card,expired_card,at_risk,0,9025.79,242,2,1271,2,0,0.35,0,0.0,alternative_payment,58
TXN101182,CUST19801,1934.28,credit_card,card_declined,regular,1,13189.65,318,3,649,1,0,0.28,0,0.0,human_escalation,67
TXN101183,CUST16466,1669.21,upi,insufficient_funds,at_risk,1,26359.87,287,0,1218,8,0,0.335,1,1669.21,payment_plan,55
TXN101184,CUST14264,548.09,debit_card,authentication_failed,regular,1,7358.0,174,3,300,3,3,0.415,1,548.09,customer_outreach,67
TXN101185,CUST11468,432.58,upi,network_error,regular,0,7661.6,73,2,269,3,1,0.69,1,432.58,smart_retry,58
TXN101186,CUST15132,523.93,credit_card,insufficient_funds,regular,1,9752.89,144,2,1926,9,1,0.445,0,0.0,customer_outreach,63
TXN101187,CUST14635,603.09,upi,authentication_failed,new,2,2013.58,136,4,671,2,1,0.305,0,0.0,customer_outreach,76
TXN101188,CUST17139,2203.25,debit_card,expired_card,new,0,16246.91,252,1,1168,7,3,0.72,1,2203.25,alternative_payment,54
TXN101189,CUST17208,1754.52,credit_card,insufficient_funds,premium,0,21811.45,118,1,103,2,2,0.59,1,1754.52,customer_outreach,59
TXN101190,CUST14263,766.74,debit_card,network_error,regular,0,4947.39,60,3,113,3,0,0.625,0,0.0,smart_retry,62
TXN101191,CUST17233,2241.55,upi,network_error,regular,3,7515.03,235,3,260,3,1,0.545,0,0.0,smart_retry,77
TXN101192,CUST12425,2146.16,credit_card,expired_card,premium,1,2841.31,146,1,1739,4,1,0.71,1,2146.16,alternative_payment,64
TXN101193,CUST12757,939.88,wallet,expired_card,regular,1,18441.65,340,4,464,4,1,0.44,0,0.0,alternative_payment,71
TXN101194,CUST19560,1365.11,credit_card,authentication_failed,new,0,11635.54,93,3,1915,5,1,0.46,0,0.0,customer_outreach,62
TXN101195,CUST11258,966.22,debit_card,gateway_error,regular,0,6347.1,169,0,612,2,0,0.73,0,0.0,smart_retry,50
TXN101196,CUST11998,884.06,net_banking,expired_card,regular,2,8641.14,55,2,344,2,1,0.455,0,0.0,alternative_payment,68
TXN101197,CUST10473,885.98,credit_card,gateway_error,new,0,5475.33,338,3,959,4,1,0.695,1,885.98,smart_retry,62
TXN101198,CUST14412,936.61,wallet,network_error,premium,1,63846.27,23,4,1977,1,1,0.695,1,936.61,smart_retry,76
TXN101199,CUST17423,2208.69,upi,network_error,at_risk,1,9343.08,292,1,462,6,0,0.565,0,0.0,smart_retry,59
TXN101200,CUST10797,1744.91,upi,expired_card,new,0,10375.93,37,4,1979,2,1,0.475,0,0.0,alternative_payment,66
TXN101201,CUST19867,1886.91,net_banking,card_declined,regular,2,2755.19,92,1,1608,3,1,0.38,0,0.0,customer_outreach,64
TXN101202,CUST11461,594.01,credit_card,insufficient_funds,regular,4,3864.69,207,2,1355,9,1,0.34,0,0.0,payment_plan,78
TXN101203,CUST11975,418.11,upi,gateway_error,new,1,13251.48,159,4,298,4,0,0.595,1,418.11,smart_retry,71
TXN101204,CUST15882,2697.73,credit_card,expired_card,regular,0,11128.92,251,3,1843,4,0,0.49,0,0.0,alternative_payment,62
TXN101205,CUST16358,641.42,net_banking,expired_card,regular,0,8409.93,217,0,1579,3,1,0.62,1,641.42,alternative_payment,50
TXN101206,CUST16922,1300.78,upi,authentication_failed,regular,1,2540.17,323,3,220,2,1,0.35,1,1300.78,customer_outreach,67
TXN101207,CUST10662,1251.71,wallet,expired_card,at_risk,2,2621.12,347,1,1356,5,0,0.365,1,1251.71,alternative_payment,64
TXN101208,CUST12540,2305.01,net_banking,authentication_failed,regular,0,8872.68,269,0,625,4,1,0.535,0,0.0,customer_outreach,50
TXN101209,CUST17671,842.19,net_banking,card_declined,at_risk,2,3798.7,245,2,334,4,1,0.205,0,0.0,human_escalation,68
TXN101210,CUST12093,396.26,upi,insufficient_funds,regular,1,64127.75,152,4,127,4,0,0.265,0,0.0,payment_plan,71
TXN101211,CUST10738,1639.2,wallet,card_declined,regular,3,4528.01,212,0,981,7,0,0.42,1,1639.2,alternative_payment,65
TXN101212,CUST19313,1011.51,upi,expired_card,regular,0,7608.32,42,4,63,5,1,0.49,1,1011.51,alternative_payment,66
TXN101213,CUST11866,1028.96,net_banking,insufficient_funds,new,2,15489.07,202,0,200,10,1,0.535,0,0.0,customer_outreach,60
TXN101214,CUST14876,399.52,upi,authentication_failed,new,1,7355.28,344,3,1307,4,2,0.435,0,0.0,customer_outreach,67
TXN101215,CUST14342,1373.85,upi,insufficient_funds,regular,0,6188.07,41,4,561,5,1,0.34,0,0.0,payment_plan,66
TXN101216,CUST17107,556.11,wallet,card_declined,premium,2,11659.78,60,0,381,5,0,0.575,1,556.11,customer_outreach,65
TXN101217,CUST17817,1260.73,net_banking,network_error,regular,1,5693.61,337,4,1516,0,2,0.555,0,0.0,smart_retry,71
TXN101218,CUST17974,1607.27,upi,authentication_failed,new,0,2839.78,316,2,1444,8,1,0.545,1,1607.27,customer_outreach,58
TXN101219,CUST16471,1018.32,upi,card_declined,premium,1,8030.81,8,1,259,3,3,0.615,1,1018.32,customer_outreach,64
TXN101220,CUST10260,885.56,debit_card,card_declined,regular,0,14406.89,333,1,1360,5,1,0.48,1,885.56,smart_retry,54
TXN101221,CUST17139,1966.82,wallet,insufficient_funds,premium,2,4982.82,238,1,1000,6,1,0.555,0,0.0,customer_outreach,69
TXN101222,CUST10357,580.97,credit_card,insufficient_funds,at_risk,1,3216.11,360,3,1023,5,1,0.195,0,0.0,customer_outreach,67
TXN101223,CUST10321,2358.44,net_banking,authentication_failed,regular,0,3296.67,151,4,1728,4,1,0.375,0,0.0,customer_outreach,66
TXN101224,CUST16418,1139.91,credit_card,expired_card,premium,2,10290.3,323,3,881,3,1,0.58,1,1139.91,alternative_payment,77
TXN101225,CUST18121,573.47,wallet,authentication_failed,new,1,50305.71,149,0,1028,4,2,0.555,1,573.47,customer_outreach,55
TXN101226,CUST16548,1531.17,net_banking,authentication_failed,regular,0,37713.74,314,3,504,8,0,0.45,1,1531.17,customer_outreach,62
TXN101227,CUST10994,714.79,wallet,card_declined,regular,1,9312.74,162,4,160,5,2,0.35,1,714.79,customer_outreach,71
TXN101228,CUST16834,2550.18,net_banking,card_declined,regular,1,3394.86,331,2,948,5,0,0.38,1,2550.18,alternative_payment,63
TXN101229,CUST17147,1134.35,credit_card,insufficient_funds,regular,2,8970.88,99,3,734,5,3,0.36,0,0.0,customer_outreach,72
TXN101230,CUST13802,990.56,wallet,insufficient_funds,regular,1,5211.43,351,2,1917,0,1,0.31,1,990.56,customer_outreach,63
TXN101231,CUST12148,541.14,upi,network_error,new,2,8797.75,214,2,1660,4,0,0.64,0,0.0,smart_retry,68
TXN101232,CUST17738,2001.95,debit_card,authentication_failed,regular,2,2870.58,354,0,1396,1,3,0.47,0,0.0,customer_outreach,60
TXN101233,CUST17911,309.27,debit_card,insufficient_funds,regular,0,7544.18,311,3,236,2,4,0.41,0,0.0,customer_outreach,62
TXN101234,CUST18089,740.21,upi,insufficient_funds,regular,0,13408.53,25,0,764,3,2,0.495,1,740.21,customer_outreach,50
TXN101235,CUST15849,805.7,debit_card,insufficient_funds,new,1,5730.09,258,0,1682,6,0,0.485,0,0.0,payment_plan,55
TXN101236,CUST15533,812.3,net_banking,card_declined,regular,0,2854.92,62,4,488,2,2,0.34,0,0.0,customer_outreach,66
TXN101237,CUST14224,661.11,upi,expired_card,new,2,13565.05,286,2,1865,5,1,0.53,0,0.0,alternative_payment,68
TXN101238,CUST12476,635.82,wallet,authentication_failed,regular,1,2841.28,362,0,1927,8,0,0.535,0,0.0,customer_outreach,55
TXN101239,CUST17173,980.65,net_banking,card_declined,at_risk,3,3820.94,313,4,1631,1,0,0.05,0,0.0,human_escalation,81
TXN101240,CUST11669,930.26,wallet,card_declined,regular,2,29582.39,86,0,1813,5,0,0.425,0,0.0,smart_retry,60
TXN101241,CUST15925,683.06,debit_card,network_error,regular,1,14981.26,227,4,1050,4,0,0.565,1,683.06,smart_retry,71
TXN101242,CUST11626,2903.74,debit_card,network_error,regular,2,3842.98,71,0,1767,3,0,0.675,0,0.0,smart_retry,60
TXN101243,CUST13307,1785.51,net_banking,gateway_error,new,1,2101.69,4,1,1739,1,0,0.67,0,0.0,smart_retry,59
TXN101244,CUST17760,1774.5,upi,expired_card,regular,1,13848.16,44,2,792,4,0,0.495,0,0.0,alternative_payment,63
TXN101245,CUST16799,2358.91,upi,network_error,regular,2,8557.01,78,4,893,2,0,0.5,0,0.0,smart_retry,76
TXN101246,CUST13738,315.1,debit_card,gateway_error,regular,0,2268.34,210,3,1979,4,1,0.665,0,0.0,smart_retry,62
TXN101247,CUST18456,2612.49,upi,card_declined,regular,1,4357.69,6,4,1962,3,1,0.295,0,0.0,human_escalation,71
TXN101248,CUST11140,1723.81,credit_card,expired_card,regular,2,4413.69,85,3,155,4,1,0.445,1,1723.81,alternative_payment,72
TXN101249,CUST16443,1282.64,credit_card,network_error,at_risk,2,13136.29,78,4,148,1,0,0.335,0,0.0,smart_retry,76
TXN101250,CUST18516,775.97,upi,gateway_error,regular,2,17019.79,349,4,1819,3,0,0.515,1,775.97,smart_retry,76
TXN101251,CUST14986,688.57,upi,expired_card,premium,0,8673.58,144,4,1280,4,1,0.625,1,688.57,alternative_payment,71
TXN101252,CUST12406,1684.92,net_banking,gateway_error,regular,1,9771.73,279,4,1644,3,1,0.575,1,1684.92,smart_retry,71
TXN101253,CUST17244,655.37,upi,network_error,regular,2,3119.09,102,2,202,3,0,0.595,1,655.37,smart_retry,68
TXN101254,CUST10605,1084.66,wallet,expired_card,regular,0,3474.32,65,4,1137,3,0,0.435,1,1084.66,alternative_payment,66
TXN101255,CUST14651,908.21,debit_card,card_declined,regular,0,11355.55,160,4,727,3,3,0.38,0,0.0,alternative_payment,66
TXN101256,CUST12621,1377.75,credit_card,card_declined,new,0,24367.01,277,4,559,3,0,0.335,1,1377.75,smart_retry,66
TXN101257,CUST14979,827.18,net_banking,authentication_failed,premium,0,1874.16,31,2,561,9,0,0.615,1,827.18,customer_outreach,63
TXN101258,CUST18314,1993.25,upi,card_declined,premium,0,14715.92,334,0,949,3,1,0.64,1,1993.25,customer_outreach,55
TXN101259,CUST14881,1002.22,wallet,network_error,premium,0,20664.11,174,1,1679,4,1,0.895,1,1002.22,smart_retry,59
TXN101260,CUST19528,475.64,wallet,network_error,new,0,3185.14,322,4,1759,5,0,0.645,1,475.64,smart_retry,66
TXN101261,CUST19757,1098.92,debit_card,expired_card,regular,1,5324.7,342,4,1407,5,0,0.43,0,0.0,alternative_payment,71
TXN101262,CUST12293,1307.09,net_banking,authentication_failed,new,0,19350.51,54,2,1087,3,0,0.445,0,0.0,customer_outreach,58
TXN101263,CUST19541,664.72,debit_card,expired_card,regular,0,4022.06,76,3,1726,3,0,0.475,0,0.0,alternative_payment,62
TXN101264,CUST16751,945.1,credit_card,card_declined,premium,2,9266.43,67,3,469,7,1,0.51,0,0.0,customer_outreach,77
TXN101265,CUST17309,528.97,credit_card,expired_card,regular,0,2537.73,207,4,1174,2,1,0.445,0,0.0,alternative_payment,66
TXN101266,CUST18502,774.09,net_banking,expired_card,regular,2,4599.2,326,3,931,3,0,0.405,1,774.09,alternative_payment,72
TXN101267,CUST18020,3021.38,net_banking,insufficient_funds,premium,1,7792.98,66,3,1486,2,2,0.475,1,3021.38,customer_outreach,72
TXN101268,CUST12119,1159.86,wallet,authentication_failed,premium,2,4687.13,109,3,999,5,1,0.51,0,0.0,customer_outreach,77
TXN101269,CUST10534,3784.85,debit_card,authentication_failed,regular,3,8843.71,61,4,1775,6,1,0.3,1,3784.85,customer_outreach,81
TXN101270,CUST16694,5014.67,credit_card,card_declined,regular,2,14064.59,149,0,1100,1,2,0.415,1,5014.67,smart_retry,60
TXN101271,CUST11929,800.9,upi,expired_card,at_risk,1,7920.49,156,2,1025,2,1,0.34,0,0.0,alternative_payment,63
TXN101272,CUST10458,1265.02,debit_card,insufficient_funds,new,5,2573.83,216,0,1948,4,1,0.34,1,1265.02,customer_outreach,75
TXN101273,CUST14644,427.26,debit_card,insufficient_funds,new,2,6899.26,251,0,280,5,1,0.46,1,427.26,customer_outreach,60
TXN101274,CUST11106,2653.41,credit_card,gateway_error,regular,1,2716.31,159,4,956,10,0,0.655,1,2653.41,smart_retry,71
TXN101275,CUST15534,1004.63,net_banking,gateway_error,new,1,7686.69,311,1,1590,2,0,0.685,1,1004.63,smart_retry,59
TXN101276,CUST12269,1018.74,wallet,network_error,regular,0,9002.35,231,3,335,2,1,0.635,1,1018.74,smart_retry,62
TXN101277,CUST15328,1294.32,credit_card,authentication_failed,regular,3,21053.75,210,3,506,7,2,0.38,0,0.0,customer_outreach,77
TXN101278,CUST16478,884.52,upi,authentication_failed,premium,1,1599.4,344,3,1537,2,0,0.435,1,884.52,customer_outreach,72
TXN101279,CUST14544,973.02,credit_card,insufficient_funds,new,0,12142.06,293,2,1179,4,1,0.435,1,973.02,payment_plan,58
TXN101280,CUST19164,1809.39,credit_card,insufficient_funds,at_risk,3,6767.06,278,4,1581,1,1,0.05,0,0.0,payment_plan,81
TXN101281,CUST19342,453.04,wallet,insufficient_funds,new,3,6834.32,258,0,276,7,1,0.455,0,0.0,payment_plan,65
TXN101282,CUST10310,1058.29,upi,insufficient_funds,regular,0,7505.1,362,4,939,6,2,0.38,0,0.0,payment_plan,66
TXN101283,CUST18741,2026.19,wallet,expired_card,regular,2,11267.61,24,3,1795,5,1,0.46,0,0.0,alternative_payment,72
TXN101284,CUST10381,520.46,upi,gateway_error,regular,3,19885.12,13,4,679,4,1,0.52,0,0.0,smart_retry,81
TXN101285,CUST16258,1778.81,upi,card_declined,premium,1,14266.8,51,4,374,5,0,0.45,1,1778.81,customer_outreach,76
TXN101286,CUST14675,1092.8,debit_card,insufficient_funds,regular,1,3781.51,46,1,658,6,0,0.415,0,0.0,customer_outreach,59
TXN101287,CUST12772,581.33,credit_card,authentication_failed,at_risk,2,17681.4,93,0,1490,6,1,0.345,0,0.0,customer_outreach,60
TXN101288,CUST10958,2406.45,upi,gateway_error,premium,0,19461.34,73,3,1858,2,0,0.76,1,2406.45,smart_retry,67
TXN101289,CUST15311,805.77,upi,gateway_error,at_risk,3,31823.29,62,0,444,8,1,0.59,1,805.77,smart_retry,65
TXN101290,CUST13925,469.19,wallet,authentication_failed,regular,1,8986.61,261,4,818,7,0,0.36,0,0.0,customer_outreach,71
TXN101291,CUST11885,1546.17,upi,card_declined,regular,1,5372.9,284,3,164,5,1,0.365,0,0.0,customer_outreach,67
TXN101292,CUST10473,2375.43,net_banking,network_error,regular,0,33020.41,10,2,1164,3,1,0.69,1,2375.43,smart_retry,58
TXN101293,CUST19603,1104.13,credit_card,insufficient_funds,new,2,2643.75,334,1,653,7,0,0.425,1,1104.13,customer_outreach,64
TXN101294,CUST17306,2591.77,credit_card,network_error,regular,3,14591.48,73,2,1136,3,3,0.635,1,2591.77,smart_retry,73
TXN101295,CUST12755,562.64,debit_card,authentication_failed,at_risk,0,9286.64,285,3,115,1,3,0.27,0,0.0,customer_outreach,62
TXN101296,CUST10016,2076.23,net_banking,authentication_failed,regular,1,5740.97,86,0,153,2,1,0.47,0,0.0,customer_outreach,55
TXN101297,CUST17900,717.83,upi,authentication_failed,regular,2,7479.92,349,3,749,2,0,0.29,0,0.0,customer_outreach,72
TXN101298,CUST13485,1671.63,wallet,authentication_failed,regular,0,8381.74,83,4,1183,5,1,0.39,0,0.0,customer_outreach,66
TXN101299,CUST11145,638.52,upi,card_declined,regular,1,3401.68,63,1,1514,4,3,0.48,0,0.0,alternative_payment,59
TXN101300,CUST14578,687.01,net_banking,insufficient_funds,regular,2,4914.35,163,2,1330,8,1,0.395,0,0.0,customer_outreach,68
TXN101301,CUST17417,1234.17,upi,insufficient_funds,regular,1,34873.4,165,2,461,6,0,0.375,1,1234.17,customer_outreach,63
TXN101302,CUST19822,2227.88,upi,card_declined,at_risk,1,18694.5,69,0,1276,2,1,0.29,1,2227.88,human_escalation,55
TXN101303,CUST17807,1301.77,credit_card,card_declined,regular,3,9826.72,212,4,1863,1,0,0.17,1,1301.77,human_escalation,81
TXN101304,CUST18011,2310.47,net_banking,authentication_failed,premium,0,15253.27,333,0,1133,3,1,0.67,1,2310.47,customer_outreach,55
TXN101305,CUST10507,476.79,net_banking,network_error,premium,1,7651.33,193,4,763,4,0,0.715,1,476.79,smart_retry,76
TXN101306,CUST16336,652.62,debit_card,network_error,at_risk,1,1901.05,64,3,788,2,1,0.41,1,652.62,smart_retry,67
TXN101307,CUST13161,1354.32,net_banking,card_declined,regular,1,8148.06,11,2,1423,3,1,0.375,0,0.0,alternative_payment,63
TXN101308,CUST15862,1672.76,debit_card,card_declined,new,1,6159.96,321,2,1685,4,0,0.395,0,0.0,alternative_payment,63
TXN101309,CUST13623,4141.49,debit_card,gateway_error,at_risk,2,3715.89,19,2,1039,4,2,0.51,0,0.0,smart_retry,68
TXN101310,CUST19929,598.52,debit_card,card_declined,regular,1,40740.58,327,3,257,5,2,0.39,1,598.52,customer_outreach,67
TXN101311,CUST19324,3049.71,wallet,gateway_error,regular,2,6371.48,100,4,1406,3,0,0.515,1,3049.71,smart_retry,76
TXN101312,CUST19879,992.77,wallet,insufficient_funds,premium,2,11314.76,66,0,290,1,2,0.545,0,0.0,customer_outreach,65
TXN101313,CUST19337,1134.59,debit_card,authentication_failed,new,2,16568.81,141,1,1766,4,3,0.505,1,1134.59,customer_outreach,64
TXN101314,CUST10378,1423.31,wallet,authentication_failed,regular,2,35738.72,287,3,34,3,0,0.305,0,0.0,customer_outreach,72
TXN101315,CUST16997,1571.64,credit_card,expired_card,regular,1,19594.09,209,2,279,1,2,0.5,1,1571.64,alternative_payment,63
TXN101316,CUST18491,2025.84,net_banking,gateway_error,regular,1,20206.23,23,1,126,5,1,0.725,1,2025.84,smart_retry,59
TXN101317,CUST14553,329.14,net_banking,authentication_failed,regular,0,15597.08,3,3,428,1,3,0.42,1,329.14,customer_outreach,62
TXN101318,CUST15483,6258.89,credit_card,authentication_failed,new,2,4995.98,116,3,1991,3,0,0.335,0,0.0,customer_outreach,72
TXN101319,CUST11219,2554.44,debit_card,insufficient_funds,regular,0,8493.39,160,0,1312,6,2,0.54,1,2554.44,payment_plan,50
TXN101320,CUST10456,1055.35,net_banking,gateway_error,new,3,6524.7,304,2,1751,0,0,0.545,1,1055.35,smart_retry,73
TXN101321,CUST14102,742.65,debit_card,card_declined,regular,2,11436.81,175,0,1712,5,0,0.425,1,742.65,customer_outreach,60
TXN101322,CUST18514,1671.12,debit_card,card_declined,new,1,25032.34,318,3,1594,1,1,0.335,0,0.0,smart_retry,67
TXN101323,CUST17314,609.2,wallet,card_declined,premium,0,4219.07,32,0,802,6,2,0.71,1,609.2,customer_outreach,55
TXN101324,CUST15132,747.65,credit_card,insufficient_funds,premium,1,9772.98,227,0,647,3,3,0.635,0,0.0,customer_outreach,60
TXN101325,CUST11077,1040.35,credit_card,network_error,premium,3,1552.22,27,2,1770,3,1,0.695,0,0.0,smart_retry,78
TXN101326,CUST16249,1827.83,net_banking,card_declined,regular,0,12978.71,211,1,1800,3,0,0.425,0,0.0,alternative_payment,54
TXN101327,CUST10173,2039.53,net_banking,gateway_error,regular,2,10874.3,220,4,1298,7,1,0.6,0,0.0,smart_retry,76
TXN101328,CUST11659,1507.02,upi,network_error,at_risk,1,5417.79,14,3,1089,7,1,0.525,0,0.0,smart_retry,67
TXN101329,CUST15377,749.13,wallet,insufficient_funds,premium,1,13364.82,7,4,1490,10,0,0.505,1,749.13,payment_plan,76
TXN101330,CUST19713,669.06,debit_card,authentication_failed,premium,1,7389.89,261,2,757,6,2,0.625,1,669.06,customer_outreach,68
TXN101331,CUST16897,951.78,net_banking,network_error,regular,0,6720.2,96,1,311,10,3,0.885,1,951.78,smart_retry,54
TXN101332,CUST10722,1122.76,credit_card,insufficient_funds,regular,1,4537.26,224,4,1995,2,1,0.26,0,0.0,customer_outreach,71
TXN101333,CUST15098,4575.01,wallet,authentication_failed,new,0,21196.12,76,3,662,5,0,0.435,1,4575.01,customer_outreach,62
TXN101334,CUST19884,1565.39,upi,expired_card,regular,3,14479.25,5,4,1231,3,4,0.43,0,0.0,alternative_payment,81
TXN101335,CUST12369,770.05,credit_card,insufficient_funds,regular,1,15688.48,287,0,894,5,0,0.44,1,770.05,customer_outreach,55
TXN101336,CUST13201,1708.92,debit_card,network_error,at_risk,0,10217.2,36,2,417,4,0,0.53,1,1708.92,smart_retry,58
TXN101337,CUST17794,2673.69,net_banking,authentication_failed,regular,2,8220.41,297,4,717,4,1,0.305,0,0.0,customer_outreach,76
TXN101338,CUST14909,1547.18,net_banking,expired_card,regular,1,16074.56,233,0,1045,4,1,0.6,0,0.0,alternative_payment,55
TXN101339,CUST13594,1031.3,credit_card,network_error,regular,0,10481.96,118,3,1307,5,0,0.655,1,1031.3,smart_retry,62
TXN101340,CUST13492,306.07,debit_card,gateway_error,new,3,5114.08,170,3,450,5,0,0.58,0,0.0,smart_retry,77
TXN101341,CUST16558,411.63,debit_card,card_declined,regular,0,17916.6,38,2,91,1,1,0.38,0,0.0,alternative_payment,58
TXN101342,CUST11887,1127.73,debit_card,expired_card,regular,1,19033.85,324,4,1899,3,2,0.45,0,0.0,alternative_payment,71
TXN101343,CUST15896,1263.11,credit_card,card_declined,regular,2,8543.39,146,1,478,9,0,0.445,1,1263.11,customer_outreach,64
TXN101344,CUST12855,326.69,upi,authentication_failed,regular,3,6681.37,101,0,390,3,2,0.44,1,326.69,customer_outreach,65
TXN101345,CUST14289,813.22,credit_card,card_declined,new,0,15190.68,71,3,1371,4,1,0.415,0,0.0,smart_retry,62
TXN101346,CUST15544,412.28,debit_card,expired_card,regular,2,3617.83,190,2,1383,7,1,0.53,0,0.0,alternative_payment,68
TXN101347,CUST12807,606.28,wallet,authentication_failed,new,0,9972.0,365,0,272,4,0,0.54,1,606.28,customer_outreach,50
TXN101348,CUST12366,839.44,debit_card,insufficient_funds,regular,1,7931.54,194,2,681,6,2,0.425,0,0.0,customer_outreach,63
TXN101349,CUST14006,1325.26,credit_card,authentication_failed,regular,1,65763.4,275,2,1647,4,1,0.42,0,0.0,customer_outreach,63
TXN101350,CUST12434,1106.89,upi,insufficient_funds,premium,0,5409.5,144,1,1773,4,2,0.62,0,0.0,customer_outreach,59
TXN101351,CUST13428,3173.2,credit_card,gateway_error,new,3,46805.78,315,0,372,4,0,0.685,1,3173.2,smart_retry,65
TXN101352,CUST18333,1376.46,net_banking,network_error,new,1,9516.92,192,3,1092,5,2,0.7,1,1376.46,smart_retry,67
TXN101353,CUST17606,641.13,debit_card,expired_card,new,1,14876.73,270,3,1495,4,3,0.56,0,0.0,alternative_payment,67
TXN101354,CUST18106,1748.65,net_banking,expired_card,regular,2,23879.97,327,4,1360,2,1,0.375,0,0.0,alternative_payment,76
TXN101355,CUST10599,477.65,debit_card,insufficient_funds,new,2,8820.79,232,1,840,3,1,0.39,1,477.65,payment_plan,64
TXN101356,CUST15013,1157.86,net_banking,gateway_error,regular,3,13067.56,192,2,1157,7,0,0.62,1,1157.86,smart_retry,73
TXN101357,CUST11388,1157.52,debit_card,card_declined,regular,2,8055.24,266,2,501,8,4,0.49,0,0.0,alternative_payment,68
TXN101358,CUST10674,761.0,net_banking,authentication_failed,regular,1,30562.7,219,3,987,5,0,0.37,0,0.0,customer_outreach,67
TXN101359,CUST17086,773.26,net_banking,expired_card,new,1,5335.58,163,2,813,3,1,0.535,0,0.0,alternative_payment,63
TXN101360,CUST10404,3251.36,debit_card,gateway_error,regular,1,12061.51,331,0,765,3,3,0.785,1,3251.36,smart_retry,55
TXN101361,CUST11350,1277.27,upi,authentication_failed,regular,1,5406.32,330,0,1639,3,2,0.51,0,0.0,customer_outreach,55
TXN101362,CUST14528,1251.1,debit_card,card_declined,premium,2,3417.9,185,0,1148,7,2,0.655,1,1251.1,customer_outreach,65
TXN101363,CUST13281,552.38,upi,insufficient_funds,regular,2,4554.07,129,2,1556,6,2,0.39,1,552.38,customer_outreach,68
TXN101364,CUST13123,1618.23,wallet,insufficient_funds,at_risk,1,14630.34,279,2,47,4,1,0.22,0,0.0,customer_outreach,63
TXN101365,CUST14617,2335.86,upi,gateway_error,at_risk,1,7944.31,297,0,996,4,0,0.575,1,2335.86,smart_retry,55
TXN101366,CUST18399,486.6,debit_card,gateway_error,regular,1,2231.23,108,3,508,5,1,0.645,0,0.0,smart_retry,67
TXN101367,CUST18451,4169.81,wallet,authentication_failed,new,4,20316.97,237,2,1651,2,1,0.315,0,0.0,customer_outreach,78
TXN101368,CUST11406,1650.72,upi,insufficient_funds,regular,2,2201.13,358,3,459,6,0,0.3,0,0.0,customer_outreach,72
TXN101369,CUST17372,1099.75,wallet,card_declined,regular,2,5451.84,296,1,655,4,1,0.395,1,1099.75,alternative_payment,64
TXN101370,CUST10158,1978.11,net_banking,network_error,new,1,19383.85,174,1,888,5,3,0.805,1,1978.11,smart_retry,59
TXN101371,CUST16974,407.96,net_banking,network_error,regular,0,4488.44,167,4,77,5,4,0.715,1,407.96,smart_retry,66
TXN101372,CUST19299,731.59,credit_card,insufficient_funds,regular,0,3494.47,170,4,1319,6,2,0.38,0,0.0,customer_outreach,66
TXN101373,CUST16247,2406.89,debit_card,gateway_error,premium,1,4755.18,198,1,1002,8,1,0.92,0,0.0,smart_retry,64
TXN101374,CUST11779,2130.15,upi,authentication_failed,at_risk,0,15644.49,328,2,220,5,1,0.32,0,0.0,customer_outreach,58
TXN101375,CUST12808,804.1,credit_card,network_error,regular,0,5027.62,17,4,1030,6,0,0.63,0,0.0,smart_retry,66
TXN101376,CUST10439,961.12,debit_card,insufficient_funds,premium,0,7755.85,198,2,451,2,3,0.575,1,961.12,payment_plan,63
TXN101377,CUST14769,212.57,wallet,card_declined,regular,1,5452.11,189,4,52,5,0,0.3,0,0.0,smart_retry,71
TXN101378,CUST15353,294.89,net_banking,gateway_error,regular,2,9079.32,57,1,1128,2,2,0.67,1,294.89,smart_retry,64
TXN101379,CUST16855,557.97,net_banking,network_error,premium,0,6232.05,106,1,1812,3,1,0.88,0,0.0,smart_retry,59
TXN101380,CUST13369,2477.37,upi,gateway_error,new,1,5021.83,341,3,355,2,0,0.605,0,0.0,smart_retry,67
TXN101381,CUST19891,643.2,wallet,expired_card,regular,3,11528.82,258,3,594,7,1,0.455,0,0.0,alternative_payment,77
TXN101382,CUST13304,180.85,credit_card,insufficient_funds,regular,1,42455.11,205,4,1683,4,2,0.315,1,180.85,payment_plan,71
TXN101383,CUST18615,1322.33,upi,authentication_failed,new,0,6543.63,236,3,1209,2,3,0.465,1,1322.33,customer_outreach,62
TXN101384,CUST10640,6323.75,credit_card,expired_card,regular,1,3790.64,234,2,1464,7,1,0.565,0,0.0,alternative_payment,63
TXN101385,CUST14873,995.58,net_banking,authentication_failed,new,2,11902.32,90,3,540,8,1,0.435,1,995.58,customer_outreach,72
TXN101386,CUST12942,673.74,wallet,network_error,regular,0,2897.29,197,1,1460,5,2,0.785,0,0.0,smart_retry,54
TXN101387,CUST19316,1691.3,credit_card,gateway_error,regular,3,13891.26,23,1,1843,2,0,0.585,1,1691.3,smart_retry,69
TXN101388,CUST12587,1102.98,upi,network_error,regular,1,33051.41,342,0,1459,5,1,0.765,0,0.0,smart_retry,55
TXN101389,CUST13559,751.09,net_banking,gateway_error,at_risk,2,5599.43,284,0,785,4,0,0.54,1,751.09,smart_retry,60
TXN101390,CUST11253,1060.92,credit_card,authentication_failed,new,0,6761.9,167,3,953,3,0,0.405,1,1060.92,customer_outreach,62
TXN101391,CUST12700,2749.27,upi,insufficient_funds,regular,1,4067.83,237,0,179,3,3,0.485,0,0.0,customer_outreach,55
TXN101392,CUST16244,1814.76,upi,network_error,regular,3,40756.04,100,3,107,4,0,0.535,1,1814.76,smart_retry,77
TXN101393,CUST10175,761.93,upi,card_declined,new,1,15576.5,70,2,1402,3,1,0.405,1,761.93,alternative_payment,63
TXN101394,CUST17606,558.77,net_banking,gateway_error,premium,2,4325.77,281,1,1491,3,2,0.835,0,0.0,smart_retry,69
TXN101395,CUST17171,1109.48,debit_card,gateway_error,new,1,3407.5,83,1,1747,1,2,0.72,1,1109.48,smart_retry,59
TXN101396,CUST10295,3575.3,wallet,card_declined,regular,0,13974.47,64,4,1548,5,2,0.385,1,3575.3,customer_outreach,66
TXN101397,CUST12759,2095.13,credit_card,network_error,new,0,14603.0,347,2,344,3,1,0.72,0,0.0,smart_retry,58
TXN101398,CUST17219,1943.64,upi,insufficient_funds,regular,1,10577.1,18,4,472,5,1,0.305,0,0.0,customer_outreach,71
TXN101399,CUST10782,1655.99,wallet,network_error,regular,1,11225.21,338,0,829,3,2,0.76,1,1655.99,smart_retry,55
TXN101400,CUST15051,1516.11,net_banking,card_declined,regular,1,14160.98,25,3,1601,4,0,0.325,0,0.0,smart_retry,67
TXN101401,CUST14091,647.93,upi,insufficient_funds,regular,2,37105.87,9,3,87,2,2,0.29,0,0.0,payment_plan,72
TXN101402,CUST15523,891.24,debit_card,network_error,regular,1,3898.23,113,0,1662,3,2,0.76,1,891.24,smart_retry,55
TXN101403,CUST12750,2267.56,debit_card,card_declined,regular,1,12106.3,56,2,690,2,1,0.36,1,2267.56,alternative_payment,63
TXN101404,CUST13105,1899.82,wallet,insufficient_funds,at_risk,0,12440.16,203,3,277,4,0,0.19,0,0.0,payment_plan,62
TXN101405,CUST13502,1189.35,credit_card,expired_card,regular,1,4332.79,8,3,1369,2,1,0.45,0,0.0,alternative_payment,67
TXN101406,CUST15181,1042.48,credit_card,gateway_error,regular,1,17239.55,113,0,1377,2,1,0.72,0,0.0,smart_retry,55
TXN101407,CUST14562,622.6,wallet,expired_card,premium,2,4465.76,112,3,647,4,0,0.57,1,622.6,alternative_payment,77
TXN101408,CUST19811,591.34,net_banking,card_declined,new,1,10053.57,292,1,545,5,0,0.45,1,591.34,smart_retry,59
TXN101409,CUST19828,747.96,upi,network_error,regular,1,5372.02,348,1,710,2,1,0.68,1,747.96,smart_retry,59
TXN101410,CUST12872,1027.92,upi,network_error,regular,3,4902.6,172,0,1276,5,0,0.67,0,0.0,smart_retry,65
TXN101411,CUST19585,679.11,net_banking,gateway_error,regular,0,50118.78,120,4,1233,6,0,0.63,1,679.11,smart_retry,66
TXN101412,CUST10217,940.69,debit_card,card_declined,regular,1,5475.53,64,2,514,3,2,0.4,0,0.0,alternative_payment,63
TXN101413,CUST17020,192.1,debit_card,authentication_failed,premium,0,6407.0,71,2,1051,5,2,0.645,1,192.1,customer_outreach,63
TXN101414,CUST14859,1375.78,debit_card,insufficient_funds,regular,1,9162.51,329,0,517,4,0,0.425,0,0.0,customer_outreach,55
TXN101415,CUST15385,1801.84,debit_card,expired_card,regular,1,7817.06,21,4,1651,3,2,0.45,0,0.0,alternative_payment,71
TXN101416,CUST16797,2341.81,upi,card_declined,regular,0,5472.68,170,2,526,4,0,0.4,1,2341.81,smart_retry,58
TXN101417,CUST18836,2181.54,credit_card,network_error,at_risk,2,6310.3,352,1,1275,7,1,0.57,0,0.0,smart_retry,64
TXN101418,CUST16250,390.59,wallet,expired_card,regular,1,4043.78,323,0,162,4,1,0.6,0,0.0,alternative_payment,55
TXN101419,CUST18055,1460.9,credit_card,insufficient_funds,premium,0,7027.67,73,1,287,2,1,0.565,1,1460.9,payment_plan,59
TXN101420,CUST12845,1492.47,wallet,authentication_failed,new,1,11256.86,105,1,1069,1,1,0.445,1,1492.47,customer_outreach,59
TXN101421,CUST11280,441.61,net_banking,network_error,regular,1,9369.19,85,1,531,4,0,0.685,0,0.0,smart_retry,59
TXN101422,CUST16947,181.96,debit_card,authentication_failed,regular,2,3020.61,147,4,948,2,2,0.3,1,181.96,customer_outreach,76
TXN101423,CUST13299,2016.89,upi,gateway_error,premium,2,19562.63,185,3,803,6,0,0.75,1,2016.89,smart_retry,77
TXN101424,CUST12748,653.93,net_banking,gateway_error,regular,3,13843.74,313,3,1587,2,4,0.605,0,0.0,smart_retry,77
TXN101425,CUST12553,1505.31,net_banking,card_declined,new,2,15278.35,219,0,1584,7,2,0.535,0,0.0,customer_outreach,60
TXN101426,CUST19751,1957.52,wallet,insufficient_funds,regular,0,11559.38,90,2,809,2,3,0.425,1,1957.52,customer_outreach,58
TXN101427,CUST15011,974.66,net_banking,expired_card,regular,1,17296.45,311,3,177,6,3,0.56,0,0.0,alternative_payment,67
TXN101428,CUST15459,391.58,debit_card,network_error,regular,0,25321.95,80,1,38,7,0,0.765,1,391.58,smart_retry,54
TXN101429,CUST10210,561.32,wallet,network_error,new,1,9544.25,252,3,1925,2,0,0.605,1,561.32,smart_retry,67
TXN101430,CUST16812,1203.68,net_banking,network_error,regular,0,4423.01,251,2,1342,1,1,0.66,1,1203.68,smart_retry,58
TXN101431,CUST19638,516.1,credit_card,gateway_error,new,1,6476.79,64,3,1939,2,0,0.605,1,516.1,smart_retry,67
TXN101432,CUST19266,1272.59,debit_card,insufficient_funds,new,5,11374.69,131,2,1073,6,1,0.29,0,0.0,customer_outreach,83
TXN101433,CUST16032,1561.82,credit_card,network_error,regular,1,10821.38,218,1,526,5,1,0.725,1,1561.82,smart_retry,59
TXN101434,CUST17827,2840.49,credit_card,expired_card,regular,2,20906.08,347,0,1458,3,0,0.525,1,2840.49,alternative_payment,60
TXN101435,CUST12422,1702.84,upi,authentication_failed,regular,4,19674.39,349,1,550,6,0,0.36,1,1702.84,customer_outreach,74
TXN101436,CUST14053,944.93,wallet,authentication_failed,at_risk,1,11387.81,83,0,269,3,0,0.31,0,0.0,customer_outreach,55
TXN101437,CUST11512,716.16,net_banking,gateway_error,new,2,12079.74,42,4,1893,3,3,0.62,0,0.0,smart_retry,76
TXN101438,CUST13093,1756.98,net_banking,insufficient_funds,new,3,1904.48,130,2,1055,1,2,0.27,0,0.0,customer_outreach,73
TXN101439,CUST19602,597.23,upi,network_error,regular,3,25432.63,46,0,1332,5,2,0.72,1,597.23,smart_retry,65
TXN101440,CUST19381,577.88,upi,insufficient_funds,regular,0,19019.14,108,3,1461,3,0,0.325,0,0.0,customer_outreach,62
TXN101441,CUST10105,2060.93,debit_card,gateway_error,premium,0,2926.01,36,3,1105,2,0,0.76,1,2060.93,smart_retry,67
TXN101442,CUST16829,830.4,upi,network_error,regular,1,40229.57,91,2,411,3,1,0.655,1,830.4,smart_retry,63
TXN101443,CUST12200,1152.94,debit_card,gateway_error,regular,2,14155.81,57,3,1191,2,1,0.565,0,0.0,smart_retry,72
TXN101444,CUST13482,2277.58,debit_card,insufficient_funds,premium,0,21383.76,94,1,561,1,2,0.575,1,2277.58,customer_outreach,59
TXN101445,CUST17220,2324.11,wallet,card_declined,new,1,7605.96,86,0,630,5,2,0.54,1,2324.11,smart_retry,55
TXN101446,CUST16188,1770.12,credit_card,expired_card,premium,0,23458.62,16,4,510,5,1,0.64,1,1770.12,alternative_payment,71
TXN101447,CUST17829,1026.67,net_banking,network_error,new,0,20161.09,5,0,574,5,0,0.805,1,1026.67,smart_retry,50
TXN101448,CUST10118,693.14,wallet,card_declined,premium,0,14843.45,268,0,799,3,2,0.665,1,693.14,customer_outreach,55
TXN101449,CUST19879,303.0,wallet,expired_card,at_risk,2,3090.01,243,2,1267,7,3,0.43,0,0.0,alternative_payment,68
TXN101450,CUST17036,1299.42,upi,expired_card,regular,1,10920.26,176,2,1702,3,0,0.48,0,0.0,alternative_payment,63
TXN101451,CUST13925,430.8,upi,network_error,regular,0,23444.53,313,0,759,3,0,0.745,0,0.0,smart_retry,50
TXN101452,CUST15410,2611.86,credit_card,card_declined,regular,2,17169.48,358,3,1515,5,0,0.305,1,2611.86,smart_retry,72
TXN101453,CUST10420,252.89,wallet,card_declined,new,2,13494.86,144,1,784,5,0,0.415,1,252.89,customer_outreach,64
TXN101454,CUST17785,416.36,wallet,gateway_error,regular,1,2948.06,2,2,64,4,0,0.645,0,0.0,smart_retry,63
TXN101455,CUST15901,822.38,credit_card,network_error,regular,2,17752.31,228,1,1272,9,2,0.775,1,822.38,smart_retry,64
TXN101456,CUST17938,367.48,net_banking,network_error,regular,1,23222.56,42,2,906,2,2,0.665,1,367.48,smart_retry,63
TXN101457,CUST17800,581.37,credit_card,network_error,regular,2,47317.2,311,1,1488,4,1,0.675,1,581.37,smart_retry,64
TXN101458,CUST12345,1252.39,wallet,authentication_failed,new,1,3134.72,259,0,291,4,1,0.53,0,0.0,customer_outreach,55
TXN101459,CUST18158,578.68,credit_card,expired_card,new,2,10431.4,281,3,374,2,2,0.47,0,0.0,alternative_payment,72
TXN101460,CUST17311,1218.48,credit_card,gateway_error,regular,1,16153.83,124,1,463,8,0,0.745,0,0.0,smart_retry,59
TXN101461,CUST12792,2120.93,credit_card,card_declined,regular,0,7345.01,15,1,1932,5,0,0.455,0,0.0,customer_outreach,54
TXN101462,CUST16283,558.6,upi,insufficient_funds,new,1,26407.28,341,3,1978,4,1,0.36,0,0.0,payment_plan,67
TXN101463,CUST12224,824.03,wallet,network_error,new,1,20091.05,47,2,1815,2,0,0.645,1,824.03,smart_retry,63
TXN101464,CUST13666,1030.99,wallet,authentication_failed,premium,1,9754.05,176,3,1894,3,0,0.49,0,0.0,customer_outreach,72
TXN101465,CUST16252,2428.49,wallet,gateway_error,new,1,3722.96,115,2,266,7,1,0.745,1,2428.49,smart_retry,63
TXN101466,CUST14767,132.59,credit_card,card_declined,premium,2,43900.08,304,1,1554,6,0,0.55,0,0.0,customer_outreach,69
TXN101467,CUST11902,1878.17,wallet,expired_card,premium,2,15396.05,161,3,1211,3,2,0.605,1,1878.17,alternative_payment,77
TXN101468,CUST10027,525.11,upi,card_declined,regular,1,3187.58,98,3,897,6,0,0.355,0,0.0,customer_outreach,67
TXN101469,CUST15980,2397.28,debit_card,authentication_failed,regular,2,5220.54,303,1,248,0,1,0.365,0,0.0,customer_outreach,64
TXN101470,CUST16476,596.6,credit_card,authentication_failed,new,1,8850.2,162,1,1701,6,1,0.52,0,0.0,customer_outreach,59
TXN101471,CUST14863,1008.56,debit_card,gateway_error,regular,2,59264.2,76,4,610,6,0,0.56,0,0.0,smart_retry,76
TXN101472,CUST12389,1436.33,credit_card,authentication_failed,regular,1,9712.97,258,0,590,8,1,0.56,0,0.0,customer_outreach,55
TXN101473,CUST19403,376.3,net_banking,network_error,new,1,7701.27,254,2,1472,8,2,0.785,0,0.0,smart_retry,63
TXN101474,CUST16171,1725.04,credit_card,expired_card,regular,0,1170.26,108,1,1464,9,3,0.68,0,0.0,alternative_payment,54
TXN101475,CUST10861,1575.01,debit_card,gateway_error,new,1,4228.41,154,1,74,1,1,0.695,1,1575.01,smart_retry,59
TXN101476,CUST18977,1759.49,net_banking,expired_card,regular,2,1559.65,243,2,1581,4,1,0.445,1,1759.49,alternative_payment,68
TXN101477,CUST16412,2410.44,net_banking,card_declined,regular,0,3547.1,145,2,1456,9,2,0.525,1,2410.44,smart_retry,58
TXN101478,CUST18978,1009.33,net_banking,card_declined,premium,3,6992.57,298,0,1770,7,0,0.57,0,0.0,customer_outreach,70
TXN101479,CUST14981,547.34,net_banking,network_error,regular,1,5707.78,71,3,1455,3,0,0.59,1,547.34,smart_retry,67
TXN101480,CUST17904,1635.36,upi,insufficient_funds,regular,1,2264.3,101,0,771,5,0,0.44,1,1635.36,payment_plan,55
TXN101481,CUST12418,1340.97,net_banking,gateway_error,regular,3,19872.96,87,0,226,6,0,0.685,0,0.0,smart_retry,65
TXN101482,CUST15825,1345.55,net_banking,insufficient_funds,at_risk,0,15440.02,61,4,1361,7,2,0.245,1,1345.55,customer_outreach,66
TXN101483,CUST19722,1104.27,net_banking,insufficient_funds,regular,2,11362.68,207,1,99,4,3,0.425,0,0.0,payment_plan,64
TXN101484,CUST13946,624.84,net_banking,gateway_error,regular,0,8001.45,306,1,1366,2,1,0.715,1,624.84,smart_retry,54
TXN101485,CUST16150,1332.88,credit_card,gateway_error,new,4,13901.98,333,3,593,6,2,0.61,0,0.0,smart_retry,82
TXN101486,CUST17292,3915.89,upi,card_declined,premium,4,15974.76,43,0,1031,2,1,0.485,1,3915.89,customer_outreach,75
TXN101487,CUST18351,700.14,debit_card,card_declined,regular,0,1925.69,294,3,590,2,1,0.315,0,0.0,alternative_payment,62
TXN101488,CUST11549,851.0,wallet,insufficient_funds,regular,1,7778.23,331,3,641,3,1,0.315,0,0.0,payment_plan,67
TXN101489,CUST11629,423.24,upi,card_declined,new,2,20057.63,276,1,860,4,1,0.425,0,0.0,alternative_payment,64
TXN101490,CUST10323,2365.64,net_banking,authentication_failed,new,1,24121.17,272,3,160,5,1,0.425,1,2365.64,customer_outreach,67
TXN101491,CUST18501,372.81,wallet,authentication_failed,new,1,8699.83,334,0,1573,8,0,0.565,0,0.0,customer_outreach,55
TXN101492,CUST13399,2548.35,credit_card,insufficient_funds,new,1,4299.21,356,1,40,5,3,0.505,1,2548.35,customer_outreach,59
TXN101493,CUST15149,724.35,credit_card,card_declined,premium,2,10156.63,106,1,209,4,1,0.545,0,0.0,customer_outreach,69
TXN101494,CUST19215,539.35,upi,card_declined,premium,3,16204.69,64,4,641,4,1,0.39,0,0.0,customer_outreach,86
TXN101495,CUST15956,1236.47,wallet,insufficient_funds,regular,1,2514.66,337,0,538,6,0,0.455,0,0.0,customer_outreach,55
TXN101496,CUST10756,1258.9,wallet,expired_card,regular,0,9822.83,228,1,1211,5,0,0.585,1,1258.9,alternative_payment,54
TXN101497,CUST18035,2371.92,upi,authentication_failed,at_risk,0,8720.28,181,4,1132,4,0,0.2,0,0.0,customer_outreach,66
TXN101498,CUST18365,1179.01,debit_card,network_error,premium,2,7015.29,23,1,105,2,1,0.795,1,1179.01,smart_retry,69
TXN101499,CUST13081,576.26,debit_card,expired_card,new,0,6847.3,111,1,1263,6,0,0.63,1,576.26,alternative_payment,54
TXN101500,CUST19045,1165.86,debit_card,authentication_failed,regular,2,14651.04,66,4,894,4,1,0.305,0,0.0,customer_outreach,76
TXN101501,CUST11218,3310.62,wallet,expired_card,regular,0,132153.33,333,1,849,3,0,0.635,1,3310.62,alternative_payment,54
TXN101502,CUST17472,1243.86,credit_card,expired_card,regular,1,8061.7,356,1,1127,6,0,0.565,1,1243.86,alternative_payment,59
TXN101503,CUST13338,865.52,credit_card,network_error,new,0,2941.35,325,1,1493,3,1,0.76,0,0.0,smart_retry,54
TXN101504,CUST16097,1112.0,wallet,network_error,regular,1,20835.66,262,4,365,7,1,0.635,1,1112.0,smart_retry,71
TXN101505,CUST16876,389.08,debit_card,expired_card,at_risk,2,12315.02,223,3,83,5,0,0.285,0,0.0,alternative_payment,72
TXN101506,CUST19889,1106.17,debit_card,card_declined,regular,1,53364.62,273,0,1430,3,0,0.43,0,0.0,alternative_payment,55
TXN101507,CUST16664,948.63,credit_card,expired_card,regular,0,9664.07,186,2,1623,7,0,0.575,0,0.0,alternative_payment,58
TXN101508,CUST14476,2856.75,debit_card,insufficient_funds,regular,1,2601.28,51,3,485,1,5,0.36,0,0.0,customer_outreach,67
TXN101509,CUST11720,742.17,credit_card,insufficient_funds,regular,1,3986.66,157,4,1712,4,1,0.29,0,0.0,customer_outreach,71
TXN101510,CUST11565,888.15,wallet,expired_card,new,0,6557.87,145,4,585,4,1,0.505,1,888.15,alternative_payment,66
TXN101511,CUST19952,1470.72,credit_card,card_declined,regular,0,10028.81,200,1,736,3,0,0.425,1,1470.72,alternative_payment,54
TXN101512,CUST18711,2503.33,wallet,authentication_failed,new,0,9262.17,207,3,1243,10,0,0.51,0,0.0,customer_outreach,62
TXN101513,CUST12090,1492.71,upi,card_declined,regular,0,1674.5,80,1,322,1,1,0.38,0,0.0,customer_outreach,54
TXN101514,CUST19298,1067.76,upi,card_declined,at_risk,1,9939.84,328,2,1478,4,1,0.24,0,0.0,human_escalation,63
TXN101515,CUST14081,833.42,wallet,gateway_error,new,3,5473.73,94,3,754,3,1,0.575,1,833.42,smart_retry,77
TXN101516,CUST17678,1747.55,wallet,expired_card,regular,2,1783.5,220,4,1958,4,1,0.365,1,1747.55,alternative_payment,76
TXN101517,CUST13748,2464.27,upi,network_error,new,1,11767.75,157,3,1608,4,0,0.635,1,2464.27,smart_retry,67
TXN101518,CUST15123,913.45,credit_card,network_error,premium,2,6586.21,123,0,368,5,0,0.855,1,913.45,smart_retry,65
TXN101519,CUST19425,1849.81,credit_card,card_declined,new,1,7504.84,284,3,1685,8,5,0.515,0,0.0,smart_retry,67
TXN101520,CUST16946,1091.08,wallet,network_error,premium,1,3103.09,255,4,1433,7,0,0.76,0,0.0,smart_retry,76
TXN101521,CUST18722,2388.77,credit_card,gateway_error,premium,1,10737.39,98,0,1492,3,5,0.95,1,2388.77,smart_retry,60
TXN101522,CUST16962,1117.39,wallet,network_error,regular,0,6348.76,339,4,1430,3,3,0.66,1,1117.39,smart_retry,66
TXN101523,CUST19981,766.58,credit_card,authentication_failed,regular,4,68633.79,87,4,1880,5,0,0.225,0,0.0,customer_outreach,86
TXN101524,CUST13687,2387.02,debit_card,card_declined,regular,3,5987.59,69,4,753,1,3,0.245,0,0.0,human_escalation,81
TXN101525,CUST10834,683.7,net_banking,gateway_error,regular,0,18697.89,192,0,722,7,2,0.855,0,0.0,smart_retry,50
TXN101526,CUST14092,2215.77,wallet,card_declined,regular,2,9019.89,248,2,572,4,2,0.38,1,2215.77,smart_retry,68
TXN101527,CUST10036,706.23,wallet,gateway_error,regular,1,21452.27,157,4,1721,5,0,0.58,1,706.23,smart_retry,71
TXN101528,CUST10580,1869.89,net_banking,authentication_failed,new,0,1778.28,30,2,42,4,1,0.445,1,1869.89,customer_outreach,58
TXN101529,CUST17542,1149.46,upi,expired_card,regular,1,15303.23,3,2,1853,2,1,0.49,1,1149.46,alternative_payment,63
TXN101530,CUST13050,732.34,net_banking,expired_card,premium,2,1749.88,221,3,434,2,1,0.525,1,732.34,alternative_payment,77
TXN101531,CUST11388,694.09,wallet,authentication_failed,new,2,4474.62,211,0,1900,3,1,0.48,1,694.09,customer_outreach,60
TXN101532,CUST17985,970.26,credit_card,insufficient_funds,new,0,7388.01,129,1,993,2,2,0.47,1,970.26,customer_outreach,54
TXN101533,CUST16132,1628.85,upi,expired_card,regular,1,6151.25,94,4,1692,3,0,0.4,0,0.0,alternative_payment,71
TXN101534,CUST14415,857.52,credit_card,gateway_error,regular,0,16176.12,225,1,316,5,1,0.76,0,0.0,smart_retry,54
TXN101535,CUST15795,625.6,net_banking,card_declined,regular,0,2152.23,364,1,256,5,1,0.48,0,0.0,smart_retry,54
TXN101536,CUST14667,1411.74,credit_card,insufficient_funds,regular,0,32762.3,170,0,358,5,0,0.475,1,1411.74,payment_plan,50
TXN101537,CUST17852,1344.17,upi,card_declined,regular,1,13822.71,282,3,1668,7,0,0.37,1,1344.17,alternative_payment,67
TXN101538,CUST12087,1109.36,upi,gateway_error,regular,2,4823.15,200,1,254,3,0,0.635,0,0.0,smart_retry,64
TXN101539,CUST11767,1468.98,credit_card,insufficient_funds,regular,2,3007.0,257,0,1601,1,2,0.395,0,0.0,payment_plan,60
TXN101540,CUST10852,827.16,upi,gateway_error,at_risk,1,9475.95,5,3,1013,2,0,0.425,0,0.0,smart_retry,67
TXN101541,CUST14742,915.54,upi,gateway_error,premium,1,15692.36,220,1,1294,6,1,0.89,1,915.54,smart_retry,64
TXN101542,CUST12498,1777.35,wallet,insufficient_funds,regular,2,3849.7,59,2,1465,6,0,0.34,0,0.0,payment_plan,68
TXN101543,CUST17031,958.36,debit_card,gateway_error,new,2,5457.51,53,4,1281,3,3,0.62,0,0.0,smart_retry,76
TXN101544,CUST12968,2953.62,debit_card,authentication_failed,regular,1,3789.1,77,1,276,1,1,0.415,0,0.0,customer_outreach,59
TXN101545,CUST12167,400.87,net_banking,card_declined,regular,3,15076.16,99,1,903,3,0,0.32,0,0.0,smart_retry,69
TXN101546,CUST13270,2217.65,credit_card,card_declined,regular,1,23350.62,269,2,1463,5,1,0.405,0,0.0,alternative_payment,63
TXN101547,CUST13791,1152.46,debit_card,expired_card,regular,3,17672.77,32,4,904,4,1,0.37,0,0.0,alternative_payment,81
TXN101548,CUST10846,780.18,upi,card_declined,regular,4,36669.89,144,2,1487,0,1,0.225,0,0.0,human_escalation,78
TXN101549,CUST16849,548.32,debit_card,expired_card,new,0,7680.45,94,0,31,6,2,0.72,0,0.0,alternative_payment,50
TXN101550,CUST10854,804.29,upi,insufficient_funds,regular,2,14037.36,144,4,236,5,0,0.245,0,0.0,customer_outreach,76
TXN101551,CUST13028,3097.67,upi,gateway_error,regular,0,4761.66,156,0,228,6,2,0.84,1,3097.67,smart_retry,50
TXN101552,CUST10223,651.23,wallet,insufficient_funds,regular,1,7676.48,186,4,1113,2,1,0.26,0,0.0,customer_outreach,71
TXN101553,CUST13903,1243.68,upi,insufficient_funds,regular,0,2560.56,45,0,297,4,0,0.46,1,1243.68,payment_plan,50
TXN101554,CUST10672,1083.41,wallet,network_error,new,1,43491.31,99,3,1925,6,1,0.69,1,1083.41,smart_retry,67
TXN101555,CUST11616,2070.36,credit_card,authentication_failed,regular,4,7378.72,155,3,1588,2,2,0.27,0,0.0,customer_outreach,82
TXN101556,CUST13309,4493.34,wallet,network_error,regular,1,10418.02,66,1,886,5,0,0.7,0,0.0,smart_retry,59
TXN101557,CUST19019,1937.34,upi,authentication_failed,at_risk,1,6321.32,188,3,1319,6,0,0.235,0,0.0,customer_outreach,67
TXN101558,CUST11923,4415.0,net_banking,card_declined,regular,1,25634.09,269,4,1649,4,0,0.285,0,0.0,human_escalation,71
TXN101559,CUST10358,1625.78,debit_card,authentication_failed,regular,0,14765.51,67,2,123,4,1,0.455,1,1625.78,customer_outreach,58
TXN101560,CUST19276,1019.46,credit_card,network_error,regular,1,8297.0,204,3,1432,5,2,0.67,0,0.0,smart_retry,67
TXN101561,CUST18723,214.51,wallet,card_declined,regular,2,7856.36,261,3,1181,6,2,0.37,0,0.0,customer_outreach,72
TXN101562,CUST16567,226.03,wallet,expired_card,regular,0,9785.23,2,1,1201,6,0,0.6,1,226.03,alternative_payment,54
TXN101563,CUST13568,440.18,wallet,network_error,premium,0,5079.78,263,3,1061,3,5,0.875,0,0.0,smart_retry,67
TXN101564,CUST18602,1781.27,upi,expired_card,new,1,16657.78,152,2,1160,4,1,0.55,1,1781.27,alternative_payment,63
TXN101565,CUST11951,870.74,debit_card,insufficient_funds,premium,1,3762.61,122,2,110,8,1,0.58,1,870.74,payment_plan,68
TXN101566,CUST14550,732.77,debit_card,expired_card,new,0,10249.64,27,1,1716,5,0,0.615,1,732.77,alternative_payment,54
TXN101567,CUST13440,333.51,wallet,card_declined,premium,3,4646.72,178,4,785,3,1,0.375,0,0.0,customer_outreach,86
TXN101568,CUST15317,494.85,credit_card,network_error,new,2,2734.88,136,1,866,7,2,0.775,1,494.85,smart_retry,64
TXN101569,CUST14831,788.53,upi,card_declined,regular,0,19848.69,6,2,479,5,0,0.415,0,0.0,alternative_payment,58
TXN101570,CUST14582,172.68,debit_card,expired_card,at_risk,2,2651.86,276,4,247,6,1,0.285,0,0.0,alternative_payment,76
TXN101571,CUST16258,1260.95,upi,network_error,regular,0,6012.47,283,1,1702,8,0,0.78,1,1260.95,smart_retry,54
TXN101572,CUST17244,2052.62,debit_card,expired_card,regular,2,7225.79,298,3,348,6,1,0.475,0,0.0,alternative_payment,72
TXN101573,CUST17308,1035.49,debit_card,network_error,new,1,6884.26,189,1,1877,4,2,0.765,1,1035.49,smart_retry,59
TXN101574,CUST17848,815.17,credit_card,gateway_error,regular,0,2563.21,95,1,416,2,4,0.79,1,815.17,smart_retry,54
TXN101575,CUST19333,517.75,net_banking,network_error,regular,2,3105.28,145,0,665,1,0,0.645,1,517.75,smart_retry,60
TXN101576,CUST12669,893.88,debit_card,gateway_error,regular,1,9753.06,97,0,323,3,1,0.735,1,893.88,smart_retry,55
TXN101577,CUST11180,1881.86,net_banking,insufficient_funds,regular,0,18035.2,331,3,235,2,0,0.31,0,0.0,payment_plan,62
TXN101578,CUST10193,1427.96,wallet,card_declined,regular,3,26681.03,11,0,1722,5,2,0.44,0,0.0,smart_retry,65
TXN101579,CUST10716,538.72,debit_card,insufficient_funds,new,1,34540.4,138,1,1952,5,1,0.455,0,0.0,payment_plan,59
TXN101580,CUST10153,1148.33,credit_card,authentication_failed,new,0,37969.05,174,0,444,3,0,0.525,1,1148.33,customer_outreach,50
TXN101581,CUST12281,3718.75,net_banking,authentication_failed,new,2,8077.35,84,2,709,5,1,0.43,0,0.0,customer_outreach,68
TXN101582,CUST17846,1919.38,debit_card,insufficient_funds,premium,0,2552.9,355,2,1315,10,1,0.645,1,1919.38,payment_plan,63
TXN101583,CUST10347,1254.17,credit_card,card_declined,regular,3,8702.65,53,4,1845,2,1,0.21,0,0.0,human_escalation,81
TXN101584,CUST16804,785.03,debit_card,card_declined,at_risk,0,16644.97,13,1,904,2,1,0.285,1,785.03,human_escalation,54
TXN101585,CUST16314,1076.49,debit_card,expired_card,regular,2,2849.01,116,3,1436,4,0,0.42,0,0.0,alternative_payment,72
TXN101586,CUST11841,454.6,net_banking,insufficient_funds,at_risk,0,14770.64,115,0,1988,4,3,0.385,0,0.0,customer_outreach,50
TXN101587,CUST15854,2663.68,credit_card,authentication_failed,regular,3,6886.8,185,0,1864,1,1,0.385,1,2663.68,customer_outreach,65
TXN101588,CUST10710,1649.68,wallet,insufficient_funds,regular,2,9963.88,272,2,1258,3,0,0.295,0,0.0,payment_plan,68
TXN101589,CUST16967,2692.94,debit_card,network_error,regular,1,20961.64,320,2,743,4,1,0.67,1,2692.94,smart_retry,63
TXN101590,CUST11702,843.33,upi,gateway_error,regular,3,14054.21,136,0,1645,1,0,0.61,1,843.33,smart_retry,65
TXN101591,CUST10035,829.99,debit_card,network_error,premium,2,19052.7,76,3,944,7,0,0.765,1,829.99,smart_retry,77
TXN101592,CUST17838,2061.13,credit_card,card_declined,regular,1,5378.69,143,1,215,0,0,0.345,1,2061.13,customer_outreach,59
TXN101593,CUST12089,788.48,debit_card,gateway_error,regular,0,15792.34,254,3,1015,6,1,0.695,0,0.0,smart_retry,62
TXN101594,CUST16782,2306.68,wallet,network_error,regular,1,5800.81,335,1,814,4,3,0.76,1,2306.68,smart_retry,59
TXN101595,CUST16859,1274.31,wallet,gateway_error,regular,1,3871.8,253,4,1128,6,0,0.595,1,1274.31,smart_retry,71
TXN101596,CUST13770,1310.85,net_banking,card_declined,regular,1,6999.97,216,4,1213,4,3,0.36,1,1310.85,alternative_payment,71
TXN101597,CUST13593,606.07,credit_card,insufficient_funds,regular,3,5597.08,105,0,772,3,2,0.39,0,0.0,customer_outreach,65
TXN101598,CUST12188,2481.31,credit_card,card_declined,at_risk,1,9077.03,185,1,633,3,2,0.29,1,2481.31,human_escalation,59
TXN101599,CUST17543,1109.43,debit_card,authentication_failed,at_risk,2,58703.29,216,1,461,3,1,0.26,0,0.0,customer_outreach,64
TXN101600,CUST13679,708.43,credit_card,network_error,premium,1,22126.74,357,1,803,2,2,0.855,1,708.43,smart_retry,64
TXN101601,CUST10431,304.39,net_banking,expired_card,premium,0,20773.36,55,4,181,4,3,0.675,0,0.0,alternative_payment,71
TXN101602,CUST17812,401.06,wallet,insufficient_funds,premium,1,5517.41,188,1,191,5,0,0.55,1,401.06,payment_plan,64
TXN101603,CUST11262,961.58,credit_card,authentication_failed,new,2,3828.98,214,1,1597,6,0,0.46,0,0.0,customer_outreach,64
TXN101604,CUST12988,465.47,net_banking,network_error,premium,3,13104.76,271,2,992,1,0,0.68,0,0.0,smart_retry,78
TXN101605,CUST16742,1047.53,upi,gateway_error,new,0,5382.19,356,0,617,7,2,0.885,1,1047.53,smart_retry,50
TXN101606,CUST11822,435.58,debit_card,card_declined,new,2,5760.51,17,4,1568,6,2,0.36,1,435.58,smart_retry,76
TXN101607,CUST18245,2429.27,debit_card,card_declined,regular,0,85871.89,217,3,1164,1,2,0.365,1,2429.27,alternative_payment,62
TXN101608,CUST14227,2971.6,wallet,authentication_failed,regular,0,27557.72,117,3,1937,2,0,0.36,0,0.0,customer_outreach,62
TXN101609,CUST12569,2032.37,upi,card_declined,regular,0,3073.54,65,1,850,2,4,0.51,0,0.0,alternative_payment,54
TXN101610,CUST10917,2787.2,debit_card,gateway_error,regular,0,26072.98,287,4,1753,4,0,0.6,1,2787.2,smart_retry,66
TXN101611,CUST11264,1510.6,net_banking,gateway_error,regular,1,6353.42,329,3,1724,2,0,0.575,1,1510.6,smart_retry,67
TXN101612,CUST16233,1388.12,debit_card,card_declined,new,1,22805.15,332,3,428,4,1,0.38,0,0.0,customer_outreach,67
TXN101613,CUST11776,1826.44,credit_card,card_declined,regular,0,14105.02,172,0,520,2,3,0.525,1,1826.44,customer_outreach,50
TXN101614,CUST12666,396.57,wallet,card_declined,premium,1,14950.72,306,0,1579,2,2,0.615,1,396.57,customer_outreach,60
TXN101615,CUST15064,686.78,debit_card,authentication_failed,regular,3,5183.77,17,1,581,5,1,0.405,1,686.78,customer_outreach,69
TXN101616,CUST11393,969.87,wallet,authentication_failed,premium,4,9214.69,248,0,128,4,0,0.52,1,969.87,customer_outreach,75
TXN101617,CUST15154,765.0,credit_card,expired_card,premium,1,9344.95,183,2,1993,3,3,0.705,1,765.0,alternative_payment,68
TXN101618,CUST16523,292.53,wallet,insufficient_funds,regular,2,24634.29,201,2,295,1,0,0.265,0,0.0,payment_plan,68
TXN101619,CUST15428,2778.09,net_banking,network_error,regular,2,9517.03,258,1,78,4,0,0.65,1,2778.09,smart_retry,64
TXN101620,CUST19620,1205.99,net_banking,gateway_error,regular,2,13004.25,20,2,360,4,2,0.66,1,1205.99,smart_retry,68
TXN101621,CUST12482,1131.91,net_banking,card_declined,new,2,20201.6,48,1,1841,2,1,0.395,1,1131.91,smart_retry,64
TXN101622,CUST12307,1146.4,debit_card,authentication_failed,regular,1,7929.08,312,4,1935,1,0,0.27,1,1146.4,customer_outreach,71
TXN101623,CUST15593,468.26,net_banking,insufficient_funds,regular,2,24902.03,185,4,1782,2,2,0.25,0,0.0,customer_outreach,76
TXN101624,CUST10655,1289.82,net_banking,insufficient_funds,regular,1,16950.72,313,4,183,6,2,0.345,0,0.0,payment_plan,71
TXN101625,CUST19288,1051.4,net_banking,card_declined,new,1,9548.58,74,2,1150,2,0,0.365,0,0.0,smart_retry,63
TXN101626,CUST18174,1999.52,credit_card,gateway_error,regular,1,26961.31,152,1,169,3,1,0.695,1,1999.52,smart_retry,59
TXN101627,CUST14589,1312.97,wallet,expired_card,regular,0,31665.46,37,1,1485,7,1,0.64,1,1312.97,alternative_payment,54
TXN101628,CUST17548,981.16,upi,gateway_error,at_risk,1,9288.8,227,1,1954,1,0,0.49,0,0.0,smart_retry,59
TXN101629,CUST12031,6460.91,wallet,gateway_error,premium,0,2722.42,147,3,867,5,4,0.905,1,6460.91,smart_retry,67
TXN101630,CUST12113,1950.65,net_banking,expired_card,regular,1,10253.39,320,2,795,8,1,0.58,1,1950.65,alternative_payment,63
TXN101631,CUST11367,799.07,net_banking,authentication_failed,regular,2,10333.13,350,0,1301,4,2,0.49,1,799.07,customer_outreach,60
TXN101632,CUST10934,1664.33,debit_card,network_error,new,1,8124.14,5,1,1777,4,0,0.715,1,1664.33,smart_retry,59
TXN101633,CUST11725,1308.36,upi,gateway_error,regular,4,18168.34,205,0,486,4,0,0.62,0,0.0,smart_retry,70
TXN101634,CUST16360,486.09,net_banking,network_error,premium,3,8244.36,239,3,1345,2,1,0.68,1,486.09,smart_retry,82
TXN101635,CUST18767,595.97,net_banking,card_declined,premium,0,10783.04,56,3,1603,2,2,0.53,1,595.97,customer_outreach,67
TXN101636,CUST17096,1338.5,debit_card,gateway_error,regular,1,9124.98,163,2,1267,3,2,0.68,0,0.0,smart_retry,63
TXN101637,CUST17967,402.08,debit_card,network_error,new,3,17569.92,59,2,960,4,0,0.605,1,402.08,smart_retry,73
TXN101638,CUST10627,887.29,wallet,insufficient_funds,at_risk,2,46160.06,75,1,685,0,0,0.14,0,0.0,payment_plan,64
TXN101639,CUST19848,953.17,net_banking,card_declined,at_risk,1,38589.34,186,3,999,2,2,0.195,0,0.0,human_escalation,67
TXN101640,CUST13496,1168.82,credit_card,insufficient_funds,new,2,18454.79,351,3,582,5,1,0.34,1,1168.82,customer_outreach,72
TXN101641,CUST12885,759.59,credit_card,insufficient_funds,premium,1,13404.0,208,0,640,2,2,0.595,1,759.59,customer_outreach,60
TXN101642,CUST16876,2135.14,wallet,insufficient_funds,regular,1,7534.94,133,1,1730,4,3,0.46,1,2135.14,payment_plan,59
TXN101643,CUST11514,679.11,net_banking,expired_card,at_risk,1,8837.85,153,1,436,5,2,0.45,1,679.11,alternative_payment,59
TXN101644,CUST15722,1269.89,net_banking,gateway_error,regular,2,7025.55,353,1,1456,3,1,0.66,1,1269.89,smart_retry,64
TXN101645,CUST17156,2531.11,upi,network_error,regular,0,8196.44,6,4,1633,7,3,0.72,1,2531.11,smart_retry,66
TXN101646,CUST19783,2991.47,debit_card,card_declined,new,2,17095.06,297,4,326,6,0,0.31,0,0.0,customer_outreach,76
TXN101647,CUST15185,1905.36,credit_card,insufficient_funds,new,2,2597.21,76,3,1800,1,0,0.255,0,0.0,customer_outreach,72
TXN101648,CUST11861,1256.96,net_banking,expired_card,regular,4,4885.61,2,3,1961,3,0,0.335,1,1256.96,alternative_payment,82
TXN101649,CUST12059,1382.11,net_banking,network_error,at_risk,3,50604.57,50,0,477,6,1,0.56,0,0.0,smart_retry,65
TXN101650,CUST13074,1539.1,net_banking,network_error,regular,1,8134.79,86,4,803,3,1,0.575,1,1539.1,smart_retry,71
TXN101651,CUST13541,1417.48,upi,insufficient_funds,at_risk,1,5319.14,348,4,1986,5,1,0.155,0,0.0,payment_plan,71
TXN101652,CUST16066,1334.4,upi,card_declined,regular,1,6244.58,158,4,1707,4,0,0.285,0,0.0,human_escalation,71
TXN101653,CUST12043,503.63,net_banking,network_error,at_risk,1,30896.3,212,3,750,4,1,0.48,1,503.63,smart_retry,67
TXN101654,CUST15770,406.95,wallet,gateway_error,regular,2,9013.99,172,0,1927,5,0,0.705,1,406.95,smart_retry,60
TXN101655,CUST12880,1123.47,net_banking,gateway_error,regular,0,2672.16,284,4,363,9,1,0.7,1,1123.47,smart_retry,66
TXN101656,CUST18892,1331.67,net_banking,gateway_error,regular,1,2528.68,338,3,1328,6,0,0.635,1,1331.67,smart_retry,67
TXN101657,CUST14640,2865.94,wallet,card_declined,at_risk,1,34632.3,54,0,1360,3,0,0.28,0,0.0,human_escalation,55
TXN101658,CUST10269,1783.26,wallet,gateway_error,premium,0,3032.0,320,4,234,6,3,0.855,1,1783.26,smart_retry,71
TXN101659,CUST17276,766.08,wallet,authentication_failed,new,2,5168.34,342,2,1774,3,1,0.4,0,0.0,customer_outreach,68
TXN101660,CUST16891,700.45,debit_card,insufficient_funds,new,0,9014.51,283,3,264,5,1,0.41,0,0.0,payment_plan,62
TXN101661,CUST17693,932.54,credit_card,expired_card,at_risk,1,3281.32,238,3,1889,6,0,0.335,1,932.54,alternative_payment,67
TXN101662,CUST16484,1715.37,credit_card,expired_card,new,1,4168.43,260,2,578,6,0,0.555,0,0.0,alternative_payment,63
TXN101663,CUST14333,3754.63,upi,gateway_error,regular,1,24224.21,3,3,96,7,1,0.675,0,0.0,smart_retry,67
TXN101664,CUST10254,738.42,credit_card,insufficient_funds,new,1,11217.54,266,4,680,6,0,0.325,1,738.42,customer_outreach,71
TXN101665,CUST12792,689.69,wallet,gateway_error,regular,1,30465.39,201,1,1292,2,0,0.655,1,689.69,smart_retry,59
TXN101666,CUST16444,898.35,credit_card,authentication_failed,regular,0,8136.49,326,3,1521,6,3,0.495,0,0.0,customer_outreach,62
TXN101667,CUST12846,2153.14,net_banking,expired_card,regular,1,10046.49,224,1,233,3,0,0.52,1,2153.14,alternative_payment,59
TXN101668,CUST12069,3252.13,wallet,card_declined,regular,2,13866.53,201,2,1744,8,2,0.44,0,0.0,alternative_payment,68
TXN101669,CUST12605,639.31,upi,insufficient_funds,premium,0,39058.95,14,3,53,5,0,0.505,1,639.31,payment_plan,67
TXN101670,CUST10455,863.81,wallet,network_error,regular,0,19898.02,41,4,813,5,0,0.615,0,0.0,smart_retry,66
TXN101671,CUST10414,382.21,debit_card,gateway_error,regular,0,9848.5,184,1,520,4,1,0.745,0,0.0,smart_retry,54
TXN101672,CUST13633,3056.28,upi,insufficient_funds,regular,0,4144.83,126,3,1607,6,1,0.395,0,0.0,customer_outreach,62
TXN101673,CUST10847,463.06,upi,card_declined,at_risk,0,11434.96,322,0,1337,7,0,0.375,0,0.0,alternative_payment,50
TXN101674,CUST11694,1040.97,credit_card,gateway_error,at_risk,1,9456.12,63,0,320,4,1,0.6,0,0.0,smart_retry,55
TXN101675,CUST14627,1519.01,upi,insufficient_funds,premium,0,12446.44,254,2,1899,2,5,0.6,0,0.0,payment_plan,63
TXN101676,CUST16402,652.93,credit_card,gateway_error,new,0,14856.31,212,0,1026,3,0,0.775,0,0.0,smart_retry,50
TXN101677,CUST11250,1328.05,debit_card,network_error,regular,4,36748.44,161,3,1685,3,2,0.535,1,1328.05,smart_retry,82
TXN101678,CUST12639,449.55,debit_card,expired_card,premium,2,9100.49,92,4,1322,6,2,0.61,1,449.55,alternative_payment,81
TXN101679,CUST19939,1475.14,credit_card,card_declined,at_risk,1,4716.9,178,3,1287,4,1,0.2,0,0.0,human_escalation,67
TXN101680,CUST19830,1736.79,wallet,card_declined,regular,0,19677.0,131,0,424,3,1,0.49,0,0.0,alternative_payment,50
TXN101681,CUST10484,1805.26,wallet,card_declined,regular,1,22664.47,79,1,1805,4,1,0.43,0,0.0,customer_outreach,59
TXN101682,CUST11880,1734.82,debit_card,card_declined,regular,0,4206.03,113,0,1520,5,2,0.545,0,0.0,alternative_payment,50
TXN101683,CUST12073,1143.25,upi,expired_card,regular,0,3923.02,48,2,1480,9,0,0.605,1,1143.25,alternative_payment,58
TXN101684,CUST19035,2802.13,upi,gateway_error,new,0,9605.82,254,3,1079,4,0,0.67,1,2802.13,smart_retry,62
TXN101685,CUST16552,1798.5,debit_card,expired_card,regular,2,7115.79,352,2,1999,4,0,0.46,0,0.0,alternative_payment,68
TXN101686,CUST16436,1240.06,credit_card,authentication_failed,new,1,5861.1,301,2,369,4,2,0.475,1,1240.06,customer_outreach,63
TXN101687,CUST13372,1372.39,net_banking,gateway_error,new,3,3844.53,217,4,1560,4,0,0.525,0,0.0,smart_retry,81
TXN101688,CUST14451,849.94,upi,authentication_failed,premium,0,7722.69,197,3,439,5,0,0.555,1,849.94,customer_outreach,67
TXN101689,CUST19292,447.03,upi,expired_card,new,0,6727.24,33,3,372,5,0,0.535,0,0.0,alternative_payment,62
TXN101690,CUST10553,1754.5,wallet,expired_card,regular,3,16570.68,151,4,1723,4,1,0.37,1,1754.5,alternative_payment,81
TXN101691,CUST18691,1556.95,upi,gateway_error,premium,2,6207.37,93,2,909,2,1,0.755,1,1556.95,smart_retry,73
TXN101692,CUST13046,852.34,upi,insufficient_funds,premium,0,6247.41,337,2,791,3,0,0.515,0,0.0,payment_plan,63
TXN101693,CUST15151,1233.34,credit_card,card_declined,regular,1,4479.36,6,2,467,3,1,0.375,1,1233.34,customer_outreach,63
TXN101694,CUST19297,766.25,upi,insufficient_funds,regular,2,8453.63,198,2,1262,7,2,0.405,0,0.0,payment_plan,68
TXN101695,CUST18638,846.46,debit_card,card_declined,regular,0,2221.02,312,0,1205,3,1,0.49,0,0.0,alternative_payment,50
TXN101696,CUST16909,2804.43,net_banking,expired_card,new,0,28643.14,102,1,131,3,1,0.61,0,0.0,alternative_payment,54
TXN101697,CUST18092,725.85,net_banking,card_declined,at_risk,1,53139.81,216,0,284,3,1,0.305,0,0.0,customer_outreach,55
TXN101698,CUST12803,2808.91,wallet,expired_card,regular,1,22416.1,122,4,73,3,6,0.5,1,2808.91,alternative_payment,71
TXN101699,CUST14670,879.29,credit_card,network_error,new,0,9374.12,295,0,1897,7,2,0.885,1,879.29,smart_retry,50
TXN101700,CUST17565,604.62,upi,insufficient_funds,new,0,7772.44,207,0,1864,8,2,0.6,1,604.62,payment_plan,50
TXN101701,CUST15527,433.64,credit_card,card_declined,regular,1,12367.61,213,2,592,4,0,0.365,1,433.64,customer_outreach,63
TXN101702,CUST15665,504.19,net_banking,card_declined,regular,1,13355.52,161,3,1284,1,2,0.33,0,0.0,smart_retry,67
TXN101703,CUST16444,1492.08,upi,network_error,at_risk,0,5001.55,253,0,1756,6,2,0.69,0,0.0,smart_retry,50
TXN101704,CUST16126,1049.82,wallet,card_declined,premium,1,4162.68,25,0,314,3,0,0.58,1,1049.82,customer_outreach,60
TXN101705,CUST11722,464.61,upi,network_error,new,2,17840.23,116,1,210,5,1,0.72,0,0.0,smart_retry,64
TXN101706,CUST13131,940.18,upi,authentication_failed,at_risk,3,14337.57,353,0,561,5,1,0.295,0,0.0,customer_outreach,65
TXN101707,CUST10705,156.2,credit_card,card_declined,at_risk,1,5861.88,39,2,704,3,1,0.225,1,156.2,human_escalation,63
TXN101708,CUST16218,1064.58,upi,network_error,regular,4,8239.32,71,4,973,4,0,0.46,0,0.0,smart_retry,86
TXN101709,CUST11964,2211.12,debit_card,expired_card,new,0,1440.27,300,3,1334,3,0,0.465,0,0.0,alternative_payment,62
TXN101710,CUST17320,3068.28,credit_card,authentication_failed,regular,0,10939.61,296,3,1384,1,2,0.395,0,0.0,customer_outreach,62
TXN101711,CUST18029,1015.1,upi,expired_card,new,1,12099.62,248,1,218,9,0,0.64,1,1015.1,alternative_payment,59
TXN101712,CUST14322,1108.75,upi,network_error,premium,0,10762.45,286,1,1380,1,4,0.925,1,1108.75,smart_retry,59
TXN101713,CUST13373,3596.27,credit_card,card_declined,at_risk,1,10670.9,31,1,56,4,0,0.255,1,3596.27,human_escalation,59
TXN101714,CUST13541,691.13,net_banking,gateway_error,regular,1,30807.29,54,2,457,3,0,0.63,1,691.13,smart_retry,63
TXN101715,CUST19675,844.1,wallet,authentication_failed,new,0,5401.21,160,3,1372,2,1,0.415,0,0.0,customer_outreach,62
TXN101716,CUST12523,755.53,wallet,card_declined,at_risk,0,20439.46,113,2,819,5,0,0.265,0,0.0,human_escalation,58
TXN101717,CUST17412,650.68,wallet,authentication_failed,regular,1,30442.98,205,1,170,6,1,0.49,1,650.68,customer_outreach,59
TXN101718,CUST14552,402.45,net_banking,insufficient_funds,regular,2,16455.61,296,0,331,4,2,0.44,1,402.45,customer_outreach,60
TXN101719,CUST11755,562.92,credit_card,insufficient_funds,premium,1,8264.45,236,1,576,4,0,0.535,0,0.0,payment_plan,64
TXN101720,CUST17802,1176.85,wallet,gateway_error,regular,3,3161.37,61,4,202,6,4,0.625,1,1176.85,smart_retry,81
TXN101721,CUST15806,423.68,net_banking,insufficient_funds,regular,2,9846.74,258,3,1070,3,2,0.305,1,423.68,customer_outreach,72
TXN101722,CUST10870,1192.21,net_banking,expired_card,regular,2,6438.83,26,3,1529,5,1,0.46,0,0.0,alternative_payment,72
TXN101723,CUST16923,1069.24,debit_card,expired_card,regular,0,17016.59,91,4,595,2,2,0.47,0,0.0,alternative_payment,66
TXN101724,CUST18676,1259.18,wallet,gateway_error,regular,1,6104.89,56,0,1353,4,2,0.775,1,1259.18,smart_retry,55
TXN101725,CUST14078,2271.25,credit_card,insufficient_funds,premium,3,9453.53,19,4,575,5,0,0.36,0,0.0,payment_plan,86
TXN101726,CUST11078,2830.57,wallet,card_declined,regular,2,6733.6,318,3,832,6,1,0.345,0,0.0,customer_outreach,72
TXN101727,CUST11659,3507.87,debit_card,network_error,new,1,2277.37,355,2,1044,7,0,0.72,1,3507.87,smart_retry,63
TXN101728,CUST13370,3804.89,debit_card,insufficient_funds,regular,2,5745.67,148,4,619,1,2,0.235,0,0.0,payment_plan,76
TXN101729,CUST11544,1752.42,debit_card,authentication_failed,at_risk,4,9947.33,319,3,1543,1,2,0.105,1,1752.42,customer_outreach,82
TXN101730,CUST15002,2003.42,debit_card,insufficient_funds,regular,1,4055.94,36,1,413,3,3,0.445,1,2003.42,customer_outreach,59
TXN101731,CUST17458,1183.32,debit_card,card_declined,regular,1,9848.37,220,2,72,7,0,0.41,0,0.0,smart_retry,63
TXN101732,CUST14322,734.18,credit_card,insufficient_funds,regular,2,14169.69,5,4,751,4,1,0.255,0,0.0,customer_outreach,76
TXN101733,CUST19554,2291.94,credit_card,gateway_error,new,0,17571.36,242,0,122,6,0,0.82,0,0.0,smart_retry,50
TXN101734,CUST10284,626.51,wallet,network_error,at_risk,2,2001.09,117,4,1060,5,2,0.445,0,0.0,smart_retry,76
TXN101735,CUST12741,2670.24,debit_card,card_declined,premium,1,5911.61,172,3,1034,6,1,0.53,0,0.0,customer_outreach,72
TXN101736,CUST15747,955.52,wallet,expired_card,regular,0,4592.25,130,2,969,5,4,0.645,0,0.0,alternative_payment,58
TXN101737,CUST10222,1446.09,upi,expired_card,new,0,11108.12,266,4,1021,4,2,0.53,0,0.0,alternative_payment,66
TXN101738,CUST11847,985.92,upi,network_error,regular,1,4226.95,328,0,332,2,2,0.745,1,985.92,smart_retry,55
TXN101739,CUST16722,1348.66,debit_card,network_error,at_risk,2,6230.09,183,3,93,6,2,0.5,1,1348.66,smart_retry,72
TXN101740,CUST14003,3814.64,wallet,network_error,regular,1,7308.08,221,2,452,4,1,0.67,1,3814.64,smart_retry,63
TXN101741,CUST11462,1021.79,debit_card,gateway_error,regular,0,1702.62,141,4,1871,3,0,0.545,0,0.0,smart_retry,66
TXN101742,CUST17360,278.26,wallet,insufficient_funds,regular,2,6461.68,348,2,1848,5,0,0.325,0,0.0,customer_outreach,68
TXN101743,CUST16406,1721.19,wallet,gateway_error,at_risk,0,3151.4,142,2,420,3,0,0.515,1,1721.19,smart_retry,58
TXN101744,CUST10673,1483.21,wallet,authentication_failed,new,0,17866.07,314,0,917,4,0,0.54,1,1483.21,customer_outreach,50
TXN101745,CUST17455,1561.62,wallet,expired_card,regular,1,10695.68,5,3,1928,5,1,0.495,1,1561.62,alternative_payment,67
TXN101746,CUST12410,872.43,net_banking,network_error,regular,1,17266.98,149,4,1173,4,4,0.665,0,0.0,smart_retry,71
TXN101747,CUST12664,1400.51,upi,gateway_error,regular,2,6910.24,151,0,959,3,1,0.7,1,1400.51,smart_retry,60
TXN101748,CUST10670,716.62,debit_card,expired_card,new,0,10487.05,64,0,1030,5,0,0.655,1,716.62,alternative_payment,50
TXN101749,CUST15010,1474.07,credit_card,gateway_error,regular,2,34818.85,1,0,544,7,2,0.785,1,1474.07,smart_retry,60
TXN101750,CUST12256,2016.51,upi,expired_card,new,3,6887.77,258,4,347,5,0,0.39,0,0.0,alternative_payment,81
TXN101751,CUST11409,1502.39,upi,insufficient_funds,at_risk,1,4788.29,101,3,1228,6,1,0.21,1,1502.39,payment_plan,67
TXN101752,CUST14764,619.61,debit_card,card_declined,regular,1,37878.94,182,1,1692,6,2,0.485,1,619.61,alternative_payment,59
TXN101753,CUST16328,3218.3,net_banking,gateway_error,at_risk,2,37792.89,51,2,1914,8,2,0.57,1,3218.3,smart_retry,68
TXN101754,CUST14948,4186.15,wallet,expired_card,regular,0,5306.99,224,2,1677,1,1,0.51,0,0.0,alternative_payment,58
TXN101755,CUST19472,796.86,debit_card,network_error,new,1,10297.09,129,1,882,9,2,0.84,0,0.0,smart_retry,59
TXN101756,CUST19081,2246.35,debit_card,expired_card,regular,2,7898.16,153,4,1928,5,1,0.42,0,0.0,alternative_payment,76
TXN101757,CUST17555,502.94,wallet,insufficient_funds,regular,1,14759.85,224,0,313,0,1,0.39,0,0.0,customer_outreach,55
TXN101758,CUST15132,198.87,wallet,network_error,new,1,7112.68,240,2,905,3,1,0.685,1,198.87,smart_retry,63
TXN101759,CUST17643,1768.89,net_banking,gateway_error,regular,1,2984.88,287,0,1990,4,1,0.75,0,0.0,smart_retry,55
TXN101760,CUST16896,1976.7,credit_card,insufficient_funds,regular,1,38179.35,155,1,1218,3,0,0.37,0,0.0,customer_outreach,59
TXN101761,CUST12085,1091.59,wallet,authentication_failed,new,1,56689.14,151,0,1576,1,0,0.46,0,0.0,customer_outreach,55
TXN101762,CUST16433,1320.91,debit_card,gateway_error,regular,1,12171.95,237,4,972,6,0,0.595,0,0.0,smart_retry,71
TXN101763,CUST10890,735.67,credit_card,card_declined,regular,2,2159.54,333,0,712,8,1,0.495,1,735.67,alternative_payment,60
TXN101764,CUST11595,1041.31,upi,authentication_failed,regular,2,9741.33,170,0,278,5,1,0.48,1,1041.31,customer_outreach,60
TXN101765,CUST19578,2527.01,wallet,network_error,new,0,5607.52,360,1,1087,10,4,0.94,1,2527.01,smart_retry,54
TXN101766,CUST12361,906.66,wallet,network_error,at_risk,2,5641.32,70,1,1863,4,0,0.5,1,906.66,smart_retry,64
TXN101767,CUST12535,1043.46,upi,network_error,regular,2,22216.27,4,3,1307,3,0,0.555,1,1043.46,smart_retry,72
TXN101768,CUST13288,974.08,credit_card,card_declined,premium,3,8823.27,310,0,1094,6,2,0.605,0,0.0,customer_outreach,70
TXN101769,CUST11587,943.01,debit_card,insufficient_funds,premium,4,2475.42,13,4,938,5,2,0.375,1,943.01,customer_outreach,91
TXN101770,CUST10911,401.74,credit_card,expired_card,regular,3,1329.41,95,1,1753,2,0,0.395,0,0.0,alternative_payment,69
TXN101771,CUST18957,408.4,upi,authentication_failed,regular,3,6082.0,337,4,282,5,1,0.285,1,408.4,customer_outreach,81
TXN101772,CUST17083,3747.99,debit_card,network_error,premium,1,14266.18,73,1,379,5,1,0.875,0,0.0,smart_retry,64
TXN101773,CUST18380,1593.74,wallet,insufficient_funds,regular,3,15506.96,149,2,1397,8,1,0.36,0,0.0,payment_plan,73
TXN101774,CUST19646,1496.22,net_banking,expired_card,regular,0,6185.4,201,3,1458,4,0,0.49,0,0.0,alternative_payment,62
TXN101775,CUST11758,4715.63,net_banking,gateway_error,new,1,8590.96,76,0,610,5,1,0.795,1,4715.63,smart_retry,55
TXN101776,CUST17488,683.23,credit_card,authentication_failed,regular,1,6100.12,298,2,99,1,1,0.375,1,683.23,customer_outreach,63
TXN101777,CUST17282,1695.76,credit_card,expired_card,at_risk,1,3257.66,240,3,597,4,0,0.305,0,0.0,alternative_payment,67
TXN101778,CUST10149,1018.58,debit_card,expired_card,regular,3,3609.06,258,1,744,5,2,0.53,0,0.0,alternative_payment,69
TXN101779,CUST18602,921.41,net_banking,authentication_failed,premium,1,1050.58,336,1,750,5,2,0.61,1,921.41,customer_outreach,64
TXN101780,CUST19226,1029.03,upi,gateway_error,new,6,3023.1,72,2,1637,5,2,0.565,1,1029.03,smart_retry,88
TXN101781,CUST14963,511.96,net_banking,card_declined,at_risk,0,5369.11,331,3,801,4,0,0.21,0,0.0,human_escalation,62
TXN101782,CUST17729,845.49,wallet,network_error,regular,1,6677.19,363,4,1618,6,0,0.595,1,845.49,smart_retry,71
TXN101783,CUST18608,499.46,upi,insufficient_funds,regular,1,7392.11,302,4,742,2,0,0.235,0,0.0,customer_outreach,71
TXN101784,CUST11107,1405.76,credit_card,card_declined,new,0,15644.38,82,1,227,5,1,0.51,0,0.0,alternative_payment,54
TXN101785,CUST11740,2175.31,net_banking,network_error,regular,1,15708.73,119,1,245,7,0,0.73,1,2175.31,smart_retry,59
TXN101786,CUST12850,381.8,net_banking,gateway_error,at_risk,2,1445.19,32,4,542,7,0,0.385,0,0.0,smart_retry,76
TXN101787,CUST11875,560.77,credit_card,network_error,premium,5,3978.25,192,4,1322,5,1,0.615,1,560.77,smart_retry,96
TXN101788,CUST10482,1155.19,debit_card,expired_card,premium,3,24866.14,231,3,302,4,0,0.535,1,1155.19,alternative_payment,82
TXN101789,CUST19400,4283.41,wallet,insufficient_funds,regular,1,5525.02,252,3,1420,6,3,0.41,1,4283.41,customer_outreach,67
TXN101790,CUST13694,796.78,debit_card,network_error,regular,1,23793.9,271,1,206,2,0,0.655,0,0.0,smart_retry,59
TXN101791,CUST19537,1353.91,credit_card,network_error,at_risk,2,17267.53,50,1,98,5,0,0.515,0,0.0,smart_retry,64
TXN101792,CUST12302,2436.73,credit_card,expired_card,new,1,4867.71,291,4,1800,3,0,0.43,0,0.0,alternative_payment,71
TXN101793,CUST11179,1182.22,upi,insufficient_funds,regular,3,3741.73,329,4,1046,6,3,0.3,0,0.0,payment_plan,81
TXN101794,CUST13399,2249.48,wallet,gateway_error,regular,3,8396.76,183,4,1872,5,1,0.535,0,0.0,smart_retry,81
TXN101795,CUST19153,632.34,debit_card,card_declined,regular,3,10236.06,321,3,1819,4,1,0.28,1,632.34,human_escalation,77
TXN101796,CUST11161,3305.42,wallet,card_declined,premium,3,4188.15,265,2,236,4,0,0.445,0,0.0,customer_outreach,78
TXN101797,CUST11932,1086.17,net_banking,insufficient_funds,premium,2,2897.34,277,2,76,5,1,0.5,1,1086.17,payment_plan,73
TXN101798,CUST14749,1900.61,upi,gateway_error,new,1,2011.84,35,1,619,4,1,0.74,1,1900.61,smart_retry,59
TXN101799,CUST11225,464.8,wallet,authentication_failed,regular,0,22786.58,266,4,1054,3,0,0.335,0,0.0,customer_outreach,66
TXN101800,CUST15115,1165.81,net_banking,authentication_failed,premium,1,11938.56,358,0,1223,3,1,0.635,0,0.0,customer_outreach,60
TXN101801,CUST17716,1200.6,upi,network_error,premium,3,4882.13,174,3,564,6,1,0.74,1,1200.6,smart_retry,82
TXN101802,CUST13285,2408.38,upi,card_declined,premium,0,6009.06,281,2,1922,1,0,0.505,1,2408.38,customer_outreach,63
TXN101803,CUST11021,1415.76,debit_card,gateway_error,premium,0,12680.53,289,4,1469,3,1,0.76,1,1415.76,smart_retry,71
TXN101804,CUST10579,1011.15,upi,card_declined,at_risk,3,14782.91,307,4,1933,4,0,0.065,0,0.0,human_escalation,81
TXN101805,CUST11320,742.27,wallet,gateway_error,at_risk,0,10918.5,139,0,243,5,0,0.625,1,742.27,smart_retry,50
TXN101806,CUST10583,696.54,net_banking,authentication_failed,regular,1,5651.68,180,3,1008,6,2,0.435,0,0.0,customer_outreach,67
TXN101807,CUST14971,3360.04,debit_card,card_declined,at_risk,2,728.93,14,1,1124,3,0,0.165,1,3360.04,human_escalation,64
TXN101808,CUST19963,432.26,net_banking,network_error,regular,0,10635.69,10,4,1017,4,0,0.6,1,432.26,smart_retry,66
TXN101809,CUST10854,1438.87,net_banking,gateway_error,regular,1,4073.14,221,3,1155,9,1,0.705,1,1438.87,smart_retry,67
TXN101810,CUST12257,533.23,credit_card,gateway_error,premium,3,1949.43,316,2,750,3,1,0.695,1,533.23,smart_retry,78
TXN101811,CUST13172,4017.37,upi,gateway_error,at_risk,0,5560.05,122,1,218,6,0,0.6,1,4017.37,smart_retry,54
TXN101812,CUST19643,1464.69,credit_card,insufficient_funds,regular,2,6145.94,275,4,123,6,0,0.26,0,0.0,payment_plan,76
TXN101813,CUST14094,694.97,credit_card,card_declined,premium,1,6595.75,225,1,608,4,2,0.605,0,0.0,customer_outreach,64
TXN101814,CUST10716,1901.93,upi,expired_card,regular,0,6782.39,126,2,295,6,3,0.635,1,1901.93,alternative_payment,58
TXN101815,CUST19930,3385.29,net_banking,gateway_error,regular,2,4985.44,337,0,186,3,4,0.775,0,0.0,smart_retry,60
TXN101816,CUST14099,1437.05,wallet,insufficient_funds,regular,1,3385.97,183,1,938,7,1,0.455,0,0.0,customer_outreach,59
TXN101817,CUST16011,2167.73,wallet,expired_card,new,0,10764.81,126,4,1858,3,0,0.465,0,0.0,alternative_payment,66
TXN101818,CUST14383,449.3,upi,network_error,regular,1,5414.61,54,0,739,3,1,0.735,1,449.3,smart_retry,55
TXN101819,CUST16731,620.54,wallet,gateway_error,regular,2,14485.85,105,1,1753,3,1,0.66,1,620.54,smart_retry,64
TXN101820,CUST18535,969.93,debit_card,expired_card,new,1,8071.37,108,0,792,2,0,0.575,0,0.0,alternative_payment,55
TXN101821,CUST12325,767.24,credit_card,insufficient_funds,regular,0,7594.73,333,3,1981,2,1,0.335,1,767.24,payment_plan,62
TXN101822,CUST10348,817.21,net_banking,card_declined,regular,2,1708.0,302,3,645,6,2,0.33,1,817.21,smart_retry,72
TXN101823,CUST10978,664.04,upi,authentication_failed,regular,1,7484.88,10,3,817,1,2,0.36,0,0.0,customer_outreach,67
TXN101824,CUST17274,1585.23,credit_card,insufficient_funds,regular,0,4486.89,95,3,1120,4,0,0.34,0,0.0,payment_plan,62
TXN101825,CUST14999,864.65,credit_card,authentication_failed,new,0,10266.06,14,4,1575,4,0,0.38,1,864.65,customer_outreach,66
TXN101826,CUST15508,1381.65,upi,authentication_failed,regular,1,6743.75,15,2,1516,7,1,0.465,0,0.0,customer_outreach,63
TXN101827,CUST17111,628.62,net_banking,network_error,at_risk,0,3775.29,30,0,1163,6,1,0.665,1,628.62,smart_retry,50
TXN101828,CUST16358,772.64,upi,authentication_failed,regular,0,10236.7,294,4,1604,5,1,0.39,0,0.0,customer_outreach,66
TXN101829,CUST18501,667.88,upi,insufficient_funds,at_risk,0,11074.47,240,1,300,7,3,0.39,0,0.0,payment_plan,54
TXN101830,CUST14598,704.29,upi,card_declined,at_risk,4,8220.58,278,2,721,3,0,0.095,0,0.0,human_escalation,78
TXN101831,CUST19356,355.9,net_banking,card_declined,regular,0,5436.1,186,2,1380,1,0,0.355,1,355.9,customer_outreach,58
TXN101832,CUST19961,409.66,credit_card,card_declined,regular,0,11022.05,339,2,1742,1,0,0.355,1,409.66,customer_outreach,58
TXN101833,CUST12929,1598.35,net_banking,gateway_error,premium,0,4037.1,5,3,105,4,4,0.89,1,1598.35,smart_retry,67
TXN101834,CUST15877,386.19,net_banking,network_error,new,1,7624.8,112,3,149,6,0,0.665,1,386.19,smart_retry,67
TXN101835,CUST19495,8296.7,credit_card,expired_card,new,2,18900.74,283,2,1982,4,0,0.49,1,8296.7,alternative_payment,68
TXN101836,CUST11049,1210.77,net_banking,insufficient_funds,regular,3,15763.23,142,2,1809,2,1,0.27,1,1210.77,customer_outreach,73
TXN101837,CUST12084,581.33,debit_card,network_error,regular,0,8552.95,317,0,506,4,1,0.785,1,581.33,smart_retry,50
TXN101838,CUST11875,1238.45,credit_card,insufficient_funds,regular,6,5267.55,226,4,679,3,1,0.1,1,1238.45,payment_plan,96
TXN101839,CUST19067,612.34,debit_card,card_declined,at_risk,2,21099.59,133,2,63,3,0,0.165,0,0.0,human_escalation,68
TXN101840,CUST15789,1194.22,wallet,network_error,premium,2,6622.1,121,2,253,6,0,0.79,1,1194.22,smart_retry,73
TXN101841,CUST11269,3374.09,wallet,gateway_error,premium,1,28497.58,40,1,447,5,2,0.9,0,0.0,smart_retry,64
TXN101842,CUST15337,1730.1,wallet,expired_card,new,2,3849.4,349,3,176,5,3,0.54,1,1730.1,alternative_payment,72
TXN101843,CUST16987,1083.01,upi,insufficient_funds,premium,0,1271.11,311,2,716,3,2,0.525,0,0.0,customer_outreach,63
TXN101844,CUST16139,1058.57,net_banking,expired_card,regular,1,3890.83,83,2,121,2,1,0.49,1,1058.57,alternative_payment,63
TXN101845,CUST14765,917.73,debit_card,authentication_failed,premium,0,5841.75,312,1,1684,1,3,0.65,0,0.0,customer_outreach,59
TXN101846,CUST15129,990.1,wallet,network_error,new,3,17144.82,261,4,1489,3,0,0.51,0,0.0,smart_retry,81
TXN101847,CUST15636,394.47,debit_card,gateway_error,new,1,8522.48,17,1,810,8,0,0.775,1,394.47,smart_retry,59
TXN101848,CUST11285,1372.6,credit_card,insufficient_funds,regular,3,8456.96,295,4,1533,3,2,0.23,0,0.0,customer_outreach,81
TXN101849,CUST18830,1089.53,credit_card,authentication_failed,new,2,4016.15,311,3,1380,3,1,0.36,0,0.0,customer_outreach,72
TXN101850,CUST18592,1064.46,wallet,gateway_error,regular,1,7702.99,100,4,630,3,2,0.6,0,0.0,smart_retry,71
TXN101851,CUST13998,875.82,upi,insufficient_funds,new,2,7788.19,186,1,963,5,2,0.445,0,0.0,customer_outreach,64
TXN101852,CUST11890,2610.8,debit_card,gateway_error,new,3,3315.1,210,2,193,5,2,0.67,1,2610.8,smart_retry,73
TXN101853,CUST15766,995.78,wallet,authentication_failed,premium,0,3281.61,186,3,1269,5,0,0.555,0,0.0,customer_outreach,67
TXN101854,CUST13774,981.43,net_banking,gateway_error,regular,2,2821.58,65,4,531,4,0,0.53,0,0.0,smart_retry,76
TXN101855,CUST16678,1154.65,wallet,network_error,premium,2,10394.87,134,2,729,0,1,0.725,0,0.0,smart_retry,73
TXN101856,CUST15142,184.57,credit_card,card_declined,regular,0,11054.27,259,1,1209,2,3,0.485,0,0.0,customer_outreach,54
TXN101857,CUST13245,699.26,debit_card,gateway_error,premium,1,7854.66,62,3,569,8,1,0.84,0,0.0,smart_retry,72
TXN101858,CUST19086,1387.65,net_banking,network_error,premium,1,6984.29,18,3,79,2,2,0.775,1,1387.65,smart_retry,72
TXN101859,CUST12735,706.83,credit_card,insufficient_funds,regular,1,14119.01,272,3,1881,4,1,0.33,0,0.0,customer_outreach,67
TXN101860,CUST15805,511.84,debit_card,gateway_error,regular,1,2000.25,124,2,273,9,0,0.72,1,511.84,smart_retry,63
TXN101861,CUST15518,901.63,upi,authentication_failed,regular,0,6178.67,56,0,181,7,0,0.555,1,901.63,customer_outreach,50
TXN101862,CUST15815,1041.24,net_banking,gateway_error,regular,0,6955.69,224,2,1581,3,0,0.665,0,0.0,smart_retry,58
TXN101863,CUST17816,891.2,debit_card,network_error,regular,1,18256.46,302,4,201,3,1,0.575,0,0.0,smart_retry,71
TXN101864,CUST12494,744.82,credit_card,authentication_failed,regular,2,1562.46,346,3,806,6,1,0.335,0,0.0,customer_outreach,72
TXN101865,CUST15250,3084.4,net_banking,insufficient_funds,regular,0,4777.8,302,2,1964,5,1,0.42,1,3084.4,payment_plan,58
TXN101866,CUST13805,2422.84,upi,gateway_error,regular,1,3930.35,289,4,1867,3,2,0.6,0,0.0,smart_retry,71
TXN101867,CUST18604,473.23,wallet,authentication_failed,new,2,3591.06,219,2,691,3,3,0.45,1,473.23,customer_outreach,68
TXN101868,CUST16292,687.99,upi,insufficient_funds,at_risk,1,7395.77,22,1,911,5,1,0.275,1,687.99,customer_outreach,59
TXN101869,CUST19423,785.13,wallet,expired_card,premium,0,17311.47,146,1,272,5,2,0.785,0,0.0,alternative_payment,59
TXN101870,CUST14716,782.91,upi,gateway_error,regular,0,5095.51,87,2,1953,5,1,0.72,1,782.91,smart_retry,58
TXN101871,CUST14250,2113.11,wallet,card_declined,at_risk,2,6031.79,342,2,318,7,1,0.25,1,2113.11,human_escalation,68
TXN101872,CUST11572,636.32,debit_card,authentication_failed,new,1,6113.33,87,0,1255,4,1,0.53,0,0.0,customer_outreach,55
TXN101873,CUST10651,1258.49,wallet,authentication_failed,new,2,8326.1,4,3,1734,2,1,0.345,0,0.0,customer_outreach,72
TXN101874,CUST10422,496.04,upi,insufficient_funds,regular,0,4248.2,293,3,1529,5,1,0.38,0,0.0,customer_outreach,62
TXN101875,CUST18534,484.49,debit_card,gateway_error,regular,0,4350.59,57,0,940,2,0,0.73,1,484.49,smart_retry,50
TXN101876,CUST17082,1699.55,net_banking,expired_card,premium,1,1977.81,71,2,1528,4,0,0.605,0,0.0,alternative_payment,68
TXN101877,CUST11908,2830.86,upi,card_declined,new,4,10052.12,114,0,699,4,1,0.395,1,2830.86,smart_retry,70
TXN101878,CUST18307,853.71,upi,expired_card,regular,0,2384.45,263,0,1477,3,1,0.62,0,0.0,alternative_payment,50
TXN101879,CUST15157,335.77,credit_card,gateway_error,premium,1,10225.47,362,4,680,5,0,0.73,0,0.0,smart_retry,76
TXN101880,CUST13119,537.94,wallet,network_error,new,1,12639.24,321,0,1973,3,1,0.765,0,0.0,smart_retry,55
TXN101881,CUST10130,311.0,debit_card,insufficient_funds,regular,0,3267.06,113,1,573,3,3,0.48,0,0.0,customer_outreach,54
TXN101882,CUST12481,771.36,net_banking,insufficient_funds,new,2,6751.47,145,1,436,4,0,0.38,0,0.0,payment_plan,64
TXN101883,CUST18459,441.06,debit_card,card_declined,regular,2,2270.27,252,4,1281,3,2,0.285,0,0.0,human_escalation,76
TXN101884,CUST13416,747.47,debit_card,card_declined,regular,1,7460.07,135,4,808,3,0,0.27,1,747.47,human_escalation,71
TXN101885,CUST19566,252.99,debit_card,network_error,regular,1,12868.77,272,1,1827,3,0,0.67,1,252.99,smart_retry,59
TXN101886,CUST14916,1141.77,debit_card,expired_card,regular,0,13610.51,251,3,1254,4,1,0.515,0,0.0,alternative_payment,62
TXN101887,CUST15851,852.31,wallet,gateway_error,regular,3,4014.94,113,0,1834,3,0,0.64,1,852.31,smart_retry,65
TXN101888,CUST14706,704.88,net_banking,gateway_error,regular,1,12120.62,340,3,267,1,1,0.585,1,704.88,smart_retry,67
TXN101889,CUST12886,644.39,net_banking,expired_card,regular,1,19438.84,178,3,1473,5,1,0.495,0,0.0,alternative_payment,67
TXN101890,CUST12098,2964.94,net_banking,gateway_error,regular,0,25553.81,352,1,89,5,2,0.785,1,2964.94,smart_retry,54
TXN101891,CUST14766,704.31,upi,authentication_failed,regular,3,4808.84,210,0,1181,5,0,0.42,0,0.0,customer_outreach,65
TXN101892,CUST15295,764.91,upi,network_error,regular,0,10585.37,201,3,900,7,0,0.685,1,764.91,smart_retry,62
TXN101893,CUST16531,417.38,upi,card_declined,regular,0,12018.18,113,2,1333,4,1,0.425,1,417.38,smart_retry,58
TXN101894,CUST15054,1121.61,net_banking,gateway_error,regular,0,5967.03,86,4,452,8,4,0.76,1,1121.61,smart_retry,66
TXN101895,CUST11807,654.49,wallet,authentication_failed,regular,0,41698.27,310,4,70,2,3,0.395,1,654.49,customer_outreach,66
TXN101896,CUST10345,630.17,net_banking,card_declined,new,2,7201.89,171,2,1600,4,2,0.41,1,630.17,alternative_payment,68
TXN101897,CUST11039,1205.13,credit_card,authentication_failed,regular,0,3805.09,275,1,351,7,0,0.515,0,0.0,customer_outreach,54
TXN101898,CUST18776,993.49,net_banking,network_error,regular,2,10625.58,83,2,708,3,0,0.595,1,993.49,smart_retry,68
TXN101899,CUST16773,828.6,debit_card,authentication_failed,new,2,5570.38,7,0,1761,5,0,0.485,0,0.0,customer_outreach,60
TXN101900,CUST10328,4758.27,wallet,card_declined,regular,1,48917.26,249,0,351,8,1,0.53,0,0.0,customer_outreach,55
TXN101901,CUST14939,667.69,credit_card,insufficient_funds,regular,2,1845.77,353,1,99,3,1,0.32,0,0.0,customer_outreach,64
TXN101902,CUST12025,953.27,net_banking,network_error,regular,2,3267.17,139,0,186,2,1,0.685,1,953.27,smart_retry,60
TXN101903,CUST11210,404.82,wallet,network_error,new,1,2011.72,213,0,60,4,1,0.78,1,404.82,smart_retry,55
TXN101904,CUST18875,503.67,wallet,insufficient_funds,premium,4,70639.9,302,3,427,0,1,0.315,0,0.0,customer_outreach,87
TXN101905,CUST15303,3218.91,net_banking,authentication_failed,new,1,9620.61,155,2,969,4,1,0.45,0,0.0,customer_outreach,63
TXN101906,CUST13320,1601.68,credit_card,expired_card,at_risk,1,40593.18,296,3,801,4,1,0.33,0,0.0,alternative_payment,67
TXN101907,CUST14771,1616.04,net_banking,card_declined,regular,2,4787.15,209,4,600,5,1,0.29,0,0.0,human_escalation,76
TXN101908,CUST17919,1663.07,upi,network_error,regular,0,7703.36,126,3,65,3,1,0.65,1,1663.07,smart_retry,62
TXN101909,CUST18143,1562.64,net_banking,expired_card,new,3,2451.02,56,3,488,2,0,0.385,1,1562.64,alternative_payment,77
TXN101910,CUST19467,1142.43,credit_card,gateway_error,new,2,6001.49,229,2,1006,5,1,0.68,0,0.0,smart_retry,68
TXN101911,CUST19226,4252.53,credit_card,network_error,regular,6,1298.05,74,0,225,3,0,0.495,0,0.0,smart_retry,80
TXN101912,CUST19189,524.0,debit_card,insufficient_funds,new,2,6930.78,251,4,541,7,1,0.33,1,524.0,payment_plan,76
TXN101913,CUST12315,2794.48,net_banking,authentication_failed,new,0,9255.7,268,4,1587,9,0,0.455,1,2794.48,customer_outreach,66
TXN101914,CUST13808,617.31,credit_card,gateway_error,regular,1,14117.73,160,2,1738,3,1,0.655,1,617.31,smart_retry,63
TXN101915,CUST12467,415.39,credit_card,expired_card,regular,0,5000.43,307,3,1814,1,0,0.445,1,415.39,alternative_payment,62
TXN101916,CUST10091,523.02,upi,network_error,regular,0,6931.03,288,3,1147,3,1,0.65,1,523.02,smart_retry,62
TXN101917,CUST18188,460.09,upi,network_error,regular,0,29755.89,237,3,1083,6,1,0.695,1,460.09,smart_retry,62
TXN101918,CUST19089,569.39,credit_card,card_declined,regular,2,26060.67,40,3,290,7,0,0.335,0,0.0,smart_retry,72
TXN101919,CUST12655,1481.84,wallet,network_error,premium,0,6093.38,102,3,1811,2,0,0.76,1,1481.84,smart_retry,67
TXN101920,CUST11862,1593.28,credit_card,gateway_error,regular,0,4737.52,321,4,1027,8,0,0.66,0,0.0,smart_retry,66
TXN101921,CUST12291,1280.59,wallet,gateway_error,regular,1,18662.89,152,0,921,3,3,0.785,0,0.0,smart_retry,55
TXN101922,CUST14820,2253.38,upi,authentication_failed,regular,3,5363.7,191,4,1361,1,3,0.275,0,0.0,customer_outreach,81
TXN101923,CUST12718,4018.51,debit_card,expired_card,regular,0,3715.29,105,4,1979,4,0,0.45,1,4018.51,alternative_payment,66
TXN101924,CUST16082,3275.48,wallet,authentication_failed,regular,1,3652.63,237,1,1947,0,2,0.425,0,0.0,customer_outreach,59
TXN101925,CUST15409,2392.35,debit_card,insufficient_funds,regular,1,6522.44,243,0,680,5,2,0.49,0,0.0,customer_outreach,55
TXN101926,CUST12936,706.2,debit_card,gateway_error,premium,1,2408.29,3,2,1466,4,1,0.82,1,706.2,smart_retry,68
TXN101927,CUST13074,929.46,debit_card,network_error,premium,1,11074.91,235,2,223,3,3,0.855,1,929.46,smart_retry,68
TXN101928,CUST11001,3277.68,wallet,gateway_error,regular,1,8187.56,35,2,1333,7,2,0.74,1,3277.68,smart_retry,63
TXN101929,CUST19161,4722.16,debit_card,expired_card,regular,2,12650.31,99,2,612,1,1,0.44,1,4722.16,alternative_payment,68
TXN101930,CUST16982,1680.7,wallet,network_error,regular,0,6646.93,320,3,1943,2,1,0.635,1,1680.7,smart_retry,62
TXN101931,CUST14173,973.4,wallet,authentication_failed,regular,0,13928.2,104,0,1243,3,2,0.545,1,973.4,customer_outreach,50
TXN101932,CUST12497,1683.06,credit_card,network_error,regular,2,2324.28,92,2,1184,2,0,0.58,1,1683.06,smart_retry,68
TXN101933,CUST11676,1427.21,debit_card,authentication_failed,regular,1,3258.87,197,2,1208,3,2,0.43,1,1427.21,customer_outreach,63
TXN101934,CUST19702,297.45,wallet,expired_card,at_risk,2,2001.58,316,3,458,2,1,0.265,0,0.0,alternative_payment,72
TXN101935,CUST12754,754.08,credit_card,insufficient_funds,at_risk,3,932.81,47,4,330,4,2,0.055,0,0.0,payment_plan,81
TXN101936,CUST12700,1660.14,net_banking,card_declined,regular,0,2332.67,27,1,1077,2,2,0.46,0,0.0,customer_outreach,54
TXN101937,CUST16969,1465.08,net_banking,expired_card,regular,1,13319.77,61,1,1177,5,1,0.575,1,1465.08,alternative_payment,59
TXN101938,CUST16442,1069.25,net_banking,gateway_error,new,2,7128.48,182,2,1747,5,3,0.73,1,1069.25,smart_retry,68
TXN101939,CUST18552,1095.86,upi,authentication_failed,premium,0,4997.91,310,1,1986,5,0,0.635,1,1095.86,customer_outreach,59
TXN101940,CUST12721,1387.72,upi,network_error,premium,2,5324.56,224,4,934,6,2,0.76,1,1387.72,smart_retry,81
TXN101941,CUST18029,696.06,upi,network_error,premium,0,3107.94,223,2,394,5,1,0.87,1,696.06,smart_retry,63
TXN101942,CUST10414,504.32,upi,gateway_error,new,0,8457.52,178,3,467,8,0,0.73,1,504.32,smart_retry,62
TXN101943,CUST19171,2899.81,debit_card,gateway_error,regular,1,6406.36,6,1,935,4,2,0.735,1,2899.81,smart_retry,59
TXN101944,CUST15914,1114.29,wallet,insufficient_funds,premium,5,19963.66,159,2,222,3,1,0.365,0,0.0,customer_outreach,88
TXN101945,CUST14157,403.79,wallet,card_declined,regular,1,13838.86,18,2,1344,3,1,0.375,0,0.0,customer_outreach,63
TXN101946,CUST16525,821.08,credit_card,network_error,new,3,8149.38,141,0,1201,5,0,0.7,0,0.0,smart_retry,65
TXN101947,CUST10498,2016.79,net_banking,authentication_failed,regular,0,5956.55,252,1,999,0,0,0.41,1,2016.79,customer_outreach,54
TXN101948,CUST18938,1128.18,credit_card,card_declined,regular,1,17100.43,314,1,1475,3,1,0.415,0,0.0,alternative_payment,59
TXN101949,CUST12898,3033.03,debit_card,card_declined,regular,0,12091.6,62,0,938,7,0,0.525,1,3033.03,alternative_payment,50
TXN101950,CUST11021,1184.12,upi,card_declined,new,0,7901.34,143,1,1371,1,1,0.45,0,0.0,alternative_payment,54
TXN101951,CUST10273,2330.82,upi,network_error,new,0,4637.82,163,1,1884,1,3,0.78,1,2330.82,smart_retry,54
TXN101952,CUST19614,568.18,upi,authentication_failed,premium,1,9981.2,341,3,882,2,2,0.525,1,568.18,customer_outreach,72
TXN101953,CUST11007,1290.92,credit_card,insufficient_funds,new,1,10860.03,257,1,1522,3,0,0.4,0,0.0,customer_outreach,59
TXN101954,CUST11375,1054.96,debit_card,gateway_error,premium,3,38463.21,312,1,1440,4,1,0.79,1,1054.96,smart_retry,74
TXN101955,CUST18281,401.01,net_banking,insufficient_funds,regular,2,10718.26,2,2,590,5,0,0.325,0,0.0,customer_outreach,68
TXN101956,CUST11928,1185.88,upi,gateway_error,regular,3,3020.88,357,0,1189,3,1,0.665,1,1185.88,smart_retry,65
TXN101957,CUST17585,232.7,credit_card,card_declined,at_risk,3,7010.14,94,0,410,4,1,0.25,0,0.0,human_escalation,65
TXN101958,CUST15201,418.48,wallet,network_error,at_risk,0,3829.02,87,0,475,2,1,0.605,1,418.48,smart_retry,50
TXN101959,CUST16136,1179.03,net_banking,card_declined,new,1,80872.73,127,2,1744,6,3,0.5,1,1179.03,alternative_payment,63
TXN101960,CUST13130,2382.14,debit_card,expired_card,premium,3,3921.75,362,2,394,3,0,0.56,1,2382.14,alternative_payment,78
TXN101961,CUST14570,668.86,debit_card,authentication_failed,regular,0,3109.47,116,1,588,4,2,0.52,0,0.0,customer_outreach,54
TXN101962,CUST13264,1606.2,debit_card,expired_card,regular,1,3335.49,226,2,219,3,0,0.48,1,1606.2,alternative_payment,63
TXN101963,CUST18026,2032.81,upi,authentication_failed,regular,3,25666.67,329,4,950,6,0,0.275,0,0.0,customer_outreach,81
TXN101964,CUST12793,1006.66,credit_card,authentication_failed,regular,1,5048.31,276,4,461,5,1,0.355,0,0.0,customer_outreach,71
TXN101965,CUST17108,3083.48,upi,network_error,new,0,5592.05,148,1,730,6,0,0.78,0,0.0,smart_retry,54
TXN101966,CUST18253,1585.1,wallet,network_error,new,2,5232.23,47,4,1613,10,1,0.675,0,0.0,smart_retry,76
TXN101967,CUST13452,511.24,upi,insufficient_funds,regular,1,5091.19,17,0,1088,7,2,0.52,0,0.0,payment_plan,55
TXN101968,CUST17785,827.63,debit_card,gateway_error,regular,1,49353.73,191,4,803,2,0,0.535,1,827.63,smart_retry,71
TXN101969,CUST19640,415.87,credit_card,expired_card,new,5,3780.88,323,2,1810,2,2,0.405,1,415.87,alternative_payment,83
TXN101970,CUST10129,1650.33,debit_card,gateway_error,regular,2,7788.44,173,0,413,3,0,0.675,1,1650.33,smart_retry,60
TXN101971,CUST15865,1125.8,upi,insufficient_funds,regular,3,5249.26,96,0,929,7,0,0.4,1,1125.8,customer_outreach,65
TXN101972,CUST19725,1572.87,wallet,network_error,regular,0,15195.17,205,3,1738,2,0,0.61,1,1572.87,smart_retry,62
TXN101973,CUST13990,3350.39,upi,network_error,regular,4,2828.45,173,3,1419,7,0,0.545,0,0.0,smart_retry,82
TXN101974,CUST16572,712.7,upi,card_declined,at_risk,1,5059.57,120,4,250,1,2,0.14,0,0.0,human_escalation,71
TXN101975,CUST16897,437.77,net_banking,expired_card,at_risk,1,11161.71,206,4,88,5,0,0.28,0,0.0,alternative_payment,71
TXN101976,CUST12687,2486.45,wallet,insufficient_funds,at_risk,1,14460.87,306,4,436,9,1,0.215,0,0.0,payment_plan,71
TXN101977,CUST12128,1663.26,upi,card_declined,at_risk,2,7431.77,159,1,1671,4,1,0.245,0,0.0,human_escalation,64
TXN101978,CUST15670,1759.65,net_banking,gateway_error,regular,0,1387.49,1,1,440,5,3,0.77,1,1759.65,smart_retry,54
TXN101979,CUST12819,328.97,upi,expired_card,premium,0,9874.08,121,1,924,2,1,0.715,1,328.97,alternative_payment,59
TXN101980,CUST11477,414.99,debit_card,insufficient_funds,regular,1,17651.2,192,0,1007,6,1,0.48,0,0.0,payment_plan,55
TXN101981,CUST15647,1721.41,credit_card,gateway_error,regular,1,3682.12,202,1,1899,1,0,0.64,0,0.0,smart_retry,59
TXN101982,CUST17738,474.46,net_banking,gateway_error,new,0,11748.05,50,3,293,5,1,0.71,0,0.0,smart_retry,62
TXN101983,CUST15215,1393.34,debit_card,gateway_error,new,2,3400.87,145,3,1252,5,0,0.615,1,1393.34,smart_retry,72
TXN101984,CUST16452,1120.03,wallet,card_declined,regular,0,3754.77,343,4,85,5,0,0.335,0,0.0,smart_retry,66
TXN101985,CUST19970,774.59,debit_card,insufficient_funds,regular,1,7541.87,175,4,1715,9,1,0.365,0,0.0,payment_plan,71
TXN101986,CUST19816,548.99,net_banking,card_declined,regular,0,13728.85,71,3,414,6,0,0.39,0,0.0,smart_retry,62
TXN101987,CUST13460,534.85,upi,gateway_error,premium,2,4700.49,197,1,901,9,1,0.9,0,0.0,smart_retry,69
TXN101988,CUST12469,1375.24,upi,expired_card,regular,1,10164.52,247,0,564,2,0,0.545,0,0.0,alternative_payment,55
TXN101989,CUST16909,3618.35,debit_card,insufficient_funds,regular,2,3765.77,265,0,982,4,1,0.415,0,0.0,payment_plan,60
TXN101990,CUST15673,4622.22,credit_card,network_error,new,0,9547.09,7,1,683,5,1,0.79,1,4622.22,smart_retry,54
TXN101991,CUST12109,834.51,wallet,authentication_failed,regular,1,20925.56,233,0,1025,7,1,0.545,1,834.51,customer_outreach,55
TXN101992,CUST16581,987.53,net_banking,card_declined,regular,1,5543.91,133,0,1266,1,1,0.425,0,0.0,customer_outreach,55
TXN101993,CUST18225,692.67,upi,gateway_error,new,1,4211.34,274,2,258,5,2,0.74,0,0.0,smart_retry,63
TXN101994,CUST12930,1831.26,net_banking,authentication_failed,new,1,19673.37,346,0,337,1,2,0.51,0,0.0,customer_outreach,55
TXN101995,CUST10113,674.64,upi,network_error,regular,1,12686.98,102,4,1694,6,2,0.645,1,674.64,smart_retry,71
TXN101996,CUST17454,832.33,net_banking,card_declined,regular,0,15461.56,21,0,1807,2,1,0.475,1,832.33,customer_outreach,50
TXN101997,CUST17540,167.13,upi,card_declined,new,1,21040.73,352,2,546,4,1,0.42,0,0.0,customer_outreach,63
TXN101998,CUST15528,1619.19,upi,card_declined,regular,1,18928.95,92,2,760,5,0,0.38,1,1619.19,customer_outreach,63
TXN101999,CUST10287,316.96,net_banking,expired_card,regular,2,4305.87,19,4,258,5,0,0.395,0,0.0,alternative_payment,76
TXN102000,CUST15853,2147.8,credit_card,authentication_failed,new,0,6392.64,128,1,202,3,0,0.485,1,2147.8,customer_outreach,54
TXN102001,CUST18765,640.32,credit_card,insufficient_funds,new,2,6671.96,325,3,912,7,0,0.345,0,0.0,customer_outreach,72
TXN102002,CUST15658,1186.83,net_banking,network_error,regular,1,9484.3,269,4,968,3,1,0.575,1,1186.83,smart_retry,71
TXN102003,CUST10665,1714.36,credit_card,expired_card,regular,1,25592.06,76,4,1512,3,0,0.4,0,0.0,alternative_payment,71
TXN102004,CUST11656,2670.15,net_banking,authentication_failed,at_risk,2,4378.82,41,2,1929,1,0,0.165,0,0.0,customer_outreach,68
TXN102005,CUST14947,1212.61,net_banking,gateway_error,premium,1,4798.81,132,0,1743,5,0,0.89,1,1212.61,smart_retry,60
TXN102006,CUST17101,1849.62,credit_card,insufficient_funds,regular,2,7010.95,156,4,1082,4,0,0.23,0,0.0,payment_plan,76
TXN102007,CUST10800,2955.89,upi,authentication_failed,regular,0,28082.64,224,2,1559,7,1,0.5,1,2955.89,customer_outreach,58
TXN102008,CUST13042,579.88,upi,authentication_failed,regular,0,7690.5,310,3,1893,6,0,0.42,1,579.88,customer_outreach,62
TXN102009,CUST12969,2822.22,upi,expired_card,premium,1,7042.85,107,0,1631,7,0,0.77,1,2822.22,alternative_payment,60
TXN102010,CUST16788,843.36,debit_card,expired_card,regular,2,2171.25,307,2,228,6,4,0.59,1,843.36,alternative_payment,68
TXN102011,CUST13626,794.25,debit_card,card_declined,new,0,3825.04,114,0,1282,5,1,0.55,1,794.25,customer_outreach,50
TXN102012,CUST19983,2849.11,net_banking,authentication_failed,regular,1,7694.59,305,2,1138,3,0,0.38,0,0.0,customer_outreach,63
TXN102013,CUST16374,580.91,net_banking,authentication_failed,premium,1,3084.16,175,2,739,1,1,0.525,1,580.91,customer_outreach,68
TXN102014,CUST17280,1099.64,debit_card,gateway_error,new,0,12485.2,256,1,1120,6,2,0.83,1,1099.64,smart_retry,54
TXN102015,CUST12785,552.77,net_banking,expired_card,regular,1,10620.19,339,4,190,2,0,0.385,0,0.0,alternative_payment,71
TXN102016,CUST17971,993.48,wallet,expired_card,premium,1,9539.07,272,2,652,2,0,0.615,0,0.0,alternative_payment,68
TXN102017,CUST14781,541.01,upi,gateway_error,regular,0,9609.16,16,1,1309,2,1,0.715,1,541.01,smart_retry,54
TXN102018,CUST19583,379.22,debit_card,authentication_failed,regular,1,10823.42,221,3,1596,3,1,0.365,0,0.0,customer_outreach,67
TXN102019,CUST10383,2261.63,upi,authentication_failed,new,0,42489.16,121,3,1916,6,1,0.475,1,2261.63,customer_outreach,62
TXN102020,CUST18807,539.57,debit_card,gateway_error,regular,0,26152.24,64,0,840,6,1,0.815,1,539.57,smart_retry,50
TXN102021,CUST13576,1213.6,debit_card,card_declined,regular,0,7385.12,92,1,1600,3,1,0.45,0,0.0,alternative_payment,54
TXN102022,CUST16571,547.95,wallet,gateway_error,regular,0,15986.59,112,3,1874,1,1,0.62,1,547.95,smart_retry,62
TXN102023,CUST19818,793.95,upi,expired_card,new,2,12530.78,323,0,1390,4,0,0.57,0,0.0,alternative_payment,60
TXN102024,CUST15206,1088.75,wallet,authentication_failed,regular,2,24920.46,116,3,1043,7,0,0.365,1,1088.75,customer_outreach,72
TXN102025,CUST17600,3006.73,upi,gateway_error,regular,0,4329.19,91,3,620,5,1,0.68,1,3006.73,smart_retry,62
TXN102026,CUST10054,644.1,wallet,expired_card,new,0,18826.74,336,1,1429,4,0,0.6,0,0.0,alternative_payment,54
TXN102027,CUST11610,3508.48,net_banking,authentication_failed,regular,1,5644.7,215,3,416,4,1,0.38,1,3508.48,customer_outreach,67
TXN102028,CUST10475,559.84,wallet,insufficient_funds,premium,1,4163.76,318,4,194,7,0,0.46,1,559.84,customer_outreach,76
TXN102029,CUST10374,874.53,upi,authentication_failed,regular,0,5379.98,292,3,1431,5,3,0.48,1,874.53,customer_outreach,62
TXN102030,CUST11490,1445.19,upi,card_declined,new,2,1486.77,335,3,1160,3,0,0.265,0,0.0,human_escalation,72
TXN102031,CUST18377,952.04,debit_card,insufficient_funds,regular,1,3630.85,123,1,997,2,1,0.38,1,952.04,payment_plan,59
TXN102032,CUST15287,522.63,debit_card,expired_card,premium,1,2842.63,16,1,1212,5,1,0.725,1,522.63,alternative_payment,64
TXN102033,CUST17555,1262.24,net_banking,insufficient_funds,regular,2,16764.63,228,1,1661,3,1,0.36,0,0.0,payment_plan,64
TXN102034,CUST17559,2695.03,wallet,network_error,premium,1,1367.74,310,2,1816,4,0,0.755,1,2695.03,smart_retry,68
TXN102035,CUST12609,478.83,debit_card,gateway_error,new,1,9149.51,36,0,1563,7,2,0.85,1,478.83,smart_retry,55
TXN102036,CUST10529,524.36,net_banking,authentication_failed,at_risk,1,4050.58,198,0,1633,6,1,0.38,1,524.36,customer_outreach,55
TXN102037,CUST16833,1537.27,upi,network_error,regular,2,7237.93,311,4,1493,8,0,0.59,0,0.0,smart_retry,76
TXN102038,CUST10388,564.87,net_banking,gateway_error,new,1,4218.14,31,2,1692,4,0,0.675,0,0.0,smart_retry,63
TXN102039,CUST16527,2156.47,credit_card,expired_card,regular,1,15519.84,262,3,907,3,1,0.465,1,2156.47,alternative_payment,67
TXN102040,CUST12032,2299.64,credit_card,insufficient_funds,new,0,6341.3,297,0,1508,6,2,0.57,1,2299.64,payment_plan,50
TXN102041,CUST16004,892.6,net_banking,network_error,regular,2,2147.6,125,3,460,4,0,0.57,1,892.6,smart_retry,72
TXN102042,CUST14333,559.69,credit_card,expired_card,regular,1,2273.52,38,3,1871,5,0,0.47,0,0.0,alternative_payment,67
TXN102043,CUST18053,1057.83,debit_card,expired_card,regular,1,5946.32,353,3,707,2,0,0.425,1,1057.83,alternative_payment,67
TXN102044,CUST17378,757.08,upi,authentication_failed,regular,4,1497.35,19,1,333,6,2,0.37,1,757.08,customer_outreach,74
TXN102045,CUST18548,982.66,upi,card_declined,regular,0,13366.14,190,4,772,2,0,0.29,0,0.0,human_escalation,66
TXN102046,CUST14771,1551.22,upi,network_error,regular,0,12331.27,325,2,1003,8,0,0.74,1,1551.22,smart_retry,58
TXN102047,CUST17206,1091.72,upi,insufficient_funds,new,1,20845.19,356,1,330,1,0,0.37,0,0.0,customer_outreach,59
TXN102048,CUST16295,1893.15,upi,network_error,regular,2,12525.57,109,4,650,1,0,0.485,0,0.0,smart_retry,76
TXN102049,CUST12430,703.01,wallet,card_declined,regular,1,3860.27,261,4,861,3,0,0.27,0,0.0,human_escalation,71
TXN102050,CUST17814,2464.98,wallet,insufficient_funds,at_risk,1,12086.38,330,1,1232,3,2,0.27,0,0.0,customer_outreach,59
TXN102051,CUST18574,411.27,upi,gateway_error,new,2,5816.71,249,1,1813,2,0,0.65,1,411.27,smart_retry,64
TXN102052,CUST18605,1044.9,net_banking,insufficient_funds,regular,0,10721.22,195,0,1399,2,1,0.455,1,1044.9,payment_plan,50
TXN102053,CUST15609,6358.32,debit_card,expired_card,regular,1,24549.44,77,2,1276,4,1,0.52,1,6358.32,alternative_payment,63
TXN102054,CUST11959,794.74,debit_card,expired_card,regular,1,5427.06,292,0,1750,6,1,0.63,0,0.0,alternative_payment,55
TXN102055,CUST18587,1536.42,debit_card,network_error,regular,0,2180.25,341,0,846,7,2,0.855,1,1536.42,smart_retry,50
TXN102056,CUST11619,1156.41,upi,authentication_failed,premium,2,2231.97,284,4,1763,6,0,0.46,0,0.0,customer_outreach,81
TXN102057,CUST18810,735.5,credit_card,card_declined,regular,1,18937.61,268,1,531,6,0,0.435,1,735.5,customer_outreach,59
TXN102058,CUST12993,2282.59,debit_card,insufficient_funds,regular,0,23835.38,234,1,112,6,1,0.475,1,2282.59,customer_outreach,54
TXN102059,CUST19043,1790.77,upi,card_declined,new,0,2427.36,33,1,1100,5,1,0.51,0,0.0,customer_outreach,54
TXN102060,CUST10997,1147.06,debit_card,insufficient_funds,regular,0,9577.15,298,3,980,4,2,0.39,1,1147.06,payment_plan,62
TXN102061,CUST18797,354.9,credit_card,expired_card,new,0,11019.1,38,1,1009,3,0,0.585,1,354.9,alternative_payment,54
TXN102062,CUST11907,1050.81,net_banking,card_declined,regular,1,3548.52,52,4,1237,6,0,0.315,1,1050.81,smart_retry,71
TXN102063,CUST19802,1899.89,net_banking,expired_card,regular,0,1912.79,298,3,1793,7,0,0.495,1,1899.89,alternative_payment,62
TXN102064,CUST11827,211.71,net_banking,network_error,regular,1,2998.33,326,4,1577,2,0,0.535,0,0.0,smart_retry,71
TXN102065,CUST17475,1940.38,credit_card,expired_card,new,0,3023.71,308,2,1038,7,1,0.63,1,1940.38,alternative_payment,58
TXN102066,CUST12892,515.49,upi,authentication_failed,regular,2,3731.54,146,2,571,3,1,0.37,0,0.0,customer_outreach,68
TXN102067,CUST18719,2630.2,debit_card,expired_card,regular,1,8696.25,288,4,662,6,0,0.445,0,0.0,alternative_payment,71
TXN102068,CUST17209,1186.73,credit_card,insufficient_funds,regular,1,5088.72,164,4,993,3,0,0.25,0,0.0,customer_outreach,71
TXN102069,CUST12672,651.99,debit_card,card_declined,new,2,1804.31,345,2,223,4,1,0.345,0,0.0,customer_outreach,68
TXN102070,CUST15610,461.56,wallet,insufficient_funds,regular,0,6796.79,56,1,466,5,2,0.485,0,0.0,customer_outreach,54
TXN102071,CUST18221,772.31,upi,expired_card,new,0,2122.47,242,0,1432,6,0,0.67,1,772.31,alternative_payment,50
TXN102072,CUST14916,4752.53,wallet,insufficient_funds,regular,1,9622.1,80,2,350,7,2,0.44,1,4752.53,payment_plan,63
TXN102073,CUST16491,1032.31,debit_card,insufficient_funds,regular,0,5820.3,81,2,1989,4,0,0.38,0,0.0,customer_outreach,58
TXN102074,CUST19752,2367.96,net_banking,network_error,regular,1,11491.15,135,3,1943,4,0,0.605,1,2367.96,smart_retry,67
TXN102075,CUST14974,1308.1,upi,insufficient_funds,regular,2,17301.01,182,2,951,4,3,0.385,0,0.0,customer_outreach,68
TXN102076,CUST16968,1031.49,wallet,gateway_error,new,0,13477.67,3,3,143,4,0,0.67,1,1031.49,smart_retry,62
TXN102077,CUST16697,776.37,upi,network_error,new,0,56434.58,234,2,69,4,1,0.735,1,776.37,smart_retry,58
TXN102078,CUST13313,1369.48,debit_card,network_error,new,2,16576.25,151,2,78,7,0,0.685,1,1369.48,smart_retry,68
TXN102079,CUST15273,560.55,net_banking,gateway_error,regular,2,1302.68,287,1,1663,4,0,0.61,0,0.0,smart_retry,64
TXN102080,CUST13522,995.12,wallet,authentication_failed,regular,1,12999.88,141,0,182,4,0,0.475,1,995.12,customer_outreach,55
TXN102081,CUST13983,1151.09,debit_card,expired_card,new,0,5999.47,304,3,1979,6,0,0.55,0,0.0,alternative_payment,62
TXN102082,CUST10753,869.86,net_banking,network_error,at_risk,0,8622.05,362,3,541,5,1,0.53,0,0.0,smart_retry,62
TXN102083,CUST14589,601.97,wallet,authentication_failed,regular,2,8088.14,52,0,1339,6,3,0.545,0,0.0,customer_outreach,60
TXN102084,CUST15614,853.21,upi,authentication_failed,regular,0,7758.66,146,0,996,4,1,0.535,1,853.21,customer_outreach,50
TXN102085,CUST12200,2007.87,credit_card,expired_card,at_risk,2,10395.48,212,1,1819,3,2,0.385,1,2007.87,alternative_payment,64
TXN102086,CUST12464,2279.69,wallet,expired_card,regular,2,4443.63,288,0,927,3,3,0.6,0,0.0,alternative_payment,60
TXN102087,CUST14017,1653.67,upi,authentication_failed,regular,1,4246.91,339,2,1170,4,3,0.47,1,1653.67,customer_outreach,63
TXN102088,CUST18700,1245.83,upi,network_error,premium,0,3943.73,35,2,1990,3,1,0.84,1,1245.83,smart_retry,63
TXN102089,CUST15918,3633.99,net_banking,network_error,new,0,8141.62,95,2,989,5,1,0.75,0,0.0,smart_retry,58
TXN102090,CUST13730,1385.65,net_banking,expired_card,regular,4,3684.29,347,2,552,6,0,0.42,1,1385.65,alternative_payment,78
TXN102091,CUST19889,764.83,credit_card,insufficient_funds,premium,2,15371.88,211,3,841,4,2,0.47,1,764.83,customer_outreach,77
TXN102092,CUST10786,1348.89,wallet,card_declined,at_risk,1,3370.6,263,2,63,4,0,0.215,0,0.0,human_escalation,63
TXN102093,CUST19268,923.89,net_banking,card_declined,at_risk,1,8808.12,168,4,1037,2,2,0.155,1,923.89,human_escalation,71
TXN102094,CUST14630,694.65,wallet,expired_card,regular,2,1292.39,39,4,218,2,0,0.31,0,0.0,alternative_payment,76
TXN102095,CUST19147,386.57,credit_card,authentication_failed,regular,0,6009.62,263,0,1205,2,1,0.505,1,386.57,customer_outreach,50
TXN102096,CUST17675,3859.7,wallet,network_error,at_risk,2,4905.9,38,3,1704,3,1,0.43,1,3859.7,smart_retry,72
TXN102097,CUST14536,780.55,net_banking,gateway_error,new,2,4520.38,78,2,179,10,1,0.755,1,780.55,smart_retry,68
TXN102098,CUST12976,1081.38,wallet,expired_card,regular,2,6269.28,355,3,1851,3,1,0.43,0,0.0,alternative_payment,72
TXN102099,CUST10351,1806.74,net_banking,authentication_failed,regular,1,3227.85,320,3,68,7,0,0.4,0,0.0,customer_outreach,67
TXN102100,CUST10139,2047.65,debit_card,expired_card,regular,1,1650.93,133,1,1226,6,0,0.525,1,2047.65,alternative_payment,59
TXN102101,CUST15351,1626.74,wallet,gateway_error,regular,1,57547.42,103,4,1925,3,0,0.55,1,1626.74,smart_retry,71
TXN102102,CUST15810,2079.83,wallet,insufficient_funds,regular,0,23398.29,76,1,661,3,0,0.405,1,2079.83,payment_plan,54
TXN102103,CUST11653,1490.04,credit_card,authentication_failed,regular,4,5172.88,21,1,1136,2,1,0.325,0,0.0,customer_outreach,74
TXN102104,CUST15710,736.84,credit_card,expired_card,new,0,9722.55,118,1,443,4,1,0.625,1,736.84,alternative_payment,54
TXN102105,CUST14963,2485.39,debit_card,gateway_error,at_risk,1,13001.77,120,1,1611,4,1,0.56,0,0.0,smart_retry,59
TXN102106,CUST15821,914.03,credit_card,insufficient_funds,new,0,12690.74,226,0,1738,4,0,0.49,1,914.03,customer_outreach,50
TXN102107,CUST10416,448.66,net_banking,network_error,new,3,20136.11,107,3,130,0,3,0.58,0,0.0,smart_retry,77
TXN102108,CUST17320,843.07,net_banking,gateway_error,regular,0,20777.84,195,4,1698,3,2,0.635,1,843.07,smart_retry,66
TXN102109,CUST12042,868.56,credit_card,insufficient_funds,regular,1,5430.92,297,4,279,5,2,0.33,0,0.0,payment_plan,71
TXN102110,CUST13434,499.98,credit_card,gateway_error,new,1,4762.72,184,2,880,4,1,0.7,0,0.0,smart_retry,63
TXN102111,CUST13129,1254.67,debit_card,card_declined,new,2,9403.51,185,3,552,6,0,0.35,0,0.0,alternative_payment,72
TXN102112,CUST11834,530.99,net_banking,card_declined,premium,1,8264.3,216,3,1999,3,1,0.485,0,0.0,customer_outreach,72
TXN102113,CUST11639,2148.56,upi,expired_card,at_risk,3,16655.88,34,3,1967,3,0,0.22,0,0.0,alternative_payment,77
TXN102114,CUST14926,1584.77,debit_card,network_error,premium,0,34008.33,330,3,1823,5,2,0.855,1,1584.77,smart_retry,67
TXN102115,CUST17722,538.22,credit_card,expired_card,new,2,4803.6,166,0,318,5,3,0.66,0,0.0,alternative_payment,60
TXN102116,CUST14079,1201.82,debit_card,authentication_failed,premium,0,5787.78,266,1,317,2,3,0.665,0,0.0,customer_outreach,59
TXN102117,CUST17697,676.02,credit_card,card_declined,regular,1,25304.82,108,2,791,4,1,0.39,0,0.0,alternative_payment,63
TXN102118,CUST16797,1261.24,debit_card,gateway_error,regular,1,8967.71,266,1,1549,7,1,0.755,1,1261.24,smart_retry,59
TXN102119,CUST12975,572.93,upi,card_declined,new,0,2999.73,16,3,447,6,1,0.445,0,0.0,customer_outreach,62
TXN102120,CUST16613,168.96,upi,expired_card,regular,0,5189.3,15,0,709,3,1,0.62,0,0.0,alternative_payment,50
TXN102121,CUST10466,2653.69,net_banking,card_declined,new,2,5314.63,74,3,125,3,0,0.305,0,0.0,alternative_payment,72
TXN102122,CUST16177,237.88,wallet,network_error,regular,2,3822.84,81,0,60,4,2,0.74,1,237.88,smart_retry,60
TXN102123,CUST15712,4220.11,debit_card,card_declined,regular,0,7424.23,34,0,1004,2,1,0.475,1,4220.11,customer_outreach,50
TXN102124,CUST16800,861.27,wallet,gateway_error,premium,1,13511.37,309,0,667,3,5,0.95,1,861.27,smart_retry,60
TXN102125,CUST17802,329.12,net_banking,expired_card,premium,2,5232.53,337,4,778,5,2,0.595,0,0.0,alternative_payment,81
TXN102126,CUST11579,1522.37,net_banking,gateway_error,new,3,9490.78,293,1,287,3,1,0.655,1,1522.37,smart_retry,69
TXN102127,CUST13593,4038.99,wallet,insufficient_funds,new,3,22257.24,74,1,1380,6,1,0.4,0,0.0,payment_plan,69
TXN102128,CUST11553,295.77,net_banking,expired_card,new,3,1577.35,54,1,493,4,1,0.48,1,295.77,alternative_payment,69
TXN102129,CUST14106,2124.57,debit_card,network_error,regular,1,8883.32,169,3,1398,4,3,0.68,1,2124.57,smart_retry,67
TXN102130,CUST19679,1289.89,wallet,authentication_failed,regular,0,619.95,137,1,701,5,3,0.52,0,0.0,customer_outreach,54
TXN102131,CUST16914,1150.4,upi,network_error,premium,0,4326.21,18,3,1324,6,1,0.845,1,1150.4,smart_retry,67
TXN102132,CUST10786,976.62,debit_card,insufficient_funds,premium,1,3490.26,325,0,1740,3,2,0.61,1,976.62,payment_plan,60
TXN102133,CUST12652,905.99,net_banking,expired_card,premium,0,9183.98,247,3,1786,5,2,0.705,1,905.99,alternative_payment,67
TXN102134,CUST15634,580.94,debit_card,network_error,new,0,10603.32,296,3,955,0,0,0.61,1,580.94,smart_retry,62
TXN102135,CUST13519,1024.51,net_banking,authentication_failed,regular,0,4693.93,226,0,1555,2,2,0.53,1,1024.51,customer_outreach,50
TXN102136,CUST14576,1316.51,wallet,expired_card,regular,1,3671.43,96,2,728,2,1,0.49,0,0.0,alternative_payment,63
TXN102137,CUST17984,346.89,wallet,gateway_error,regular,1,18160.45,343,2,1593,4,1,0.67,1,346.89,smart_retry,63
TXN102138,CUST18504,1696.4,upi,card_declined,new,1,3495.02,219,0,1142,2,2,0.495,1,1696.4,smart_retry,55
TXN102139,CUST11549,2438.86,debit_card,gateway_error,new,1,5824.57,62,4,1489,4,3,0.67,1,2438.86,smart_retry,71
TXN102140,CUST14844,2199.64,debit_card,expired_card,regular,2,18599.24,224,4,1954,9,1,0.48,0,0.0,alternative_payment,76
TXN102141,CUST11359,484.18,wallet,insufficient_funds,regular,2,19478.2,262,1,320,6,1,0.405,0,0.0,payment_plan,64
TXN102142,CUST10273,770.68,debit_card,network_error,new,1,5844.93,270,4,1627,5,2,0.66,1,770.68,smart_retry,71
TXN102143,CUST12486,1270.35,wallet,authentication_failed,regular,0,2136.77,273,2,1134,6,0,0.46,1,1270.35,customer_outreach,58
TXN102144,CUST13775,561.14,wallet,insufficient_funds,regular,0,6179.58,52,1,1330,7,1,0.49,0,0.0,payment_plan,54
TXN102145,CUST12491,973.65,wallet,authentication_failed,regular,2,4653.52,104,2,130,4,2,0.41,0,0.0,customer_outreach,68
TXN102146,CUST16567,2147.9,upi,gateway_error,at_risk,2,6947.78,216,3,988,1,1,0.4,0,0.0,smart_retry,72
TXN102147,CUST15274,1139.11,debit_card,network_error,at_risk,1,16598.18,1,0,544,4,0,0.575,1,1139.11,smart_retry,55
TXN102148,CUST19105,1182.03,upi,insufficient_funds,at_risk,2,5516.68,314,4,1994,5,0,0.095,0,0.0,payment_plan,76
TXN102149,CUST10970,625.95,net_banking,insufficient_funds,premium,3,8847.36,83,1,831,3,0,0.45,0,0.0,payment_plan,74
TXN102150,CUST16865,1455.32,net_banking,authentication_failed,regular,3,12584.77,180,0,493,6,0,0.435,0,0.0,customer_outreach,65
TXN102151,CUST14525,2030.07,debit_card,gateway_error,premium,1,5318.83,300,1,451,6,0,0.865,1,2030.07,smart_retry,64
TXN102152,CUST17264,547.67,debit_card,network_error,regular,0,12476.95,168,0,1334,6,0,0.79,1,547.67,smart_retry,50
TXN102153,CUST11921,473.02,wallet,expired_card,regular,2,6068.04,322,4,994,1,2,0.385,0,0.0,alternative_payment,76
TXN102154,CUST13804,1198.23,net_banking,expired_card,new,2,25176.99,278,4,960,2,1,0.405,0,0.0,alternative_payment,76
TXN102155,CUST12517,891.62,credit_card,network_error,regular,0,14498.83,140,0,811,3,1,0.77,1,891.62,smart_retry,50
TXN102156,CUST14185,1607.95,credit_card,network_error,regular,0,6771.97,300,1,1824,3,1,0.73,0,0.0,smart_retry,54
TXN102157,CUST17983,1628.02,upi,insufficient_funds,regular,0,3118.56,46,4,1995,5,2,0.365,1,1628.02,customer_outreach,66
TXN102158,CUST13953,494.02,net_banking,network_error,at_risk,2,2392.16,216,0,1336,2,0,0.51,1,494.02,smart_retry,60
TXN102159,CUST11723,3745.67,upi,network_error,new,2,37157.0,129,4,703,1,1,0.54,0,0.0,smart_retry,76
TXN102160,CUST16875,203.7,upi,expired_card,premium,1,19839.21,52,3,527,4,1,0.63,1,203.7,alternative_payment,72
TXN102161,CUST19597,1144.6,net_banking,insufficient_funds,regular,0,18898.04,341,2,242,3,1,0.39,0,0.0,customer_outreach,58
TXN102162,CUST19186,739.08,wallet,authentication_failed,regular,1,12843.58,266,3,116,8,2,0.465,1,739.08,customer_outreach,67
TXN102163,CUST19857,1028.21,credit_card,authentication_failed,new,0,11929.81,330,0,1208,1,2,0.545,0,0.0,customer_outreach,50
TXN102164,CUST11555,541.21,credit_card,insufficient_funds,regular,3,17326.43,345,4,893,3,0,0.18,0,0.0,customer_outreach,81
TXN102165,CUST10653,1987.65,upi,network_error,new,1,2854.16,236,4,1798,4,0,0.595,1,1987.65,smart_retry,71
TXN102166,CUST18564,1016.47,credit_card,gateway_error,new,2,11469.35,322,3,1400,5,0,0.615,1,1016.47,smart_retry,72
TXN102167,CUST10420,710.94,debit_card,authentication_failed,regular,0,2570.69,323,2,232,3,1,0.44,0,0.0,customer_outreach,58
TXN102168,CUST14788,984.81,net_banking,card_declined,new,0,5165.39,130,2,1706,5,0,0.445,1,984.81,alternative_payment,58
TXN102169,CUST15636,738.96,upi,insufficient_funds,regular,3,5043.25,25,2,968,2,1,0.27,0,0.0,customer_outreach,73
TXN102170,CUST12631,813.87,debit_card,authentication_failed,new,2,5958.79,281,2,1546,2,0,0.36,0,0.0,customer_outreach,68
TXN102171,CUST16575,1866.13,upi,insufficient_funds,new,1,12827.3,46,2,750,4,1,0.4,1,1866.13,payment_plan,63
TXN102172,CUST15186,832.12,upi,card_declined,at_risk,2,11268.61,47,3,670,2,2,0.16,0,0.0,human_escalation,72
TXN102173,CUST18146,550.06,debit_card,gateway_error,regular,1,9916.38,363,3,748,1,1,0.585,1,550.06,smart_retry,67
TXN102174,CUST15521,1952.26,net_banking,expired_card,new,0,4989.16,87,2,62,1,0,0.515,1,1952.26,alternative_payment,58
TXN102175,CUST11826,731.03,debit_card,authentication_failed,regular,1,4198.14,260,4,636,5,4,0.43,0,0.0,customer_outreach,71
TXN102176,CUST19173,1279.94,wallet,insufficient_funds,regular,2,6607.65,357,0,436,4,0,0.39,0,0.0,payment_plan,60
TXN102177,CUST11483,1072.95,wallet,network_error,regular,1,22884.59,135,1,1496,4,0,0.685,1,1072.95,smart_retry,59
TXN102178,CUST15573,1224.59,wallet,expired_card,regular,1,5009.17,198,0,1760,5,0,0.59,0,0.0,alternative_payment,55
TXN102179,CUST14815,2549.23,wallet,authentication_failed,at_risk,3,6311.78,166,1,936,6,3,0.32,1,2549.23,customer_outreach,69
TXN102180,CUST10668,778.44,debit_card,authentication_failed,regular,1,9947.96,141,0,1042,3,0,0.46,0,0.0,customer_outreach,55
TXN102181,CUST13677,1080.99,debit_card,insufficient_funds,new,3,5921.98,226,1,327,2,2,0.365,0,0.0,payment_plan,69
TXN102182,CUST14862,1230.87,debit_card,card_declined,new,3,7058.0,248,3,878,1,0,0.24,0,0.0,human_escalation,77
TXN102183,CUST19114,1959.52,wallet,authentication_failed,regular,2,7547.22,96,4,1219,5,1,0.32,1,1959.52,customer_outreach,76
TXN102184,CUST16547,2130.07,wallet,gateway_error,new,2,18206.33,362,2,1675,7,3,0.76,1,2130.07,smart_retry,68
TXN102185,CUST14318,643.31,net_banking,expired_card,regular,2,1939.93,121,2,1136,7,1,0.49,1,643.31,alternative_payment,68
TXN102186,CUST15850,595.41,credit_card,network_error,premium,0,3500.38,360,1,1659,2,2,0.89,1,595.41,smart_retry,59
TXN102187,CUST18819,752.51,wallet,insufficient_funds,premium,1,6322.59,260,3,1126,6,0,0.485,0,0.0,customer_outreach,72
TXN102188,CUST11717,1529.55,wallet,insufficient_funds,new,2,1831.54,360,4,1711,7,0,0.265,0,0.0,payment_plan,76
TXN102189,CUST17623,911.23,upi,authentication_failed,new,1,19541.85,236,4,926,5,2,0.41,1,911.23,customer_outreach,71
TXN102190,CUST18145,647.78,wallet,gateway_error,premium,0,15980.09,88,0,1176,3,2,0.945,1,647.78,smart_retry,55
TXN102191,CUST17347,1074.42,wallet,network_error,premium,1,7525.16,178,3,1806,4,1,0.78,1,1074.42,smart_retry,72
TXN102192,CUST12422,910.01,credit_card,network_error,regular,0,7821.97,142,4,546,4,3,0.675,0,0.0,smart_retry,66
TXN102193,CUST10451,1581.87,wallet,gateway_error,regular,2,5464.6,69,3,470,5,1,0.61,0,0.0,smart_retry,72
TXN102194,CUST17407,2612.27,upi,authentication_failed,regular,1,7002.85,156,2,506,3,1,0.405,0,0.0,customer_outreach,63
TXN102195,CUST19336,1335.82,wallet,gateway_error,premium,0,5512.45,277,4,674,6,0,0.78,1,1335.82,smart_retry,71
TXN102196,CUST10111,2433.49,wallet,card_declined,new,2,18818.7,184,4,275,6,2,0.36,0,0.0,smart_retry,76
TXN102197,CUST11042,523.71,wallet,gateway_error,new,4,2741.25,100,1,1261,6,1,0.665,0,0.0,smart_retry,74
TXN102198,CUST12938,622.48,debit_card,card_declined,regular,0,5007.99,254,0,709,4,1,0.505,0,0.0,smart_retry,50
TXN102199,CUST11542,574.7,net_banking,authentication_failed,new,0,20896.25,351,3,1678,3,0,0.405,0,0.0,customer_outreach,62
TXN102200,CUST16677,3040.09,net_banking,network_error,regular,0,13167.82,176,1,226,5,0,0.735,1,3040.09,smart_retry,54
TXN102201,CUST15098,444.63,upi,insufficient_funds,new,1,16320.41,130,3,215,5,0,0.35,1,444.63,payment_plan,67
TXN102202,CUST14268,356.31,net_banking,insufficient_funds,regular,0,10610.64,332,0,725,3,1,0.47,0,0.0,customer_outreach,50
TXN102203,CUST11540,549.78,wallet,expired_card,premium,1,40700.3,311,0,1170,2,2,0.745,1,549.78,alternative_payment,60
TXN102204,CUST10969,1268.25,upi,card_declined,regular,2,7364.79,271,0,39,5,1,0.45,0,0.0,customer_outreach,60
TXN102205,CUST16303,492.4,upi,card_declined,new,2,2915.85,291,4,797,3,0,0.265,0,0.0,human_escalation,76
TXN102206,CUST11136,330.29,debit_card,insufficient_funds,regular,0,2023.37,256,1,1126,4,1,0.445,0,0.0,payment_plan,54
TXN102207,CUST15656,2088.52,credit_card,network_error,at_risk,1,3832.12,308,2,1205,2,0,0.465,0,0.0,smart_retry,63
TXN102208,CUST12898,726.75,net_banking,network_error,new,0,16203.97,91,4,334,5,0,0.645,1,726.75,smart_retry,66
TXN102209,CUST17292,1767.0,credit_card,authentication_failed,premium,1,3239.35,276,0,1683,1,2,0.63,1,1767.0,customer_outreach,60
TXN102210,CUST15106,839.42,upi,card_declined,regular,2,2813.84,93,4,1091,4,1,0.275,0,0.0,human_escalation,76
TXN102211,CUST12742,3528.38,credit_card,gateway_error,regular,2,31902.24,80,4,1914,0,1,0.495,1,3528.38,smart_retry,76
TXN102212,CUST15527,694.98,net_banking,network_error,regular,0,6256.61,200,3,1963,1,1,0.62,1,694.98,smart_retry,62
TXN102213,CUST11906,954.19,wallet,card_declined,regular,1,3371.0,188,1,520,3,2,0.44,0,0.0,customer_outreach,59
TXN102214,CUST13085,1250.45,net_banking,card_declined,regular,1,2545.37,246,4,232,3,1,0.295,1,1250.45,human_escalation,71
TXN102215,CUST18517,966.22,credit_card,network_error,regular,3,4771.22,270,4,1207,3,2,0.53,1,966.22,smart_retry,81
TXN102216,CUST18715,1157.06,wallet,gateway_error,new,1,1996.49,330,1,608,2,1,0.67,0,0.0,smart_retry,59
TXN102217,CUST15248,864.73,debit_card,gateway_error,new,0,1453.49,150,3,857,5,1,0.67,1,864.73,smart_retry,62
TXN102218,CUST17129,566.9,net_banking,card_declined,regular,1,8334.84,252,0,688,3,2,0.48,1,566.9,alternative_payment,55
TXN102219,CUST17931,1983.23,wallet,gateway_error,regular,0,2128.72,148,0,1110,4,1,0.785,1,1983.23,smart_retry,50
TXN102220,CUST10682,1995.18,debit_card,card_declined,regular,1,12215.37,301,4,1141,3,2,0.32,0,0.0,smart_retry,71
TXN102221,CUST15138,346.3,credit_card,authentication_failed,premium,2,22779.09,156,3,415,6,3,0.575,1,346.3,customer_outreach,77
TXN102222,CUST15763,1179.69,wallet,card_declined,new,2,7346.36,351,3,1542,4,1,0.345,0,0.0,alternative_payment,72
TXN102223,CUST18584,1824.35,debit_card,authentication_failed,regular,1,7225.01,358,0,1895,2,0,0.445,1,1824.35,customer_outreach,55
TXN102224,CUST13514,1466.07,credit_card,gateway_error,at_risk,0,43576.79,114,2,179,3,0,0.515,0,0.0,smart_retry,58
TXN102225,CUST13335,3232.03,net_banking,insufficient_funds,regular,1,21692.67,314,0,122,0,1,0.39,0,0.0,customer_outreach,55
TXN102226,CUST13375,1045.37,credit_card,expired_card,premium,0,4598.36,124,2,392,3,0,0.665,0,0.0,alternative_payment,63
TXN102227,CUST16388,1187.38,debit_card,expired_card,at_risk,3,14303.6,206,0,349,4,0,0.355,0,0.0,alternative_payment,65
TXN102228,CUST12321,867.05,wallet,insufficient_funds,regular,0,13898.33,133,3,1423,3,0,0.325,0,0.0,customer_outreach,62
TXN102229,CUST13356,350.41,upi,gateway_error,regular,1,12487.57,213,3,802,2,0,0.575,0,0.0,smart_retry,67
TXN102230,CUST14556,883.2,debit_card,gateway_error,regular,0,2042.55,6,3,115,4,0,0.64,1,883.2,smart_retry,62
TXN102231,CUST17358,2518.61,debit_card,network_error,regular,1,14587.46,37,0,266,3,2,0.76,0,0.0,smart_retry,55
TXN102232,CUST12603,1030.94,net_banking,card_declined,regular,1,3799.3,168,1,1962,10,0,0.495,1,1030.94,alternative_payment,59
TXN102233,CUST14202,966.97,net_banking,expired_card,regular,1,2674.11,146,4,565,2,1,0.41,0,0.0,alternative_payment,71
TXN102234,CUST11777,861.09,credit_card,gateway_error,new,2,2601.59,104,0,1166,5,1,0.76,1,861.09,smart_retry,60
TXN102235,CUST18158,2093.32,debit_card,insufficient_funds,regular,1,4398.07,19,3,1010,6,1,0.36,0,0.0,payment_plan,67
TXN102236,CUST11825,529.86,debit_card,card_declined,new,0,10217.89,95,0,1591,4,0,0.51,1,529.86,alternative_payment,50
TXN102237,CUST11104,1081.37,debit_card,gateway_error,regular,2,25625.98,225,1,935,2,1,0.645,1,1081.37,smart_retry,64
TXN102238,CUST19781,2272.26,credit_card,network_error,at_risk,1,14008.45,97,1,1514,2,0,0.505,0,0.0,smart_retry,59
TXN102239,CUST15208,2313.58,credit_card,authentication_failed,premium,2,4353.31,79,2,1790,2,1,0.505,1,2313.58,customer_outreach,73
TXN102240,CUST14109,446.01,debit_card,expired_card,regular,1,4273.39,330,0,831,1,3,0.605,0,0.0,alternative_payment,55
TXN102241,CUST16226,474.63,debit_card,expired_card,regular,0,9524.03,116,1,1314,5,0,0.585,0,0.0,alternative_payment,54
TXN102242,CUST13184,1564.35,upi,network_error,new,3,3355.92,13,3,172,4,1,0.59,0,0.0,smart_retry,77
TXN102243,CUST14026,1847.72,wallet,authentication_failed,regular,1,5143.69,83,1,1150,1,3,0.465,1,1847.72,customer_outreach,59
TXN102244,CUST15202,4428.86,credit_card,card_declined,regular,1,5421.71,210,4,1124,4,0,0.285,0,0.0,human_escalation,71
TXN102245,CUST10286,1313.45,wallet,network_error,regular,1,10548.09,165,2,108,4,2,0.695,1,1313.45,smart_retry,63
TXN102246,CUST12350,732.23,credit_card,network_error,regular,1,15983.68,196,0,1182,1,1,0.705,0,0.0,smart_retry,55
TXN102247,CUST10957,361.51,net_banking,authentication_failed,premium,2,72710.22,115,0,1184,4,1,0.615,1,361.51,customer_outreach,65
TXN102248,CUST18938,1516.9,credit_card,card_declined,regular,2,13887.75,244,4,1350,9,1,0.35,0,0.0,customer_outreach,76
TXN102249,CUST14627,1529.62,wallet,gateway_error,regular,1,9814.77,122,3,1284,4,2,0.655,1,1529.62,smart_retry,67
TXN102250,CUST14096,1436.07,upi,network_error,regular,0,7578.21,79,3,1128,2,1,0.635,0,0.0,smart_retry,62
TXN102251,CUST15900,12050.4,debit_card,insufficient_funds,regular,0,9374.31,90,3,556,4,2,0.39,0,0.0,payment_plan,62
TXN102252,CUST16030,915.63,credit_card,gateway_error,new,0,25264.37,74,0,971,2,1,0.785,1,915.63,smart_retry,50
TXN102253,CUST16723,1261.14,wallet,insufficient_funds,at_risk,0,2593.64,65,2,456,7,0,0.275,0,0.0,customer_outreach,58
TXN102254,CUST16899,359.04,net_banking,gateway_error,new,2,5135.4,228,3,979,5,0,0.615,1,359.04,smart_retry,72
TXN102255,CUST15956,460.94,upi,expired_card,regular,2,3793.08,69,4,451,5,0,0.395,1,460.94,alternative_payment,76
TXN102256,CUST14030,528.05,debit_card,network_error,regular,0,6108.97,100,4,774,4,1,0.625,1,528.05,smart_retry,66
TXN102257,CUST17591,172.41,wallet,gateway_error,regular,1,3448.52,158,1,834,4,0,0.685,1,172.41,smart_retry,59
TXN102258,CUST12315,910.94,net_banking,card_declined,regular,0,5349.91,232,2,1882,6,2,0.48,0,0.0,alternative_payment,58
TXN102259,CUST16752,1339.57,credit_card,insufficient_funds,regular,3,2477.52,283,1,1380,5,1,0.355,0,0.0,customer_outreach,69
TXN102260,CUST18478,321.31,net_banking,insufficient_funds,at_risk,3,3609.59,13,1,820,6,3,0.27,0,0.0,payment_plan,69
TXN102261,CUST14478,787.25,wallet,insufficient_funds,regular,2,1774.2,295,1,338,5,0,0.325,1,787.25,customer_outreach,64
TXN102262,CUST15185,546.57,net_banking,insufficient_funds,new,2,5787.91,67,3,677,3,0,0.285,0,0.0,payment_plan,72
TXN102263,CUST11590,1523.07,credit_card,card_declined,premium,2,5590.09,28,2,1776,4,0,0.48,0,0.0,customer_outreach,73
TXN102264,CUST11473,2136.67,upi,expired_card,regular,1,3584.8,78,1,659,3,0,0.52,1,2136.67,alternative_payment,59
TXN102265,CUST11081,2926.31,upi,authentication_failed,at_risk,4,10000.49,299,3,1002,5,1,0.14,0,0.0,customer_outreach,82
TXN102266,CUST15547,3007.86,debit_card,expired_card,regular,3,4533.7,288,1,1874,5,1,0.505,0,0.0,alternative_payment,69
TXN102267,CUST12490,357.58,debit_card,gateway_error,premium,1,10949.5,317,3,354,1,1,0.735,1,357.58,smart_retry,72
TXN102268,CUST19202,4597.98,wallet,network_error,regular,3,9805.53,144,1,262,1,0,0.57,0,0.0,smart_retry,69
TXN102269,CUST12402,675.03,net_banking,card_declined,new,0,1335.41,70,3,998,1,1,0.33,0,0.0,customer_outreach,62
TXN102270,CUST17813,2725.54,debit_card,card_declined,regular,2,9660.52,186,3,1227,2,0,0.26,0,0.0,human_escalation,72
TXN102271,CUST19370,1478.46,debit_card,gateway_error,new,1,31991.72,252,4,734,2,0,0.565,0,0.0,smart_retry,71
TXN102272,CUST15566,754.98,credit_card,expired_card,premium,2,62364.53,70,4,644,4,2,0.58,0,0.0,alternative_payment,81
TXN102273,CUST16449,660.51,debit_card,card_declined,at_risk,0,5795.85,343,1,1999,8,1,0.375,1,660.51,alternative_payment,54
TXN102274,CUST15254,2285.16,upi,network_error,new,0,11836.22,43,2,1264,1,1,0.69,0,0.0,smart_retry,58
TXN102275,CUST18105,671.11,credit_card,authentication_failed,new,0,7743.98,214,1,777,0,3,0.515,1,671.11,customer_outreach,54
TXN102276,CUST14140,1497.43,debit_card,authentication_failed,regular,1,2543.36,267,0,1032,3,1,0.485,1,1497.43,customer_outreach,55
TXN102277,CUST15219,551.29,debit_card,card_declined,regular,2,5244.04,359,2,568,2,2,0.35,0,0.0,customer_outreach,68
TXN102278,CUST17093,519.7,upi,card_declined,regular,2,12101.31,337,3,1380,3,2,0.325,1,519.7,smart_retry,72
TXN102279,CUST15454,545.05,wallet,card_declined,premium,2,23160.62,320,0,1534,5,1,0.6,0,0.0,customer_outreach,65
TXN102280,CUST19398,613.7,credit_card,expired_card,regular,1,36237.75,241,3,825,2,1,0.45,0,0.0,alternative_payment,67
TXN102281,CUST10589,2131.39,upi,network_error,regular,2,3223.27,188,4,1778,1,0,0.485,1,2131.39,smart_retry,76
TXN102282,CUST16955,511.8,net_banking,network_error,regular,1,7214.82,178,2,1161,7,1,0.715,1,511.8,smart_retry,63
TXN102283,CUST13160,634.62,net_banking,expired_card,regular,3,6287.45,231,0,1679,4,1,0.53,1,634.62,alternative_payment,65
TXN102284,CUST15220,2382.16,wallet,card_declined,premium,3,7352.08,66,0,527,3,2,0.56,0,0.0,customer_outreach,70
TXN102285,CUST11219,2186.1,debit_card,expired_card,premium,2,9518.38,293,1,1625,2,1,0.645,1,2186.1,alternative_payment,69
TXN102286,CUST11431,624.91,credit_card,card_declined,new,0,16289.94,175,4,174,2,0,0.32,1,624.91,smart_retry,66
TXN102287,CUST19547,1625.52,net_banking,network_error,new,0,7138.56,341,0,1284,2,6,0.86,1,1625.52,smart_retry,50
TXN102288,CUST11998,3066.03,credit_card,network_error,premium,3,2959.88,42,1,217,7,1,0.835,1,3066.03,smart_retry,74
TXN102289,CUST11500,325.65,credit_card,gateway_error,new,1,7912.13,120,1,132,6,0,0.745,0,0.0,smart_retry,59
TXN102290,CUST11301,2347.5,net_banking,expired_card,regular,1,3030.99,99,3,1704,4,0,0.455,1,2347.5,alternative_payment,67
TXN102291,CUST13232,1156.66,net_banking,authentication_failed,new,0,17309.12,241,2,1528,1,1,0.44,1,1156.66,customer_outreach,58
TXN102292,CUST19696,1393.5,credit_card,gateway_error,regular,1,3694.37,4,0,390,4,0,0.725,1,1393.5,smart_retry,55
TXN102293,CUST13239,2115.59,upi,insufficient_funds,new,0,13281.78,295,1,1463,3,1,0.46,0,0.0,payment_plan,54
TXN102294,CUST11241,1565.58,debit_card,insufficient_funds,new,3,7596.99,117,1,838,3,0,0.33,0,0.0,customer_outreach,69
TXN102295,CUST19855,347.49,net_banking,authentication_failed,regular,2,3483.84,112,3,543,2,2,0.34,0,0.0,customer_outreach,72
TXN102296,CUST15648,221.81,debit_card,authentication_failed,premium,1,11283.39,350,2,606,4,2,0.595,1,221.81,customer_outreach,68
TXN102297,CUST12642,445.36,credit_card,card_declined,premium,1,25815.22,177,0,1299,3,1,0.605,0,0.0,customer_outreach,60
TXN102298,CUST17046,726.73,credit_card,network_error,new,2,17238.15,229,0,1554,1,1,0.7,0,0.0,smart_retry,60
TXN102299,CUST11445,1891.77,upi,authentication_failed,new,2,3186.34,186,4,1418,2,0,0.28,0,0.0,customer_outreach,76
TXN102300,CUST11079,796.17,wallet,expired_card,new,2,19575.26,164,3,763,3,1,0.46,0,0.0,alternative_payment,72
TXN102301,CUST17871,598.46,upi,gateway_error,regular,1,10155.54,251,2,1148,4,2,0.695,1,598.46,smart_retry,63
TXN102302,CUST13117,1900.61,debit_card,authentication_failed,regular,1,38455.27,354,2,869,1,1,0.375,0,0.0,customer_outreach,63
TXN102303,CUST17617,2426.47,net_banking,expired_card,at_risk,0,14496.91,207,3,1809,6,1,0.395,0,0.0,alternative_payment,62
TXN102304,CUST17608,2102.89,net_banking,insufficient_funds,premium,1,3521.98,198,3,1974,5,0,0.47,0,0.0,payment_plan,72
TXN102305,CUST12284,2158.71,upi,gateway_error,at_risk,3,30750.24,324,1,848,4,2,0.515,0,0.0,smart_retry,69
TXN102306,CUST15991,1034.99,credit_card,gateway_error,new,0,5185.84,339,1,339,4,1,0.775,1,1034.99,smart_retry,54
TXN102307,CUST19714,613.3,debit_card,insufficient_funds,premium,5,10720.84,201,3,336,5,0,0.33,0,0.0,customer_outreach,92
TXN102308,CUST15526,250.6,debit_card,card_declined,regular,0,2663.44,82,2,1729,2,3,0.445,0,0.0,alternative_payment,58
TXN102309,CUST14549,868.24,debit_card,insufficient_funds,regular,0,2043.09,256,3,921,3,1,0.35,1,868.24,payment_plan,62
TXN102310,CUST17984,1703.68,credit_card,expired_card,at_risk,0,10016.66,35,2,1475,3,1,0.39,0,0.0,alternative_payment,58
TXN102311,CUST17810,654.68,wallet,expired_card,premium,1,10444.25,266,3,1675,5,2,0.67,1,654.68,alternative_payment,72
TXN102312,CUST13545,3660.59,net_banking,gateway_error,premium,0,2377.01,158,1,723,3,2,0.905,1,3660.59,smart_retry,59
TXN102313,CUST15089,1039.72,wallet,gateway_error,regular,0,3639.44,307,1,1114,1,0,0.675,1,1039.72,smart_retry,54
TXN102314,CUST14618,617.44,upi,network_error,regular,0,11502.25,353,1,786,1,0,0.675,1,617.44,smart_retry,54
TXN102315,CUST19262,1415.6,net_banking,card_declined,premium,1,10891.5,190,3,534,4,0,0.475,0,0.0,customer_outreach,72
TXN102316,CUST13431,1482.01,upi,network_error,regular,1,10861.6,161,3,1641,5,0,0.62,1,1482.01,smart_retry,67
TXN102317,CUST14596,476.68,wallet,expired_card,regular,1,8505.24,170,1,1877,7,1,0.605,0,0.0,alternative_payment,59
TXN102318,CUST12082,1165.76,upi,network_error,regular,2,12764.74,118,4,1278,7,4,0.675,1,1165.76,smart_retry,76
TXN102319,CUST13883,2108.05,debit_card,gateway_error,regular,2,2704.28,10,2,1076,4,1,0.635,1,2108.05,smart_retry,68
TXN102320,CUST11566,509.53,net_banking,insufficient_funds,regular,1,4964.7,42,4,1035,3,2,0.3,1,509.53,customer_outreach,71
TXN102321,CUST19872,1881.82,upi,card_declined,regular,0,12504.36,99,2,1487,5,1,0.44,0,0.0,smart_retry,58
TXN102322,CUST15960,942.5,credit_card,gateway_error,regular,3,4226.61,325,0,700,4,2,0.705,1,942.5,smart_retry,65
TXN102323,CUST15835,548.15,wallet,gateway_error,regular,2,3374.86,140,2,1022,5,0,0.625,0,0.0,smart_retry,68
TXN102324,CUST15147,823.89,wallet,authentication_failed,regular,0,4809.55,331,1,1991,4,2,0.52,0,0.0,customer_outreach,54
TXN102325,CUST19790,4899.35,wallet,card_declined,regular,1,9367.69,32,1,1102,3,1,0.415,1,4899.35,alternative_payment,59
TXN102326,CUST14627,1190.69,debit_card,gateway_error,regular,1,4452.86,6,2,564,8,1,0.73,1,1190.69,smart_retry,63
TXN102327,CUST13346,1856.66,debit_card,expired_card,premium,0,2437.04,334,3,191,5,0,0.655,1,1856.66,alternative_payment,67
TXN102328,CUST16039,1001.26,net_banking,insufficient_funds,regular,1,12704.53,196,4,351,2,2,0.285,0,0.0,customer_outreach,71
TXN102329,CUST15146,1365.87,credit_card,expired_card,regular,2,4829.25,102,4,958,7,1,0.45,0,0.0,alternative_payment,76
TXN102330,CUST14665,1120.74,debit_card,authentication_failed,premium,2,2595.34,9,0,137,4,2,0.64,0,0.0,customer_outreach,65
TXN102331,CUST15349,1279.47,wallet,gateway_error,regular,2,14057.76,162,3,1156,7,2,0.665,1,1279.47,smart_retry,72
TXN102332,CUST10417,1468.15,net_banking,network_error,regular,0,4743.35,92,2,1285,5,1,0.72,1,1468.15,smart_retry,58
TXN102333,CUST10565,1233.99,upi,expired_card,regular,0,3493.8,292,0,1838,3,0,0.595,1,1233.99,alternative_payment,50
TXN102334,CUST18383,618.27,credit_card,network_error,new,2,6002.08,68,3,160,9,0,0.675,0,0.0,smart_retry,72
TXN102335,CUST11112,2740.53,debit_card,insufficient_funds,premium,2,11683.34,84,1,218,1,2,0.505,0,0.0,customer_outreach,69
TXN102336,CUST15850,1386.5,upi,card_declined,regular,2,15607.04,36,3,850,2,1,0.285,0,0.0,human_escalation,72
TXN102337,CUST18931,1023.16,credit_card,authentication_failed,regular,2,10209.1,203,1,1152,4,0,0.4,1,1023.16,customer_outreach,64
TXN102338,CUST11465,1511.75,debit_card,gateway_error,regular,2,14545.69,134,1,520,8,1,0.735,1,1511.75,smart_retry,64
TXN102339,CUST10925,1934.18,wallet,card_declined,premium,1,5707.04,358,1,1010,3,2,0.59,0,0.0,customer_outreach,64
TXN102340,CUST10694,824.31,credit_card,insufficient_funds,new,1,3158.61,79,1,1055,4,0,0.415,0,0.0,customer_outreach,59
TXN102341,CUST15291,2045.94,net_banking,network_error,regular,1,3459.54,10,4,1597,4,0,0.565,1,2045.94,smart_retry,71
TXN102342,CUST14745,1401.24,net_banking,card_declined,regular,2,12227.13,357,3,1156,2,1,0.285,0,0.0,human_escalation,72
TXN102343,CUST11113,667.37,credit_card,insufficient_funds,regular,1,2724.95,107,1,1223,2,0,0.355,0,0.0,customer_outreach,59
TXN102344,CUST10117,629.68,upi,network_error,premium,1,27423.53,189,4,1870,4,1,0.74,1,629.68,smart_retry,76
TXN102345,CUST12689,686.85,net_banking,insufficient_funds,regular,1,11174.4,4,4,606,5,2,0.33,1,686.85,customer_outreach,71
TXN102346,CUST19113,826.84,upi,authentication_failed,regular,0,4394.16,104,4,554,7,1,0.42,0,0.0,customer_outreach,66
TXN102347,CUST15480,1897.04,debit_card,expired_card,new,2,9574.91,202,0,1362,3,0,0.555,1,1897.04,alternative_payment,60
TXN102348,CUST14675,671.77,net_banking,card_declined,regular,0,3817.83,334,4,1606,5,1,0.36,0,0.0,customer_outreach,66
TXN102349,CUST13352,2187.45,debit_card,card_declined,premium,2,4837.16,55,1,439,8,1,0.605,0,0.0,customer_outreach,69
TXN102350,CUST19342,846.71,upi,network_error,regular,5,3019.75,304,2,769,1,2,0.51,1,846.71,smart_retry,83
TXN102351,CUST17598,2249.46,credit_card,network_error,regular,2,5300.57,291,2,474,3,0,0.595,1,2249.46,smart_retry,68
TXN102352,CUST18373,3975.72,credit_card,expired_card,premium,0,18174.18,93,2,452,3,1,0.69,1,3975.72,alternative_payment,63
TXN102353,CUST18185,598.36,net_banking,network_error,regular,1,6476.62,201,4,1573,5,2,0.63,1,598.36,smart_retry,71
TXN102354,CUST12707,943.07,net_banking,gateway_error,regular,1,2096.6,147,1,189,4,1,0.71,1,943.07,smart_retry,59
TXN102355,CUST11757,1544.11,credit_card,card_declined,regular,0,7809.45,6,2,1934,6,3,0.505,0,0.0,smart_retry,58
TXN102356,CUST14971,481.88,net_banking,gateway_error,new,2,17718.63,82,0,139,5,0,0.735,1,481.88,smart_retry,60
TXN102357,CUST16030,1185.78,debit_card,network_error,regular,0,7840.92,217,2,185,1,1,0.66,1,1185.78,smart_retry,58
TXN102358,CUST14587,506.7,net_banking,network_error,premium,1,2989.2,18,0,648,7,2,0.95,1,506.7,smart_retry,60
TXN102359,CUST12323,1311.95,upi,gateway_error,at_risk,0,24135.55,105,0,1912,3,0,0.595,1,1311.95,smart_retry,50
TXN102360,CUST10497,1248.29,net_banking,insufficient_funds,premium,0,8472.93,45,1,962,4,1,0.595,1,1248.29,customer_outreach,59
TXN102361,CUST14424,2181.76,credit_card,network_error,regular,3,5084.88,33,1,471,4,2,0.665,0,0.0,smart_retry,69
TXN102362,CUST11067,1385.48,net_banking,network_error,regular,1,15977.37,20,3,915,1,1,0.585,1,1385.48,smart_retry,67
TXN102363,CUST17630,835.66,net_banking,insufficient_funds,at_risk,0,1123.67,296,0,1374,1,1,0.25,0,0.0,payment_plan,50
TXN102364,CUST14601,877.18,upi,network_error,regular,1,5888.03,137,0,1404,3,0,0.71,0,0.0,smart_retry,55
TXN102365,CUST14455,1580.27,debit_card,insufficient_funds,regular,1,13829.94,1,0,1818,2,1,0.42,1,1580.27,customer_outreach,55
TXN102366,CUST19157,1477.36,net_banking,insufficient_funds,new,5,6603.57,25,2,775,4,1,0.26,0,0.0,payment_plan,83
TXN102367,CUST19798,1726.48,upi,gateway_error,new,0,5443.65,279,1,794,4,1,0.775,1,1726.48,smart_retry,54
TXN102368,CUST16082,1529.19,wallet,authentication_failed,premium,3,8647.26,328,2,863,6,1,0.53,1,1529.19,customer_outreach,78
TXN102369,CUST12850,453.26,wallet,gateway_error,regular,0,30345.9,178,2,332,4,2,0.73,0,0.0,smart_retry,58
TXN102370,CUST18102,3552.28,wallet,gateway_error,regular,3,9347.56,222,0,1263,4,1,0.68,1,3552.28,smart_retry,65
TXN102371,CUST14148,766.83,debit_card,expired_card,at_risk,1,15910.06,331,3,953,2,0,0.275,0,0.0,alternative_payment,67
TXN102372,CUST18834,1869.34,debit_card,card_declined,regular,2,4069.57,321,1,1256,5,2,0.435,0,0.0,customer_outreach,64
TXN102373,CUST18850,720.44,debit_card,authentication_failed,premium,1,8487.81,106,3,197,1,1,0.485,1,720.44,customer_outreach,72
TXN102374,CUST16864,663.0,credit_card,authentication_failed,regular,2,5569.45,267,0,1208,8,1,0.525,1,663.0,customer_outreach,60
TXN102375,CUST10066,576.6,upi,authentication_failed,regular,0,3616.95,85,1,1430,4,0,0.47,1,576.6,customer_outreach,54
TXN102376,CUST15486,1325.72,net_banking,card_declined,regular,1,7749.48,192,4,1948,2,1,0.28,0,0.0,human_escalation,71
TXN102377,CUST16471,759.38,wallet,network_error,new,1,14359.67,113,4,749,4,3,0.67,0,0.0,smart_retry,71
TXN102378,CUST16684,498.13,credit_card,insufficient_funds,regular,1,1329.53,233,1,1738,4,2,0.395,1,498.13,payment_plan,59
TXN102379,CUST10009,846.15,wallet,card_declined,regular,1,8793.14,37,2,525,6,0,0.395,1,846.15,customer_outreach,63
TXN102380,CUST14962,801.85,debit_card,authentication_failed,regular,1,4220.78,98,0,63,4,1,0.5,1,801.85,customer_outreach,55
TXN102381,CUST10509,2067.61,upi,card_declined,regular,2,7411.79,349,0,167,5,2,0.475,0,0.0,customer_outreach,60
TXN102382,CUST17415,1714.68,credit_card,gateway_error,at_risk,0,3857.12,339,3,51,0,0,0.43,0,0.0,smart_retry,62
TXN102383,CUST19790,1022.69,upi,expired_card,regular,4,7245.99,107,2,907,6,0,0.42,0,0.0,alternative_payment,78
TXN102384,CUST19661,586.93,net_banking,network_error,regular,1,4588.79,22,3,94,13,0,0.695,0,0.0,smart_retry,67
TXN102385,CUST18191,1536.37,upi,expired_card,premium,1,2655.59,359,3,1793,3,0,0.59,0,0.0,alternative_payment,72
TXN102386,CUST16287,1590.68,wallet,card_declined,regular,2,13076.56,301,4,1833,6,0,0.28,0,0.0,human_escalation,76
TXN102387,CUST15751,729.11,net_banking,card_declined,regular,0,13019.43,250,0,1002,4,0,0.48,1,729.11,customer_outreach,50
TXN102388,CUST18908,542.14,credit_card,card_declined,regular,2,4781.39,324,0,961,4,2,0.46,0,0.0,customer_outreach,60
TXN102389,CUST15527,1765.21,debit_card,authentication_failed,at_risk,2,8318.83,18,2,664,4,0,0.21,0,0.0,customer_outreach,68
TXN102390,CUST19054,1162.46,net_banking,insufficient_funds,regular,1,15698.95,49,0,1430,5,2,0.49,1,1162.46,payment_plan,55
TXN102391,CUST19722,1022.99,credit_card,authentication_failed,regular,2,22607.97,258,1,978,0,0,0.34,0,0.0,customer_outreach,64
TXN102392,CUST14501,864.35,wallet,gateway_error,new,2,28285.16,275,0,548,6,2,0.8,1,864.35,smart_retry,60
TXN102393,CUST19595,2049.21,credit_card,network_error,regular,1,2468.77,90,3,630,2,1,0.6,1,2049.21,smart_retry,67
TXN102394,CUST12666,3607.44,credit_card,expired_card,regular,1,6222.28,219,0,1436,4,2,0.625,1,3607.44,alternative_payment,55
TXN102395,CUST12536,939.35,credit_card,insufficient_funds,regular,1,2672.84,128,0,823,6,1,0.48,1,939.35,payment_plan,55
TXN102396,CUST16172,1258.73,credit_card,expired_card,regular,2,7988.13,175,4,1761,5,0,0.395,0,0.0,alternative_payment,76
TXN102397,CUST18083,738.52,debit_card,network_error,regular,2,17116.85,359,0,237,5,2,0.755,1,738.52,smart_retry,60
TXN102398,CUST12694,1606.63,debit_card,insufficient_funds,new,2,16259.63,310,4,78,8,0,0.32,1,1606.63,customer_outreach,76
TXN102399,CUST18128,1081.98,upi,network_error,regular,2,24421.49,363,4,1868,3,0,0.515,1,1081.98,smart_retry,76
TXN102400,CUST16034,2176.33,wallet,card_declined,regular,1,11444.91,18,2,923,3,3,0.425,0,0.0,alternative_payment,63
TXN102401,CUST16918,529.55,credit_card,card_declined,premium,1,10066.29,341,2,1002,6,1,0.57,0,0.0,customer_outreach,68
TXN102402,CUST16575,2004.14,wallet,insufficient_funds,at_risk,1,8905.27,71,0,79,3,2,0.31,0,0.0,payment_plan,55
TXN102403,CUST11415,860.87,wallet,insufficient_funds,regular,0,2505.35,229,4,794,1,1,0.28,0,0.0,customer_outreach,66
TXN102404,CUST17829,562.25,credit_card,network_error,regular,1,4830.24,212,0,1176,3,4,0.81,1,562.25,smart_retry,55
TXN102405,CUST10651,636.45,debit_card,insufficient_funds,premium,1,4228.51,69,3,52,1,0,0.41,1,636.45,customer_outreach,72
TXN102406,CUST10982,1105.57,wallet,card_declined,premium,1,10661.43,341,2,1229,4,3,0.59,0,0.0,customer_outreach,68
TXN102407,CUST18692,543.71,credit_card,expired_card,new,0,2273.33,71,2,1915,5,4,0.675,0,0.0,alternative_payment,58
TXN102408,CUST13992,3658.48,net_banking,insufficient_funds,regular,2,38953.79,244,3,1010,4,2,0.32,0,0.0,payment_plan,72
TXN102409,CUST11622,853.5,debit_card,gateway_error,regular,2,2570.46,322,4,1788,2,1,0.525,1,853.5,smart_retry,76
TXN102410,CUST11161,1085.61,debit_card,network_error,premium,3,33207.19,262,1,1793,4,0,0.765,1,1085.61,smart_retry,74
TXN102411,CUST11114,812.13,net_banking,authentication_failed,at_risk,1,1497.65,38,4,367,6,1,0.18,0,0.0,customer_outreach,71
TXN102412,CUST14047,990.74,net_banking,network_error,regular,0,13283.58,116,2,862,3,1,0.69,1,990.74,smart_retry,58
TXN102413,CUST10977,524.25,net_banking,card_declined,new,2,9027.54,203,0,424,3,1,0.45,0,0.0,alternative_payment,60
TXN102414,CUST16122,1102.7,net_banking,gateway_error,regular,0,23686.42,116,1,1011,7,0,0.765,1,1102.7,smart_retry,54
TXN102415,CUST18348,966.8,net_banking,network_error,new,1,12404.2,326,1,524,5,1,0.755,1,966.8,smart_retry,59
TXN102416,CUST19813,2008.46,wallet,expired_card,regular,0,20252.59,39,3,1258,3,1,0.5,1,2008.46,alternative_payment,62
TXN102417,CUST10506,1105.24,net_banking,card_declined,regular,4,13794.28,361,1,1612,6,0,0.33,1,1105.24,alternative_payment,74
TXN102418,CUST10654,1572.78,upi,expired_card,regular,0,2179.78,238,2,651,3,1,0.54,0,0.0,alternative_payment,58
TXN102419,CUST18770,4088.33,wallet,expired_card,at_risk,0,1101.74,241,4,1028,3,0,0.245,0,0.0,alternative_payment,66
TXN102420,CUST16325,513.71,wallet,network_error,regular,1,20179.31,350,4,1257,5,1,0.605,0,0.0,smart_retry,71
TXN102421,CUST19404,1067.35,debit_card,gateway_error,regular,2,28820.32,355,3,731,5,2,0.635,1,1067.35,smart_retry,72
TXN102422,CUST18728,1802.7,wallet,authentication_failed,regular,1,10865.52,129,2,1943,5,2,0.46,1,1802.7,customer_outreach,63
TXN102423,CUST14444,1446.48,upi,authentication_failed,regular,2,3879.75,161,2,1887,2,0,0.33,1,1446.48,customer_outreach,68
TXN102424,CUST13922,3149.09,wallet,insufficient_funds,regular,3,14143.05,157,1,1721,7,0,0.36,0,0.0,customer_outreach,69
TXN102425,CUST18481,575.85,net_banking,expired_card,regular,1,4026.17,218,1,1603,5,0,0.55,1,575.85,alternative_payment,59
TXN102426,CUST12281,216.39,upi,insufficient_funds,regular,1,8169.46,186,4,1162,4,3,0.34,0,0.0,customer_outreach,71
TXN102427,CUST13349,1103.82,net_banking,authentication_failed,regular,0,8022.14,61,2,1337,2,1,0.425,0,0.0,customer_outreach,58
TXN102428,CUST14047,1470.02,debit_card,authentication_failed,new,1,3999.61,173,1,1847,6,0,0.495,0,0.0,customer_outreach,59
TXN102429,CUST18142,795.77,upi,insufficient_funds,regular,2,3692.6,139,4,970,10,2,0.37,0,0.0,customer_outreach,76
TXN102430,CUST12397,449.22,upi,authentication_failed,premium,1,13736.61,64,3,1695,2,0,0.475,0,0.0,customer_outreach,72
TXN102431,CUST19022,593.05,net_banking,card_declined,premium,1,10508.47,131,3,961,2,4,0.545,0,0.0,customer_outreach,72
TXN102432,CUST19021,1274.24,wallet,expired_card,regular,1,9214.17,216,1,574,5,2,0.6,1,1274.24,alternative_payment,59
TXN102433,CUST10835,1137.9,net_banking,network_error,at_risk,0,9258.24,305,0,1005,2,1,0.605,1,1137.9,smart_retry,50
TXN102434,CUST17162,1482.74,net_banking,expired_card,premium,0,7141.82,93,0,770,4,1,0.785,0,0.0,alternative_payment,55
TXN102435,CUST10892,3861.62,credit_card,card_declined,regular,2,2352.42,281,4,579,5,1,0.29,0,0.0,human_escalation,76
TXN102436,CUST12087,1470.94,credit_card,network_error,regular,3,8365.57,105,0,1855,2,2,0.675,1,1470.94,smart_retry,65
TXN102437,CUST19282,372.37,credit_card,card_declined,premium,2,4983.67,320,2,612,5,0,0.495,1,372.37,customer_outreach,73
TXN102438,CUST17041,1988.14,debit_card,insufficient_funds,regular,3,7775.65,310,4,1569,6,1,0.25,1,1988.14,customer_outreach,81
TXN102439,CUST19054,344.17,upi,insufficient_funds,regular,3,8586.27,284,4,678,3,0,0.18,1,344.17,payment_plan,81
TXN102440,CUST12815,1534.05,net_banking,insufficient_funds,regular,0,7567.96,9,1,216,7,2,0.515,0,0.0,customer_outreach,54
TXN102441,CUST17966,1336.69,credit_card,card_declined,regular,0,4430.75,209,1,525,3,0,0.425,0,0.0,customer_outreach,54
TXN102442,CUST19987,2149.37,debit_card,insufficient_funds,at_risk,0,41852.9,144,0,36,5,1,0.35,1,2149.37,payment_plan,50
TXN102443,CUST15054,566.32,net_banking,authentication_failed,new,0,26373.29,198,3,467,5,1,0.46,0,0.0,customer_outreach,62
TXN102444,CUST13804,773.37,credit_card,card_declined,regular,3,25075.73,228,3,337,1,2,0.26,1,773.37,human_escalation,77
TXN102445,CUST16299,1449.65,wallet,gateway_error,premium,0,10866.8,140,1,1835,8,0,0.93,1,1449.65,smart_retry,59
TXN102446,CUST18053,416.61,net_banking,authentication_failed,regular,1,7969.8,11,3,1069,2,0,0.325,0,0.0,customer_outreach,67
TXN102447,CUST16355,581.74,net_banking,authentication_failed,regular,2,5576.35,74,0,1260,3,2,0.475,1,581.74,customer_outreach,60
TXN102448,CUST16187,858.53,debit_card,gateway_error,regular,0,7317.32,161,2,859,3,1,0.69,0,0.0,smart_retry,58
TXN102449,CUST14491,1504.37,debit_card,network_error,regular,1,3624.27,119,3,1259,1,0,0.56,1,1504.37,smart_retry,67
TXN102450,CUST17695,646.84,credit_card,network_error,at_risk,1,33793.5,125,0,956,3,0,0.56,0,0.0,smart_retry,55
TXN102451,CUST10358,2226.22,net_banking,authentication_failed,regular,2,20918.4,196,0,1035,2,1,0.435,0,0.0,customer_outreach,60
TXN102452,CUST17148,1517.9,net_banking,gateway_error,premium,2,5723.28,131,2,498,7,0,0.805,0,0.0,smart_retry,73
TXN102453,CUST14409,440.85,upi,expired_card,regular,4,5928.27,87,1,1778,1,0,0.385,0,0.0,alternative_payment,74
TXN102454,CUST19592,661.7,wallet,authentication_failed,regular,3,6248.23,101,0,811,4,2,0.455,0,0.0,customer_outreach,65
TXN102455,CUST15973,2572.81,credit_card,insufficient_funds,premium,0,14754.01,82,0,1290,1,0,0.565,1,2572.81,payment_plan,55
TXN102456,CUST14102,1225.26,credit_card,authentication_failed,at_risk,1,7101.71,232,1,630,2,2,0.305,0,0.0,customer_outreach,59
TXN102457,CUST12320,706.09,net_banking,expired_card,new,0,18193.87,96,1,868,4,0,0.6,0,0.0,alternative_payment,54
TXN102458,CUST15105,749.62,debit_card,authentication_failed,premium,0,3677.53,48,4,136,7,1,0.57,1,749.62,customer_outreach,71
TXN102459,CUST19381,632.89,debit_card,expired_card,regular,2,14787.49,217,1,513,5,0,0.515,0,0.0,alternative_payment,64
TXN102460,CUST10281,890.5,debit_card,authentication_failed,new,0,10784.04,35,0,581,3,0,0.525,0,0.0,customer_outreach,50
TXN102461,CUST12928,1473.93,wallet,card_declined,new,1,11917.74,284,2,1511,7,3,0.515,1,1473.93,smart_retry,63
TXN102462,CUST12502,1092.86,wallet,insufficient_funds,regular,0,10940.04,5,2,1781,5,1,0.42,1,1092.86,payment_plan,58
TXN102463,CUST14461,762.86,wallet,card_declined,regular,2,2661.75,30,3,306,2,0,0.26,0,0.0,human_escalation,72
TXN102464,CUST12736,1303.48,credit_card,gateway_error,regular,2,38585.37,68,1,1794,4,1,0.675,1,1303.48,smart_retry,64
TXN102465,CUST19977,413.72,upi,authentication_failed,new,0,7968.22,237,1,961,3,2,0.535,1,413.72,customer_outreach,54
TXN102466,CUST12869,1095.49,credit_card,network_error,regular,2,3269.18,328,4,1575,4,1,0.555,1,1095.49,smart_retry,76
TXN102467,CUST10692,671.86,credit_card,gateway_error,premium,0,28074.68,148,3,1113,8,2,0.9,1,671.86,smart_retry,67
TXN102468,CUST18027,773.47,net_banking,authentication_failed,regular,1,3562.68,207,4,985,7,1,0.385,1,773.47,customer_outreach,71
TXN102469,CUST18514,618.56,upi,authentication_failed,regular,2,4403.6,208,2,1102,3,1,0.37,0,0.0,customer_outreach,68
TXN102470,CUST16679,1012.87,debit_card,authentication_failed,new,0,11208.63,65,0,453,6,1,0.595,0,0.0,customer_outreach,50
TXN102471,CUST11202,840.94,wallet,expired_card,new,1,7956.71,60,4,1881,5,3,0.535,1,840.94,alternative_payment,71
TXN102472,CUST16756,814.89,net_banking,gateway_error,regular,1,3653.21,13,2,1027,3,1,0.655,1,814.89,smart_retry,63
TXN102473,CUST13255,475.18,credit_card,insufficient_funds,regular,2,5890.72,327,1,951,6,0,0.38,1,475.18,payment_plan,64
TXN102474,CUST14947,1646.15,net_banking,insufficient_funds,premium,1,1267.09,117,3,547,3,0,0.4,1,1646.15,customer_outreach,72
TXN102475,CUST16541,1794.92,net_banking,network_error,regular,1,2984.81,105,3,297,7,2,0.7,1,1794.92,smart_retry,67
TXN102476,CUST16812,2649.62,credit_card,insufficient_funds,at_risk,1,5953.7,328,0,635,10,0,0.365,0,0.0,customer_outreach,55
TXN102477,CUST10870,565.63,upi,gateway_error,at_risk,0,19297.56,335,3,189,6,1,0.545,1,565.63,smart_retry,62
TXN102478,CUST19801,1064.21,upi,expired_card,new,0,6059.54,283,3,112,1,0,0.475,0,0.0,alternative_payment,62
TXN102479,CUST17855,1744.03,credit_card,expired_card,regular,4,2383.44,159,4,369,3,0,0.295,1,1744.03,alternative_payment,86
TXN102480,CUST10181,871.16,credit_card,insufficient_funds,new,1,10350.88,288,2,152,4,0,0.375,0,0.0,payment_plan,63
TXN102481,CUST18347,2085.38,debit_card,network_error,regular,2,23764.72,13,3,856,4,0,0.57,1,2085.38,smart_retry,72
TXN102482,CUST15472,648.66,wallet,gateway_error,regular,1,6216.8,168,2,783,7,2,0.74,0,0.0,smart_retry,63
TXN102483,CUST10834,1027.83,wallet,authentication_failed,premium,1,11133.66,225,3,917,4,0,0.505,1,1027.83,customer_outreach,72
TXN102484,CUST18420,1757.99,credit_card,network_error,new,0,3423.65,290,4,167,4,0,0.63,1,1757.99,smart_retry,66
TXN102485,CUST12512,1815.83,net_banking,expired_card,regular,0,6201.33,226,2,324,2,0,0.5,1,1815.83,alternative_payment,58
TXN102486,CUST12329,1334.98,debit_card,card_declined,regular,0,8187.83,142,3,481,4,0,0.36,1,1334.98,smart_retry,62
TXN102487,CUST10721,712.22,upi,card_declined,at_risk,1,2631.78,100,3,1195,1,0,0.13,0,0.0,human_escalation,67
TXN102488,CUST13172,1422.71,net_banking,insufficient_funds,regular,0,5001.8,291,2,1906,4,1,0.405,0,0.0,payment_plan,58
TXN102489,CUST10009,606.02,credit_card,insufficient_funds,new,1,7497.14,136,3,1641,3,1,0.345,0,0.0,payment_plan,67
TXN102490,CUST13589,564.2,net_banking,insufficient_funds,at_risk,2,3398.09,253,0,193,5,1,0.28,1,564.2,customer_outreach,60
TXN102491,CUST15615,699.08,wallet,network_error,at_risk,1,11846.09,241,2,1211,5,2,0.56,1,699.08,smart_retry,63
TXN102492,CUST19151,903.85,wallet,network_error,regular,1,42927.03,341,2,1108,5,1,0.685,0,0.0,smart_retry,63
TXN102493,CUST12549,329.68,wallet,authentication_failed,regular,0,10239.41,305,1,493,4,2,0.52,1,329.68,customer_outreach,54
TXN102494,CUST10364,1450.19,net_banking,gateway_error,regular,1,1359.29,261,2,1051,5,0,0.62,0,0.0,smart_retry,63
TXN102495,CUST16630,1475.69,credit_card,authentication_failed,regular,2,3227.44,132,0,1717,7,1,0.51,1,1475.69,customer_outreach,60
TXN102496,CUST12424,1928.2,wallet,insufficient_funds,new,2,2880.72,113,1,980,7,1,0.45,0,0.0,payment_plan,64
TXN102497,CUST11615,782.75,wallet,authentication_failed,regular,3,9728.18,205,3,1190,5,2,0.35,0,0.0,customer_outreach,77
TXN102498,CUST15426,504.13,upi,card_declined,regular,1,3778.09,320,3,1972,3,2,0.36,0,0.0,alternative_payment,67
TXN102499,CUST11086,1228.26,upi,card_declined,regular,0,10097.82,222,1,878,1,0,0.395,0,0.0,customer_outreach,54
TXN102500,CUST10501,1327.69,upi,expired_card,premium,0,15042.11,121,3,1830,3,1,0.65,0,0.0,alternative_payment,67
TXN102501,CUST18058,1174.18,net_banking,authentication_failed,regular,1,14189.58,221,1,616,4,1,0.46,0,0.0,customer_outreach,59
TXN102502,CUST13985,1054.46,wallet,insufficient_funds,regular,1,14055.87,307,2,1245,3,1,0.355,0,0.0,customer_outreach,63
TXN102503,CUST11357,637.5,credit_card,card_declined,premium,1,6781.65,5,1,1136,3,3,0.615,1,637.5,customer_outreach,64
TXN102504,CUST17021,1277.38,net_banking,card_declined,at_risk,0,5804.46,358,1,135,9,1,0.39,0,0.0,smart_retry,54
TXN102505,CUST17720,312.56,debit_card,card_declined,premium,2,16513.94,188,2,1394,3,1,0.49,1,312.56,customer_outreach,73
TXN102506,CUST19371,682.61,credit_card,card_declined,regular,3,10168.86,159,2,234,7,0,0.34,0,0.0,smart_retry,73
TXN102507,CUST19549,585.48,credit_card,card_declined,regular,1,11361.52,99,1,1867,11,2,0.545,1,585.48,customer_outreach,59
TXN102508,CUST18034,3193.42,credit_card,expired_card,regular,2,1613.51,316,4,176,1,0,0.295,0,0.0,alternative_payment,76
TXN102509,CUST14660,2371.03,debit_card,card_declined,regular,3,1595.17,134,1,1347,1,2,0.3,1,2371.03,alternative_payment,69
TXN102510,CUST18435,1694.64,credit_card,gateway_error,regular,3,5496.6,353,2,95,4,1,0.6,1,1694.64,smart_retry,73
TXN102511,CUST16445,1677.83,upi,network_error,regular,2,19080.59,243,3,764,7,1,0.64,1,1677.83,smart_retry,72
TXN102512,CUST18337,2159.13,upi,expired_card,regular,0,9922.65,206,3,1682,3,0,0.475,0,0.0,alternative_payment,62
TXN102513,CUST13852,2593.54,upi,network_error,regular,0,3053.54,124,3,334,4,1,0.665,1,2593.54,smart_retry,62
TXN102514,CUST12543,2333.9,credit_card,card_declined,premium,2,9678.45,61,1,250,6,4,0.65,1,2333.9,customer_outreach,69
TXN102515,CUST17355,1068.22,debit_card,insufficient_funds,new,0,3459.84,145,2,1438,3,0,0.395,0,0.0,customer_outreach,58
TXN102516,CUST19490,472.16,debit_card,network_error,regular,0,3732.02,210,0,1934,5,1,0.8,1,472.16,smart_retry,50
TXN102517,CUST19045,390.58,wallet,expired_card,at_risk,2,1816.87,108,3,1373,2,0,0.2,0,0.0,alternative_payment,72
TXN102518,CUST10554,738.81,upi,insufficient_funds,regular,0,3035.2,177,0,130,2,1,0.455,1,738.81,payment_plan,50
TXN102519,CUST14131,740.18,net_banking,insufficient_funds,new,2,15991.06,238,3,1635,2,1,0.295,0,0.0,customer_outreach,72
TXN102520,CUST17366,1499.2,debit_card,expired_card,new,1,7934.4,363,3,1378,6,1,0.54,0,0.0,alternative_payment,67
TXN102521,CUST15157,2154.7,wallet,network_error,regular,0,5287.12,85,2,881,2,1,0.675,0,0.0,smart_retry,58
TXN102522,CUST11527,322.94,net_banking,expired_card,premium,3,9141.81,72,1,1080,5,1,0.655,1,322.94,alternative_payment,74
TXN102523,CUST19894,4690.03,net_banking,expired_card,at_risk,1,3441.33,93,3,108,2,2,0.325,1,4690.03,alternative_payment,67
TXN102524,CUST10151,740.35,upi,network_error,regular,2,4804.96,315,2,720,1,0,0.565,0,0.0,smart_retry,68
TXN102525,CUST10044,153.95,credit_card,gateway_error,new,2,13956.02,257,1,462,5,0,0.695,1,153.95,smart_retry,64
TXN102526,CUST12421,9881.88,upi,network_error,regular,0,10223.94,259,2,1117,4,0,0.68,1,9881.88,smart_retry,58
TXN102527,CUST16401,969.96,wallet,authentication_failed,regular,0,7218.82,314,1,920,4,1,0.495,1,969.96,customer_outreach,54
TXN102528,CUST10645,1295.61,net_banking,network_error,regular,0,12436.74,149,4,1577,1,2,0.605,1,1295.61,smart_retry,66
TXN102529,CUST17478,1593.88,credit_card,expired_card,regular,0,14954.66,209,4,1314,3,0,0.435,1,1593.88,alternative_payment,66
TXN102530,CUST11028,896.05,net_banking,gateway_error,at_risk,3,6242.6,312,4,502,4,0,0.345,1,896.05,smart_retry,81
TXN102531,CUST15163,580.11,wallet,insufficient_funds,regular,1,8945.15,154,0,1702,3,0,0.41,0,0.0,payment_plan,55
TXN102532,CUST19495,927.67,upi,gateway_error,regular,4,34443.83,272,1,113,4,0,0.58,1,927.67,smart_retry,74
TXN102533,CUST13633,2293.37,net_banking,insufficient_funds,regular,3,19755.21,221,0,1993,5,0,0.37,0,0.0,payment_plan,65
TXN102534,CUST14483,900.18,wallet,authentication_failed,at_risk,0,694.51,9,4,1808,4,2,0.21,1,900.18,customer_outreach,66
TXN102535,CUST15016,2100.49,wallet,network_error,premium,5,10017.5,298,1,1123,5,0,0.71,1,2100.49,smart_retry,84
TXN102536,CUST19049,635.64,upi,card_declined,new,0,7819.87,200,4,1516,5,0,0.365,0,0.0,customer_outreach,66
TXN102537,CUST12903,714.64,wallet,network_error,regular,3,11647.7,351,3,193,2,0,0.505,1,714.64,smart_retry,77
TXN102538,CUST15386,575.94,debit_card,gateway_error,premium,4,9650.33,67,2,376,4,0,0.69,0,0.0,smart_retry,83
TXN102539,CUST14789,3768.1,upi,gateway_error,regular,2,5743.43,219,1,1523,4,2,0.7,0,0.0,smart_retry,64
TXN102540,CUST12685,1020.68,upi,card_declined,new,1,2431.42,148,2,1140,5,3,0.485,1,1020.68,alternative_payment,63
TXN102541,CUST18989,2669.48,credit_card,card_declined,at_risk,1,10858.08,63,0,1982,7,1,0.365,1,2669.48,smart_retry,55
TXN102542,CUST11081,3426.51,upi,insufficient_funds,premium,0,22874.69,232,2,278,5,0,0.545,1,3426.51,customer_outreach,63
TXN102543,CUST18368,2308.26,credit_card,gateway_error,regular,1,6142.94,143,0,759,3,2,0.76,1,2308.26,smart_retry,55
TXN102544,CUST11507,1540.11,upi,insufficient_funds,regular,1,11365.56,97,4,1965,2,1,0.26,1,1540.11,customer_outreach,71
TXN102545,CUST10298,617.57,wallet,card_declined,at_risk,0,11683.99,84,1,730,2,1,0.285,1,617.57,human_escalation,54
TXN102546,CUST12627,300.03,wallet,network_error,regular,1,6157.16,246,2,91,1,1,0.625,0,0.0,smart_retry,63
TXN102547,CUST15573,1548.65,net_banking,gateway_error,premium,0,106117.19,263,3,464,5,1,0.91,1,1548.65,smart_retry,67
TXN102548,CUST12744,975.59,debit_card,authentication_failed,regular,0,43121.28,301,0,1555,2,1,0.505,1,975.59,customer_outreach,50
TXN102549,CUST13715,1209.74,net_banking,authentication_failed,new,1,29282.56,199,2,1345,1,0,0.38,1,1209.74,customer_outreach,63
TXN102550,CUST16043,2846.67,debit_card,card_declined,premium,2,21913.66,97,0,1199,4,2,0.61,1,2846.67,customer_outreach,65
TXN102551,CUST15823,2983.23,credit_card,network_error,at_risk,0,2902.38,333,2,881,5,3,0.62,1,2983.23,smart_retry,58
TXN102552,CUST10121,1157.84,upi,gateway_error,premium,0,2754.07,50,4,1096,2,1,0.745,0,0.0,smart_retry,71
TXN102553,CUST19198,453.14,credit_card,authentication_failed,premium,0,3050.22,254,4,1159,4,0,0.5,1,453.14,customer_outreach,71
TXN102554,CUST15582,587.63,credit_card,authentication_failed,new,0,4085.15,327,2,533,4,0,0.46,0,0.0,customer_outreach,58
TXN102555,CUST15112,1075.5,wallet,gateway_error,regular,1,2545.36,55,0,1953,4,0,0.725,0,0.0,smart_retry,55
TXN102556,CUST14918,1103.7,debit_card,network_error,regular,0,3271.42,195,1,604,6,2,0.8,1,1103.7,smart_retry,54
TXN102557,CUST15569,1256.59,net_banking,card_declined,at_risk,2,6967.43,187,0,1050,5,3,0.35,0,0.0,customer_outreach,60
TXN102558,CUST14912,928.54,net_banking,card_declined,premium,1,12070.38,146,2,408,4,0,0.515,1,928.54,customer_outreach,68
TXN102559,CUST11524,340.12,debit_card,authentication_failed,regular,1,15233.4,52,2,262,1,1,0.375,1,340.12,customer_outreach,63
TXN102560,CUST11559,1030.24,upi,expired_card,regular,0,17219.79,64,1,1210,5,1,0.61,1,1030.24,alternative_payment,54
TXN102561,CUST13478,131.35,wallet,card_declined,regular,1,3103.72,142,2,1753,4,1,0.39,0,0.0,alternative_payment,63
TXN102562,CUST18868,2614.37,credit_card,network_error,regular,3,2035.78,296,4,638,4,1,0.52,1,2614.37,smart_retry,81
TXN102563,CUST19049,1752.94,upi,card_declined,new,3,7425.15,21,2,1911,3,0,0.31,0,0.0,customer_outreach,73
TXN102564,CUST11523,908.85,upi,expired_card,new,4,21448.43,71,0,223,2,0,0.47,1,908.85,alternative_payment,70
TXN102565,CUST19638,3154.98,credit_card,card_declined,new,1,6717.08,22,3,1687,6,0,0.385,0,0.0,customer_outreach,67
TXN102566,CUST16651,318.15,wallet,card_declined,regular,0,27180.0,303,4,1863,4,0,0.32,0,0.0,smart_retry,66
TXN102567,CUST11343,311.99,upi,insufficient_funds,regular,2,2452.05,292,0,1321,3,3,0.45,0,0.0,payment_plan,60
TXN102568,CUST17705,787.1,debit_card,network_error,new,1,13560.44,87,4,518,4,1,0.62,0,0.0,smart_retry,71
TXN102569,CUST16683,2230.44,credit_card,network_error,regular,3,5218.08,140,4,1657,6,1,0.55,1,2230.44,smart_retry,81
TXN102570,CUST13072,1235.34,net_banking,authentication_failed,regular,2,9894.56,221,1,1285,9,2,0.525,1,1235.34,customer_outreach,64
TXN102571,CUST16364,2077.69,debit_card,authentication_failed,regular,1,2716.51,70,3,1239,1,3,0.385,0,0.0,customer_outreach,67
TXN102572,CUST16742,790.53,wallet,expired_card,regular,1,11468.15,316,0,1477,2,0,0.545,1,790.53,alternative_payment,55
TXN102573,CUST16884,766.77,upi,network_error,regular,1,12214.91,1,0,860,5,0,0.74,0,0.0,smart_retry,55
TXN102574,CUST19678,915.77,debit_card,network_error,regular,0,8813.2,66,4,407,5,0,0.615,1,915.77,smart_retry,66
TXN102575,CUST19506,633.1,credit_card,network_error,regular,2,25255.5,365,0,502,3,1,0.7,1,633.1,smart_retry,60
TXN102576,CUST14095,1899.0,credit_card,network_error,premium,2,23900.0,203,1,476,2,0,0.77,1,1899.0,smart_retry,69
TXN102577,CUST14530,1462.01,credit_card,authentication_failed,premium,4,7107.03,108,0,1729,4,1,0.545,1,1462.01,customer_outreach,75
TXN102578,CUST10225,1148.37,net_banking,card_declined,regular,1,13714.5,229,1,331,3,0,0.39,0,0.0,alternative_payment,59
TXN102579,CUST12019,1357.03,upi,expired_card,at_risk,0,4570.83,194,4,1423,5,0,0.315,0,0.0,alternative_payment,66
TXN102580,CUST14506,1181.97,net_banking,network_error,regular,0,9540.75,326,1,453,5,1,0.76,1,1181.97,smart_retry,54
TXN102581,CUST16376,482.15,upi,insufficient_funds,new,1,21549.33,340,1,1033,5,0,0.43,0,0.0,customer_outreach,59
TXN102582,CUST14487,1209.61,net_banking,card_declined,regular,1,6314.71,222,3,354,4,2,0.375,0,0.0,smart_retry,67
TXN102583,CUST10976,1178.07,net_banking,authentication_failed,regular,2,10903.66,212,0,1834,10,3,0.605,1,1178.07,customer_outreach,60
TXN102584,CUST14705,2550.83,debit_card,expired_card,regular,1,6705.83,219,0,999,4,3,0.65,1,2550.83,alternative_payment,55
TXN102585,CUST18676,1723.64,credit_card,authentication_failed,regular,3,8962.93,156,1,950,4,2,0.415,0,0.0,customer_outreach,69
TXN102586,CUST13291,2208.16,upi,gateway_error,at_risk,2,2679.52,139,1,1013,4,0,0.5,0,0.0,smart_retry,64
TXN102587,CUST13613,627.04,net_banking,insufficient_funds,premium,0,34993.92,121,3,817,5,2,0.555,0,0.0,payment_plan,67
TXN102588,CUST19039,695.26,wallet,network_error,at_risk,2,6222.78,57,2,1507,5,2,0.525,0,0.0,smart_retry,68
TXN102589,CUST16075,700.67,wallet,expired_card,regular,2,4278.6,140,4,1667,5,2,0.445,0,0.0,alternative_payment,76
TXN102590,CUST15082,858.52,net_banking,card_declined,premium,1,7555.86,55,1,1870,7,1,0.625,1,858.52,customer_outreach,64
TXN102591,CUST14633,2988.54,upi,insufficient_funds,new,1,8058.6,343,4,1782,3,1,0.305,0,0.0,payment_plan,71
TXN102592,CUST18143,2672.48,wallet,card_declined,premium,0,28388.98,11,2,1603,3,1,0.56,1,2672.48,customer_outreach,63
TXN102593,CUST19074,557.62,net_banking,authentication_failed,regular,0,6792.14,247,1,413,4,0,0.47,1,557.62,customer_outreach,54
TXN102594,CUST11777,460.96,upi,network_error,new,3,31481.7,129,2,1230,1,0,0.56,0,0.0,smart_retry,73
TXN102595,CUST13268,1508.59,net_banking,network_error,new,1,1867.3,309,4,1185,4,1,0.58,0,0.0,smart_retry,71
TXN102596,CUST15847,482.58,credit_card,gateway_error,regular,2,9116.53,101,1,695,3,3,0.71,1,482.58,smart_retry,64
TXN102597,CUST10750,1214.82,upi,expired_card,regular,4,4004.76,124,4,712,1,1,0.29,1,1214.82,alternative_payment,86
TXN102598,CUST18079,3351.95,debit_card,gateway_error,at_risk,3,3482.58,9,0,241,3,0,0.49,1,3351.95,smart_retry,65
TXN102599,CUST19259,784.78,debit_card,insufficient_funds,regular,0,2008.85,23,1,986,2,1,0.415,0,0.0,customer_outreach,54
TXN102600,CUST18765,305.78,credit_card,card_declined,regular,2,16379.25,281,3,1501,4,2,0.34,1,305.78,smart_retry,72
TXN102601,CUST13616,1547.99,debit_card,insufficient_funds,regular,0,61964.51,19,2,53,3,1,0.39,0,0.0,customer_outreach,58
TXN102602,CUST11970,685.93,upi,network_error,regular,1,5482.27,231,1,221,5,1,0.725,0,0.0,smart_retry,59
TXN102603,CUST15583,1562.33,debit_card,authentication_failed,premium,1,8876.79,129,4,1129,2,0,0.435,1,1562.33,customer_outreach,76
TXN102604,CUST13951,1348.09,credit_card,gateway_error,regular,1,13136.33,278,1,1376,6,0,0.715,1,1348.09,smart_retry,59
TXN102605,CUST10104,1624.23,net_banking,insufficient_funds,new,0,5182.84,170,0,211,0,2,0.48,1,1624.23,payment_plan,50
TXN102606,CUST19431,487.09,upi,card_declined,regular,0,6718.31,179,2,1572,5,0,0.415,1,487.09,customer_outreach,58
TXN102607,CUST19114,2601.5,debit_card,card_declined,new,0,10842.23,322,4,73,2,2,0.37,1,2601.5,alternative_payment,66
TXN102608,CUST14509,624.2,debit_card,insufficient_funds,new,0,5764.97,120,0,1530,5,2,0.555,0,0.0,payment_plan,50
TXN102609,CUST13208,1662.54,debit_card,insufficient_funds,premium,1,4231.96,236,0,1385,3,1,0.585,0,0.0,customer_outreach,60
TXN102610,CUST13696,1595.2,wallet,insufficient_funds,premium,4,11367.36,105,2,1314,4,2,0.44,0,0.0,customer_outreach,83
TXN102611,CUST17074,1375.87,debit_card,network_error,premium,2,6896.66,82,3,804,3,1,0.73,1,1375.87,smart_retry,77
TXN102612,CUST10124,1160.08,debit_card,expired_card,premium,2,17890.87,90,3,252,4,1,0.595,1,1160.08,alternative_payment,77
TXN102613,CUST11389,737.6,debit_card,insufficient_funds,premium,3,6468.47,213,0,920,1,3,0.535,0,0.0,payment_plan,70
TXN102614,CUST12722,3718.14,upi,network_error,regular,2,12422.5,285,4,1975,4,0,0.53,1,3718.14,smart_retry,76
TXN102615,CUST19694,642.44,wallet,expired_card,new,1,9187.69,81,4,1121,4,0,0.445,1,642.44,alternative_payment,71
TXN102616,CUST19294,787.56,debit_card,gateway_error,regular,2,9556.24,313,3,601,2,0,0.54,0,0.0,smart_retry,72
TXN102617,CUST15172,1762.05,upi,authentication_failed,regular,1,8731.65,11,1,861,3,3,0.495,0,0.0,customer_outreach,59
TXN102618,CUST14842,2034.59,net_banking,authentication_failed,regular,0,5289.99,47,4,266,2,2,0.37,1,2034.59,customer_outreach,66
TXN102619,CUST12077,2616.89,credit_card,insufficient_funds,new,2,16245.01,274,0,1177,4,1,0.445,0,0.0,customer_outreach,60
TXN102620,CUST16465,576.31,wallet,network_error,new,1,1925.51,70,0,1090,6,0,0.745,1,576.31,smart_retry,55
TXN102621,CUST12945,1129.23,wallet,insufficient_funds,new,2,1580.83,124,0,1071,4,2,0.43,1,1129.23,payment_plan,60
TXN102622,CUST13956,717.52,wallet,authentication_failed,premium,4,11792.99,269,4,221,6,2,0.44,0,0.0,customer_outreach,91
TXN102623,CUST14254,3016.9,upi,expired_card,regular,3,9693.23,92,0,905,3,1,0.515,1,3016.9,alternative_payment,65
TXN102624,CUST18036,1458.8,debit_card,insufficient_funds,new,2,2372.5,113,0,1090,2,1,0.415,0,0.0,payment_plan,60
TXN102625,CUST17247,745.77,credit_card,gateway_error,new,1,12638.8,280,0,1540,3,0,0.74,1,745.77,smart_retry,55
TXN102626,CUST15273,2470.13,net_banking,insufficient_funds,regular,1,7740.47,173,0,97,1,1,0.405,0,0.0,payment_plan,55
TXN102627,CUST10447,1076.94,credit_card,network_error,premium,1,3379.69,166,1,1581,1,2,0.84,1,1076.94,smart_retry,64
TXN102628,CUST19598,973.08,credit_card,card_declined,regular,2,15726.46,247,0,929,2,1,0.405,0,0.0,alternative_payment,60
TXN102629,CUST16087,1874.18,credit_card,network_error,new,1,10089.44,310,0,1502,4,1,0.78,1,1874.18,smart_retry,55
TXN102630,CUST12453,732.23,upi,expired_card,regular,2,18492.46,59,4,1352,4,0,0.38,0,0.0,alternative_payment,76
TXN102631,CUST14749,3288.38,upi,expired_card,regular,0,2901.49,280,1,1259,2,1,0.565,1,3288.38,alternative_payment,54
TXN102632,CUST19443,1847.2,wallet,gateway_error,regular,0,4373.14,268,0,338,4,1,0.785,0,0.0,smart_retry,50
TXN102633,CUST12879,2562.57,upi,authentication_failed,regular,3,2510.26,22,2,807,3,2,0.36,1,2562.57,customer_outreach,73
TXN102634,CUST17682,1386.83,credit_card,authentication_failed,regular,1,4933.61,14,0,1257,3,2,0.51,0,0.0,customer_outreach,55
TXN102635,CUST10800,413.03,credit_card,network_error,regular,2,16168.93,126,3,737,3,0,0.555,0,0.0,smart_retry,72
TXN102636,CUST15594,553.87,credit_card,expired_card,new,5,10213.01,141,4,337,4,1,0.33,0,0.0,alternative_payment,91
TXN102637,CUST16638,411.4,net_banking,authentication_failed,premium,2,6627.09,212,1,1663,3,0,0.535,1,411.4,customer_outreach,69
TXN102638,CUST14414,307.68,wallet,insufficient_funds,at_risk,1,21487.47,190,0,779,2,0,0.245,0,0.0,customer_outreach,55
TXN102639,CUST12789,1492.06,wallet,gateway_error,new,1,12154.58,283,0,1310,4,1,0.78,1,1492.06,smart_retry,55
TXN102640,CUST17696,1535.44,credit_card,gateway_error,regular,3,37883.26,211,4,1783,4,1,0.52,0,0.0,smart_retry,81
TXN102641,CUST19146,1542.84,net_banking,authentication_failed,regular,1,7148.95,9,4,1624,5,2,0.38,0,0.0,customer_outreach,71
TXN102642,CUST18615,2271.72,debit_card,insufficient_funds,premium,2,7982.0,138,0,1930,2,0,0.51,0,0.0,payment_plan,65
TXN102643,CUST16417,1675.79,upi,authentication_failed,premium,0,11869.16,285,4,1542,7,1,0.57,1,1675.79,customer_outreach,71
TXN102644,CUST10081,934.11,upi,network_error,new,1,9240.4,330,1,1151,4,5,0.815,1,934.11,smart_retry,59
TXN102645,CUST17760,6045.61,net_banking,insufficient_funds,regular,1,7522.65,194,1,1112,2,2,0.405,0,0.0,payment_plan,59
TXN102646,CUST16548,2380.67,upi,insufficient_funds,regular,0,3206.54,34,1,1456,1,2,0.425,1,2380.67,customer_outreach,54
TXN102647,CUST14835,1505.6,debit_card,authentication_failed,regular,2,3829.2,343,2,864,3,0,0.345,0,0.0,customer_outreach,68
TXN102648,CUST14875,1228.55,debit_card,card_declined,regular,1,7926.51,215,1,784,4,0,0.405,0,0.0,alternative_payment,59
TXN102649,CUST18656,492.14,net_banking,insufficient_funds,premium,1,4473.05,129,0,976,3,0,0.56,1,492.14,payment_plan,60
TXN102650,CUST16392,2971.86,upi,network_error,regular,0,18889.88,182,2,1581,4,0,0.68,0,0.0,smart_retry,58
TXN102651,CUST14761,828.87,credit_card,insufficient_funds,regular,0,20218.79,118,2,726,3,1,0.39,0,0.0,payment_plan,58
TXN102652,CUST14814,778.19,debit_card,network_error,premium,0,3214.68,44,3,802,4,1,0.815,1,778.19,smart_retry,67
TXN102653,CUST15041,2450.28,net_banking,expired_card,new,3,6251.09,263,4,1996,3,1,0.385,1,2450.28,alternative_payment,81
TXN102654,CUST18689,2389.43,wallet,card_declined,new,0,20492.57,56,2,524,4,0,0.43,0,0.0,alternative_payment,58
TXN102655,CUST18207,352.82,wallet,insufficient_funds,new,1,8139.38,142,2,1515,1,2,0.38,0,0.0,payment_plan,63
TXN102656,CUST17629,1795.5,wallet,network_error,premium,0,11571.06,353,2,106,2,4,0.9,1,1795.5,smart_retry,63
TXN102657,CUST14746,903.91,credit_card,expired_card,regular,1,6743.95,111,1,1596,4,1,0.56,1,903.91,alternative_payment,59
TXN102658,CUST15817,503.13,debit_card,authentication_failed,regular,0,11789.47,162,0,838,4,1,0.535,1,503.13,customer_outreach,50
TXN102659,CUST13635,3077.62,debit_card,card_declined,premium,0,32021.1,365,4,961,1,1,0.45,0,0.0,customer_outreach,71
TXN102660,CUST18621,493.48,net_banking,network_error,new,1,3089.4,64,4,128,8,0,0.655,0,0.0,smart_retry,71
TXN102661,CUST19936,1225.16,debit_card,insufficient_funds,regular,1,22140.29,324,1,1038,4,1,0.41,1,1225.16,payment_plan,59
TXN102662,CUST12207,855.54,net_banking,network_error,regular,1,14774.36,116,0,1837,4,4,0.825,1,855.54,smart_retry,55
TXN102663,CUST16662,989.08,credit_card,network_error,premium,0,5432.93,43,4,1589,7,1,0.82,1,989.08,smart_retry,71
TXN102664,CUST18272,618.87,net_banking,expired_card,at_risk,1,5052.3,49,3,1997,5,1,0.345,0,0.0,alternative_payment,67
TXN102665,CUST18203,819.5,net_banking,authentication_failed,new,4,3222.53,269,0,51,1,1,0.38,0,0.0,customer_outreach,70
TXN102666,CUST13028,935.62,debit_card,card_declined,at_risk,0,6236.53,16,4,248,5,1,0.21,1,935.62,human_escalation,66
TXN102667,CUST15481,1130.17,net_banking,card_declined,regular,1,7710.34,306,4,1923,9,2,0.41,1,1130.17,smart_retry,71
TXN102668,CUST14004,757.19,net_banking,expired_card,regular,1,13887.4,360,3,570,3,2,0.49,1,757.19,alternative_payment,67
TXN102669,CUST14647,1358.1,wallet,card_declined,at_risk,1,11700.08,213,0,1836,3,0,0.28,1,1358.1,human_escalation,55
TXN102670,CUST13501,1718.14,net_banking,expired_card,regular,0,10971.87,178,1,1844,2,0,0.54,1,1718.14,alternative_payment,54
TXN102671,CUST10949,1201.55,credit_card,expired_card,regular,1,4065.49,64,4,1339,8,3,0.55,0,0.0,alternative_payment,71
TXN102672,CUST19421,614.38,upi,card_declined,regular,2,5707.56,116,1,843,5,1,0.41,1,614.38,alternative_payment,64
TXN102673,CUST17820,1096.13,upi,card_declined,regular,1,13855.64,209,1,379,3,1,0.415,1,1096.13,alternative_payment,59
TXN102674,CUST12583,2897.88,debit_card,authentication_failed,regular,1,1698.23,76,0,521,4,0,0.435,0,0.0,customer_outreach,55
TXN102675,CUST17393,1098.15,upi,expired_card,regular,1,11777.0,40,0,552,8,3,0.71,0,0.0,alternative_payment,55
TXN102676,CUST10597,2580.54,upi,insufficient_funds,regular,1,9521.74,209,0,1728,4,1,0.45,1,2580.54,customer_outreach,55
TXN102677,CUST10348,1616.07,upi,insufficient_funds,regular,1,1984.89,203,3,921,4,1,0.29,1,1616.07,payment_plan,67
TXN102678,CUST18508,342.16,credit_card,card_declined,new,1,3771.95,219,0,1952,1,0,0.43,0,0.0,smart_retry,55
TXN102679,CUST13161,3664.65,credit_card,authentication_failed,new,1,3104.91,185,3,844,7,0,0.43,0,0.0,customer_outreach,67
TXN102680,CUST19952,2563.08,credit_card,card_declined,regular,0,42462.08,351,3,178,5,0,0.375,0,0.0,customer_outreach,62
TXN102681,CUST13487,3424.75,credit_card,insufficient_funds,new,1,7543.85,131,2,758,3,1,0.385,0,0.0,payment_plan,63
TXN102682,CUST17041,1182.41,wallet,authentication_failed,regular,0,4355.32,293,0,1024,7,3,0.63,1,1182.41,customer_outreach,50
TXN102683,CUST17950,1894.55,net_banking,authentication_failed,regular,0,7184.0,74,4,461,4,1,0.375,1,1894.55,customer_outreach,66
TXN102684,CUST18593,609.58,upi,expired_card,new,0,17217.55,21,0,525,1,4,0.695,1,609.58,alternative_payment,50
TXN102685,CUST14980,1305.05,wallet,card_declined,new,2,24185.79,230,1,731,5,0,0.415,1,1305.05,customer_outreach,64
TXN102686,CUST13889,324.73,net_banking,network_error,at_risk,1,26261.53,271,1,864,3,1,0.545,1,324.73,smart_retry,59
TXN102687,CUST10755,413.86,debit_card,insufficient_funds,regular,1,4265.23,315,0,139,6,0,0.455,0,0.0,payment_plan,55
TXN102688,CUST16071,545.6,net_banking,network_error,regular,1,2153.09,311,0,1069,2,1,0.72,1,545.6,smart_retry,55
TXN102689,CUST16033,1118.38,wallet,authentication_failed,new,0,3320.78,149,2,1205,2,2,0.48,0,0.0,customer_outreach,58
TXN102690,CUST12978,1088.5,credit_card,network_error,at_risk,0,6038.08,131,4,1683,3,3,0.51,0,0.0,smart_retry,66
TXN102691,CUST12713,868.24,net_banking,authentication_failed,new,2,4786.55,320,3,1600,7,1,0.42,0,0.0,customer_outreach,72
TXN102692,CUST19383,1111.36,net_banking,network_error,regular,1,8260.08,283,4,1585,3,1,0.575,0,0.0,smart_retry,71
TXN102693,CUST19835,993.32,net_banking,card_declined,new,0,41804.21,152,1,1126,2,1,0.465,1,993.32,customer_outreach,54
TXN102694,CUST19490,814.57,net_banking,network_error,at_risk,1,32975.21,128,1,706,5,1,0.575,0,0.0,smart_retry,59
TXN102695,CUST19262,1229.95,credit_card,expired_card,premium,2,7136.1,257,2,1196,5,1,0.65,1,1229.95,alternative_payment,73
TXN102696,CUST13185,165.77,debit_card,insufficient_funds,premium,1,3232.66,115,2,1628,6,0,0.525,1,165.77,payment_plan,68
TXN102697,CUST17043,1565.62,net_banking,authentication_failed,regular,1,12484.28,29,3,1304,4,0,0.355,0,0.0,customer_outreach,67
TXN102698,CUST10376,1136.98,wallet,gateway_error,regular,0,6148.91,328,0,966,0,0,0.7,1,1136.98,smart_retry,50
TXN102699,CUST16843,546.73,credit_card,network_error,regular,1,13191.32,111,2,1180,3,0,0.63,0,0.0,smart_retry,63
TXN102700,CUST13737,1781.81,wallet,authentication_failed,regular,0,10937.53,344,4,1889,5,0,0.365,0,0.0,customer_outreach,66
TXN102701,CUST15927,591.43,debit_card,authentication_failed,premium,1,3401.14,288,0,1742,2,1,0.62,1,591.43,customer_outreach,60
TXN102702,CUST14664,828.29,credit_card,expired_card,at_risk,1,16510.77,340,0,321,3,1,0.435,1,828.29,alternative_payment,55
TXN102703,CUST19277,643.56,wallet,gateway_error,regular,0,1724.97,282,1,861,2,0,0.65,0,0.0,smart_retry,54
TXN102704,CUST19674,1107.88,upi,authentication_failed,regular,2,18070.95,223,2,221,3,1,0.37,1,1107.88,customer_outreach,68
TXN102705,CUST19021,1798.32,net_banking,authentication_failed,regular,2,10755.44,209,0,1921,4,0,0.44,1,1798.32,customer_outreach,60
TXN102706,CUST13549,1978.01,credit_card,authentication_failed,regular,1,30077.61,219,0,1406,3,3,0.535,1,1978.01,customer_outreach,55
TXN102707,CUST12387,1748.44,debit_card,authentication_failed,regular,1,5807.79,173,0,545,4,0,0.475,1,1748.44,customer_outreach,55
TXN102708,CUST13146,837.77,upi,gateway_error,regular,2,5333.17,124,4,1660,3,1,0.54,1,837.77,smart_retry,76
TXN102709,CUST15091,2711.55,wallet,expired_card,regular,1,6095.69,21,0,1735,7,1,0.645,1,2711.55,alternative_payment,55
TXN102710,CUST12690,3481.61,net_banking,insufficient_funds,premium,3,13881.14,342,4,919,2,0,0.315,1,3481.61,customer_outreach,86
TXN102711,CUST16378,756.43,credit_card,card_declined,premium,2,28699.99,199,4,443,4,0,0.4,0,0.0,customer_outreach,81
TXN102712,CUST11229,1281.16,credit_card,network_error,regular,1,4202.2,314,2,1716,3,3,0.705,1,1281.16,smart_retry,63
TXN102713,CUST10417,488.7,credit_card,card_declined,regular,0,3686.36,29,4,1357,8,0,0.38,0,0.0,customer_outreach,66
TXN102714,CUST11312,1265.15,upi,network_error,regular,2,8679.35,165,0,958,6,2,0.77,1,1265.15,smart_retry,60
TXN102715,CUST16681,840.8,debit_card,network_error,regular,0,10192.05,299,3,1344,3,0,0.625,1,840.8,smart_retry,62
TXN102716,CUST16736,2283.1,debit_card,card_declined,new,4,18706.81,113,2,583,4,0,0.29,0,0.0,human_escalation,78
TXN102717,CUST10275,4082.29,net_banking,gateway_error,regular,3,8129.7,145,3,362,6,1,0.59,1,4082.29,smart_retry,77
TXN102718,CUST10953,1620.64,net_banking,insufficient_funds,new,1,10408.38,211,1,1251,3,0,0.4,1,1620.64,payment_plan,59
TXN102719,CUST15645,1954.8,credit_card,authentication_failed,new,0,11869.99,252,3,1919,5,2,0.485,1,1954.8,customer_outreach,62
TXN102720,CUST16299,1621.05,credit_card,insufficient_funds,regular,0,6040.87,309,0,1605,3,2,0.495,1,1621.05,customer_outreach,50
TXN102721,CUST10372,1363.24,net_banking,authentication_failed,regular,1,22987.11,135,0,429,2,1,0.47,1,1363.24,customer_outreach,55
TXN102722,CUST13251,1828.81,debit_card,gateway_error,regular,0,9409.44,68,2,762,2,2,0.7,1,1828.81,smart_retry,58
TXN102723,CUST12805,543.35,debit_card,expired_card,at_risk,0,1687.26,206,0,986,2,1,0.415,0,0.0,alternative_payment,50
TXN102724,CUST18924,706.28,credit_card,gateway_error,premium,0,2970.75,85,0,190,2,2,0.93,1,706.28,smart_retry,55
TXN102725,CUST19878,2342.33,debit_card,card_declined,regular,1,12226.57,113,3,517,3,1,0.335,0,0.0,alternative_payment,67
TXN102726,CUST15206,492.41,debit_card,gateway_error,regular,3,7852.48,294,2,800,0,0,0.515,1,492.41,smart_retry,73
TXN102727,CUST11986,601.81,debit_card,insufficient_funds,regular,1,27301.13,342,4,637,5,1,0.305,0,0.0,customer_outreach,71
TXN102728,CUST14335,724.41,wallet,card_declined,new,2,13862.65,87,4,691,1,0,0.235,0,0.0,human_escalation,76
TXN102729,CUST10782,249.51,debit_card,gateway_error,regular,2,7460.44,23,0,913,6,1,0.745,0,0.0,smart_retry,60
TXN102730,CUST14512,4412.36,upi,card_declined,regular,2,9286.77,105,2,1733,3,0,0.315,0,0.0,smart_retry,68
TXN102731,CUST16526,425.69,net_banking,authentication_failed,premium,1,18553.52,73,3,1547,3,1,0.515,0,0.0,customer_outreach,72
TXN102732,CUST18186,1420.27,wallet,insufficient_funds,at_risk,2,6400.75,39,0,1737,0,1,0.205,0,0.0,payment_plan,60
TXN102733,CUST11511,1768.71,net_banking,authentication_failed,regular,0,4675.03,94,0,1316,3,1,0.52,1,1768.71,customer_outreach,50
TXN102734,CUST13168,1947.98,upi,authentication_failed,at_risk,0,8098.69,215,1,1202,6,2,0.4,0,0.0,customer_outreach,54
TXN102735,CUST18947,420.14,upi,network_error,new,2,4004.76,352,4,926,5,1,0.6,1,420.14,smart_retry,76
TXN102736,CUST13831,1869.37,net_banking,insufficient_funds,new,3,10161.43,277,1,1825,3,4,0.43,1,1869.37,payment_plan,69
TXN102737,CUST18442,852.18,debit_card,authentication_failed,regular,3,2893.8,164,3,89,5,0,0.3,0,0.0,customer_outreach,77
TXN102738,CUST15545,3441.65,debit_card,authentication_failed,new,3,43585.08,12,3,1638,3,0,0.3,0,0.0,customer_outreach,77
TXN102739,CUST19643,472.87,wallet,network_error,regular,0,27998.25,207,0,958,4,0,0.76,1,472.87,smart_retry,50
TXN102740,CUST17836,1438.03,credit_card,gateway_error,new,4,6312.11,255,1,1873,3,1,0.62,0,0.0,smart_retry,74
TXN102741,CUST16636,3061.14,wallet,insufficient_funds,new,0,18019.34,8,2,1595,9,1,0.51,1,3061.14,payment_plan,58
TXN102742,CUST16162,1289.2,wallet,insufficient_funds,premium,1,4250.24,88,1,488,7,1,0.605,1,1289.2,customer_outreach,64
TXN102743,CUST15372,2299.86,debit_card,card_declined,at_risk,0,5216.62,348,2,60,8,2,0.36,1,2299.86,customer_outreach,58
TXN102744,CUST18832,776.36,net_banking,card_declined,regular,3,31296.91,208,4,337,4,0,0.215,0,0.0,human_escalation,81
TXN102745,CUST11193,1958.01,wallet,network_error,new,1,16210.76,90,0,1198,3,1,0.765,0,0.0,smart_retry,55
TXN102746,CUST12273,2057.43,upi,authentication_failed,regular,3,16087.62,234,4,1985,6,1,0.3,0,0.0,customer_outreach,81
TXN102747,CUST10646,633.53,wallet,authentication_failed,regular,1,12760.34,350,2,511,3,0,0.38,1,633.53,customer_outreach,63
TXN102748,CUST17044,536.71,wallet,authentication_failed,regular,0,2875.5,280,0,1981,6,1,0.565,0,0.0,customer_outreach,50
TXN102749,CUST12594,2259.79,debit_card,card_declined,new,2,6065.29,18,4,1446,4,1,0.305,0,0.0,alternative_payment,76
TXN102750,CUST13765,3732.47,wallet,gateway_error,at_risk,2,14082.07,307,2,1069,3,0,0.445,1,3732.47,smart_retry,68
TXN102751,CUST14781,1179.9,debit_card,expired_card,new,2,4348.39,173,4,1078,2,3,0.455,1,1179.9,alternative_payment,76
TXN102752,CUST19069,838.02,credit_card,network_error,premium,1,4912.65,178,3,1312,4,0,0.755,1,838.02,smart_retry,72
TXN102753,CUST18940,485.51,wallet,gateway_error,at_risk,0,5305.22,19,3,217,6,2,0.57,0,0.0,smart_retry,62
TXN102754,CUST15848,3358.98,debit_card,insufficient_funds,new,1,3081.65,206,3,829,3,0,0.32,0,0.0,customer_outreach,67
TXN102755,CUST13211,1936.14,wallet,network_error,regular,0,2868.94,316,3,592,5,2,0.705,1,1936.14,smart_retry,62
TXN102756,CUST16233,997.7,credit_card,authentication_failed,premium,3,30634.84,322,3,1043,3,1,0.445,1,997.7,customer_outreach,82
TXN102757,CUST18719,1213.95,net_banking,gateway_error,regular,2,8057.67,320,4,1904,2,1,0.525,1,1213.95,smart_retry,76
TXN102758,CUST17151,457.34,wallet,gateway_error,new,1,12803.05,79,1,685,4,2,0.765,1,457.34,smart_retry,59
TXN102759,CUST18456,1495.39,wallet,insufficient_funds,regular,1,25299.35,20,4,681,3,1,0.275,1,1495.39,payment_plan,71
TXN102760,CUST16530,1220.0,debit_card,network_error,regular,1,5535.44,122,2,136,7,0,0.69,0,0.0,smart_retry,63
TXN102761,CUST14412,1181.63,credit_card,network_error,new,1,30574.38,185,3,810,7,2,0.73,1,1181.63,smart_retry,67
TXN102762,CUST15437,678.88,net_banking,authentication_failed,premium,0,3281.53,345,0,373,6,0,0.69,0,0.0,customer_outreach,55
TXN102763,CUST14580,1524.6,wallet,insufficient_funds,new,0,28716.07,176,2,579,5,0,0.425,0,0.0,customer_outreach,58
TXN102764,CUST12990,1393.39,wallet,gateway_error,regular,2,3423.22,202,1,317,4,0,0.65,0,0.0,smart_retry,64
TXN102765,CUST15783,3146.09,wallet,expired_card,regular,1,7575.08,127,1,1429,2,0,0.505,0,0.0,alternative_payment,59
TXN102766,CUST18727,1136.57,wallet,expired_card,new,3,950.97,114,1,1148,9,0,0.53,0,0.0,alternative_payment,69
TXN102767,CUST19381,1065.97,credit_card,expired_card,regular,1,6195.22,134,0,1431,3,2,0.61,1,1065.97,alternative_payment,55
TXN102768,CUST15371,1314.6,debit_card,authentication_failed,new,1,6444.5,248,1,1901,1,0,0.42,0,0.0,customer_outreach,59
TXN102769,CUST15625,1138.89,net_banking,insufficient_funds,at_risk,1,7056.73,88,3,1967,3,1,0.165,0,0.0,payment_plan,67
TXN102770,CUST13641,1672.77,upi,authentication_failed,regular,1,24136.2,352,2,239,3,0,0.38,0,0.0,customer_outreach,63
TXN102771,CUST13662,2275.98,wallet,card_declined,regular,3,10039.12,201,2,779,1,1,0.275,1,2275.98,human_escalation,73
TXN102772,CUST10420,825.97,net_banking,authentication_failed,regular,4,9665.48,198,4,694,5,3,0.3,0,0.0,customer_outreach,86
TXN102773,CUST10256,496.09,wallet,expired_card,new,1,4068.84,349,2,1719,1,0,0.48,0,0.0,alternative_payment,63
TXN102774,CUST14287,756.64,debit_card,card_declined,regular,2,2930.03,322,4,275,1,3,0.28,0,0.0,human_escalation,76
TXN102775,CUST18393,1603.19,wallet,card_declined,at_risk,1,3143.39,58,3,1256,2,1,0.17,0,0.0,human_escalation,67
TXN102776,CUST17933,2030.47,debit_card,card_declined,regular,0,5426.76,361,2,1221,1,0,0.355,0,0.0,smart_retry,58
TXN102777,CUST14409,1629.5,credit_card,card_declined,new,2,3763.43,108,3,659,5,2,0.385,0,0.0,smart_retry,72
TXN102778,CUST15328,1174.83,upi,gateway_error,premium,2,7588.4,168,1,249,6,2,0.88,1,1174.83,smart_retry,69
TXN102779,CUST13548,1054.68,debit_card,expired_card,regular,0,11027.69,110,3,1004,6,1,0.545,1,1054.68,alternative_payment,62
TXN102780,CUST18593,864.51,credit_card,insufficient_funds,new,1,23408.09,230,2,123,3,1,0.385,1,864.51,payment_plan,63
TXN102781,CUST14354,475.62,debit_card,network_error,new,0,17530.63,56,2,1976,5,1,0.75,1,475.62,smart_retry,58
TXN102782,CUST11427,1427.16,credit_card,expired_card,regular,2,20246.14,197,4,1113,3,0,0.365,1,1427.16,alternative_payment,76
TXN102783,CUST11999,1931.08,wallet,authentication_failed,regular,0,6885.3,31,4,1530,6,2,0.43,1,1931.08,customer_outreach,66
TXN102784,CUST12156,1112.7,net_banking,card_declined,regular,0,11273.84,67,1,1759,6,0,0.47,1,1112.7,alternative_payment,54
TXN102785,CUST18630,347.63,wallet,expired_card,regular,0,17201.1,71,2,1171,7,1,0.6,0,0.0,alternative_payment,58
TXN102786,CUST17014,606.83,net_banking,card_declined,at_risk,0,6841.8,299,4,880,5,0,0.185,0,0.0,human_escalation,66
TXN102787,CUST17369,2856.26,wallet,gateway_error,regular,0,12556.88,86,1,1039,4,2,0.77,1,2856.26,smart_retry,54
TXN102788,CUST15535,1797.89,wallet,expired_card,at_risk,1,8322.54,343,2,1138,2,0,0.315,1,1797.89,alternative_payment,63
TXN102789,CUST15562,708.96,wallet,gateway_error,at_risk,2,5741.29,163,4,619,1,0,0.335,0,0.0,smart_retry,76
TXN102790,CUST12912,3424.63,wallet,insufficient_funds,regular,2,17331.01,315,0,199,6,2,0.47,1,3424.63,customer_outreach,60
TXN102791,CUST15444,374.79,credit_card,insufficient_funds,at_risk,2,6082.18,4,0,117,1,0,0.195,0,0.0,payment_plan,60
TXN102792,CUST15027,949.32,upi,network_error,regular,0,7555.73,332,1,178,2,1,0.715,1,949.32,smart_retry,54
TXN102793,CUST13873,1056.88,debit_card,network_error,new,1,12062.57,60,2,1808,4,2,0.725,1,1056.88,smart_retry,63
TXN102794,CUST15199,721.47,credit_card,insufficient_funds,premium,0,14996.03,175,3,99,6,2,0.57,1,721.47,payment_plan,67
TXN102795,CUST16974,540.47,wallet,network_error,regular,2,8608.72,52,2,651,4,4,0.71,0,0.0,smart_retry,68
TXN102796,CUST14659,638.86,wallet,authentication_failed,regular,1,6715.3,198,4,1299,4,2,0.365,1,638.86,customer_outreach,71
TXN102797,CUST18038,1379.29,debit_card,gateway_error,at_risk,1,9027.04,354,1,896,4,0,0.535,1,1379.29,smart_retry,59
TXN102798,CUST17356,854.15,net_banking,network_error,at_risk,0,14741.66,330,3,336,1,2,0.495,0,0.0,smart_retry,62
TXN102799,CUST10104,1064.63,debit_card,expired_card,new,3,6854.74,361,1,1912,4,0,0.495,0,0.0,alternative_payment,69
TXN102800,CUST16042,3734.6,upi,insufficient_funds,at_risk,3,7582.68,36,4,477,3,0,0.05,0,0.0,payment_plan,81
TXN102801,CUST18902,497.71,credit_card,network_error,premium,3,89793.17,33,1,439,1,0,0.72,0,0.0,smart_retry,74
TXN102802,CUST19938,504.62,debit_card,network_error,premium,1,4254.95,157,4,219,5,2,0.78,1,504.62,smart_retry,76
TXN102803,CUST10966,569.33,net_banking,network_error,premium,0,2811.96,47,4,531,0,0,0.69,0,0.0,smart_retry,71
TXN102804,CUST16805,294.38,upi,gateway_error,regular,2,12957.25,284,3,736,2,0,0.54,1,294.38,smart_retry,72
TXN102805,CUST10396,3714.69,wallet,insufficient_funds,new,1,3368.57,207,4,1476,0,4,0.335,0,0.0,payment_plan,71
TXN102806,CUST17471,396.07,debit_card,insufficient_funds,new,0,9762.98,246,3,687,4,0,0.37,0,0.0,customer_outreach,62
TXN102807,CUST15950,1639.17,wallet,network_error,regular,0,16404.83,70,3,346,5,1,0.68,1,1639.17,smart_retry,62
TXN102808,CUST19358,2282.73,credit_card,expired_card,premium,0,4534.42,47,4,1702,1,1,0.58,1,2282.73,alternative_payment,71
TXN102809,CUST17431,3286.13,net_banking,network_error,regular,1,13717.53,53,3,138,4,2,0.655,1,3286.13,smart_retry,67
TXN102810,CUST19000,848.69,debit_card,network_error,regular,1,13948.81,62,3,389,5,2,0.67,1,848.69,smart_retry,67
TXN102811,CUST11037,450.67,net_banking,network_error,regular,1,2038.83,227,1,1926,5,3,0.775,1,450.67,smart_retry,59
TXN102812,CUST19248,961.64,wallet,insufficient_funds,at_risk,1,10700.86,15,2,402,5,0,0.21,0,0.0,payment_plan,63
TXN102813,CUST12542,1280.79,wallet,authentication_failed,at_risk,1,17527.89,110,3,1835,4,3,0.28,0,0.0,customer_outreach,67
TXN102814,CUST12804,555.9,credit_card,network_error,regular,0,10243.23,168,4,184,3,1,0.61,0,0.0,smart_retry,66
TXN102815,CUST14967,879.41,debit_card,authentication_failed,regular,3,6619.55,122,1,695,5,0,0.38,0,0.0,customer_outreach,69
TXN102816,CUST15958,616.89,debit_card,authentication_failed,new,0,3027.61,277,1,685,0,2,0.49,0,0.0,customer_outreach,54
TXN102817,CUST19108,956.9,upi,expired_card,regular,1,12397.18,251,3,1539,3,1,0.465,0,0.0,alternative_payment,67
TXN102818,CUST18078,2904.47,debit_card,insufficient_funds,new,1,13866.72,149,1,1959,10,0,0.505,1,2904.47,payment_plan,59
TXN102819,CUST19355,1688.05,upi,expired_card,new,1,4704.37,296,3,1281,5,1,0.525,1,1688.05,alternative_payment,67
TXN102820,CUST11908,4726.94,debit_card,gateway_error,regular,3,5181.63,299,3,35,6,1,0.59,1,4726.94,smart_retry,77
TXN102821,CUST13060,1204.56,wallet,insufficient_funds,regular,0,8350.33,83,0,708,2,1,0.455,1,1204.56,payment_plan,50
TXN102822,CUST19763,410.71,net_banking,authentication_failed,at_risk,1,8611.96,58,1,1034,1,0,0.24,0,0.0,customer_outreach,59
TXN102823,CUST15355,667.13,debit_card,authentication_failed,at_risk,2,4914.33,266,1,297,2,1,0.245,0,0.0,customer_outreach,64
TXN102824,CUST12445,888.68,credit_card,network_error,new,0,2381.66,51,1,1654,2,2,0.77,1,888.68,smart_retry,54
TXN102825,CUST15968,1189.55,net_banking,network_error,new,1,5897.83,28,4,415,6,1,0.65,1,1189.55,smart_retry,71
TXN102826,CUST12838,1560.52,credit_card,card_declined,regular,0,4318.47,284,3,1272,2,4,0.43,0,0.0,alternative_payment,62
TXN102827,CUST17628,1408.83,wallet,authentication_failed,regular,1,8417.61,292,3,745,2,1,0.35,1,1408.83,customer_outreach,67
TXN102828,CUST13450,1063.3,upi,network_error,regular,1,9281.77,95,1,1335,2,3,0.73,0,0.0,smart_retry,59
TXN102829,CUST18765,2391.09,net_banking,card_declined,new,2,4536.61,21,1,65,7,0,0.445,1,2391.09,customer_outreach,64
TXN102830,CUST14949,1571.43,debit_card,gateway_error,regular,2,2679.62,294,4,686,6,1,0.585,1,1571.43,smart_retry,76
TXN102831,CUST11793,1290.1,net_banking,card_declined,regular,0,9284.61,84,1,1815,4,0,0.44,0,0.0,alternative_payment,54
TXN102832,CUST19347,1228.52,credit_card,card_declined,new,2,7154.09,330,4,372,4,1,0.305,0,0.0,alternative_payment,76
TXN102833,CUST19615,291.12,upi,network_error,premium,0,9330.19,156,1,1008,4,0,0.87,1,291.12,smart_retry,59
TXN102834,CUST14541,993.53,wallet,insufficient_funds,premium,3,7700.23,101,0,1210,6,3,0.61,1,993.53,customer_outreach,70
TXN102835,CUST17702,1595.46,credit_card,insufficient_funds,regular,1,8291.48,256,0,1276,3,1,0.435,0,0.0,payment_plan,55
TXN102836,CUST12378,446.57,net_banking,card_declined,regular,1,4869.05,78,0,454,4,0,0.445,1,446.57,smart_retry,55
TXN102837,CUST11934,1381.87,net_banking,gateway_error,regular,2,7429.48,339,1,139,1,1,0.63,1,1381.87,smart_retry,64
TXN102838,CUST11886,2905.53,wallet,network_error,regular,1,4680.38,60,0,813,6,1,0.78,0,0.0,smart_retry,55
TXN102839,CUST16597,1937.02,credit_card,insufficient_funds,at_risk,0,38900.8,22,0,1294,6,2,0.39,1,1937.02,payment_plan,50
TXN102840,CUST17315,589.74,debit_card,network_error,regular,2,12488.4,271,3,1939,4,0,0.57,1,589.74,smart_retry,72
TXN102841,CUST14074,1150.62,debit_card,authentication_failed,new,1,2489.73,110,0,631,5,1,0.545,1,1150.62,customer_outreach,55
TXN102842,CUST19369,1301.24,debit_card,gateway_error,regular,1,500.0,107,4,57,7,2,0.62,1,1301.24,smart_retry,71
TXN102843,CUST12930,465.57,net_banking,network_error,new,2,5538.66,155,4,242,5,1,0.6,1,465.57,smart_retry,76
TXN102844,CUST12451,2017.59,upi,insufficient_funds,premium,5,12946.0,146,0,1647,4,0,0.435,1,2017.59,customer_outreach,80
TXN102845,CUST18598,2492.8,debit_card,expired_card,new,2,4449.0,296,2,305,4,1,0.515,1,2492.8,alternative_payment,68
TXN102846,CUST12459,891.65,wallet,expired_card,regular,2,18128.7,9,4,426,5,2,0.445,1,891.65,alternative_payment,76
TXN102847,CUST16008,907.99,upi,network_error,regular,2,8854.67,34,0,1679,3,0,0.675,1,907.99,smart_retry,60
TXN102848,CUST13516,495.61,wallet,authentication_failed,regular,3,2776.19,356,4,1046,4,4,0.345,1,495.61,customer_outreach,81
TXN102849,CUST10279,1758.33,credit_card,insufficient_funds,at_risk,2,3853.38,61,1,594,5,2,0.265,1,1758.33,payment_plan,64
TXN102850,CUST16944,833.93,upi,authentication_failed,regular,3,12814.43,188,3,658,3,1,0.295,0,0.0,customer_outreach,77
TXN102851,CUST12135,1996.57,debit_card,card_declined,regular,1,32369.03,39,1,82,4,0,0.405,0,0.0,smart_retry,59
TXN102852,CUST17894,991.01,credit_card,gateway_error,premium,2,11222.18,315,1,1011,5,1,0.84,1,991.01,smart_retry,69
TXN102853,CUST13781,1356.26,wallet,gateway_error,regular,3,4161.86,86,4,1298,3,3,0.555,0,0.0,smart_retry,81
TXN102854,CUST11007,847.05,net_banking,network_error,new,0,20521.46,44,3,902,7,0,0.715,1,847.05,smart_retry,62
TXN102855,CUST19679,440.8,credit_card,gateway_error,regular,1,4546.06,65,2,1117,1,1,0.625,1,440.8,smart_retry,63
TXN102856,CUST11753,582.4,upi,expired_card,regular,0,20040.27,82,0,484,4,1,0.635,1,582.4,alternative_payment,50
TXN102857,CUST14676,739.32,credit_card,insufficient_funds,premium,0,12768.19,9,4,773,4,2,0.5,1,739.32,customer_outreach,71
TXN102858,CUST18132,1251.61,wallet,network_error,regular,3,7901.71,217,2,1305,3,1,0.585,1,1251.61,smart_retry,73
TXN102859,CUST11063,882.25,upi,gateway_error,regular,1,5651.23,179,2,613,5,2,0.71,1,882.25,smart_retry,63
TXN102860,CUST16965,4052.59,debit_card,insufficient_funds,regular,1,8913.13,55,1,1743,0,0,0.325,0,0.0,customer_outreach,59
TXN102861,CUST17565,2996.98,net_banking,card_declined,premium,2,4372.95,285,0,1605,3,0,0.545,0,0.0,customer_outreach,65
TXN102862,CUST11941,1055.76,wallet,card_declined,premium,2,5617.48,14,3,1164,2,2,0.46,1,1055.76,customer_outreach,77
TXN102863,CUST13765,2103.2,credit_card,gateway_error,regular,2,6750.35,47,3,361,1,0,0.525,1,2103.2,smart_retry,72
TXN102864,CUST16943,1066.15,wallet,card_declined,regular,0,6546.89,265,0,1693,6,1,0.535,0,0.0,alternative_payment,50
TXN102865,CUST16000,1416.12,net_banking,card_declined,premium,0,29590.63,16,0,731,4,0,0.63,1,1416.12,customer_outreach,55
TXN102866,CUST10996,648.14,net_banking,card_declined,regular,0,4004.9,22,3,957,4,2,0.41,1,648.14,smart_retry,62
TXN102867,CUST14038,2086.1,credit_card,gateway_error,new,1,1956.64,171,0,127,5,2,0.78,1,2086.1,smart_retry,55
TXN102868,CUST14714,1833.12,upi,authentication_failed,at_risk,2,3300.64,252,2,438,5,0,0.225,0,0.0,customer_outreach,68
TXN102869,CUST16563,792.68,debit_card,card_declined,new,3,3654.65,13,0,1187,4,1,0.43,0,0.0,customer_outreach,65
TXN102870,CUST12977,409.99,upi,authentication_failed,new,1,5474.56,347,2,945,3,0,0.41,0,0.0,customer_outreach,63
TXN102871,CUST16978,1175.67,net_banking,authentication_failed,regular,2,1283.63,16,1,276,1,0,0.315,1,1175.67,customer_outreach,64
TXN102872,CUST19195,759.03,credit_card,expired_card,regular,0,11242.74,344,1,1273,6,1,0.625,1,759.03,alternative_payment,54
TXN102873,CUST16595,536.92,debit_card,gateway_error,at_risk,1,7104.78,224,3,924,3,1,0.465,1,536.92,smart_retry,67
TXN102874,CUST12439,1241.46,credit_card,expired_card,regular,1,10674.34,269,1,1731,4,0,0.535,1,1241.46,alternative_payment,59
TXN102875,CUST12264,1660.69,net_banking,card_declined,premium,2,8036.22,137,3,879,4,0,0.44,0,0.0,customer_outreach,77
TXN102876,CUST16972,2154.48,credit_card,expired_card,at_risk,0,2825.74,321,4,81,5,3,0.39,0,0.0,alternative_payment,66
TXN102877,CUST11111,1309.12,credit_card,card_declined,regular,1,5387.09,249,3,284,7,1,0.395,0,0.0,customer_outreach,67
TXN102878,CUST10611,591.84,credit_card,network_error,regular,2,5570.21,300,1,1143,8,3,0.785,1,591.84,smart_retry,64
TXN102879,CUST19044,1098.54,credit_card,network_error,regular,0,4539.95,359,2,1205,6,1,0.735,1,1098.54,smart_retry,58
TXN102880,CUST10049,1805.46,upi,insufficient_funds,regular,2,3643.4,363,0,678,4,0,0.39,0,0.0,payment_plan,60
TXN102881,CUST10692,643.97,upi,authentication_failed,regular,0,16960.96,20,4,639,4,1,0.375,0,0.0,customer_outreach,66
TXN102882,CUST19796,1278.99,net_banking,gateway_error,new,1,3454.87,271,3,1338,5,0,0.65,1,1278.99,smart_retry,67
TXN102883,CUST13664,903.04,credit_card,insufficient_funds,regular,2,5704.22,225,0,1696,3,0,0.375,0,0.0,customer_outreach,60
TXN102884,CUST16262,1833.08,wallet,authentication_failed,new,1,15951.4,53,3,1889,7,1,0.455,0,0.0,customer_outreach,67
TXN102885,CUST16258,1000.57,credit_card,insufficient_funds,regular,4,4446.27,147,0,1023,4,0,0.32,1,1000.57,customer_outreach,70
TXN102886,CUST19355,949.34,upi,insufficient_funds,regular,1,15944.82,90,2,924,3,3,0.405,0,0.0,payment_plan,63
TXN102887,CUST13455,1756.91,wallet,network_error,regular,0,6074.86,149,4,1194,3,0,0.585,1,1756.91,smart_retry,66
TXN102888,CUST11866,510.49,wallet,gateway_error,new,0,5902.68,35,2,368,2,0,0.68,0,0.0,smart_retry,58
TXN102889,CUST17058,923.74,debit_card,card_declined,regular,0,15960.16,27,4,973,6,1,0.375,0,0.0,alternative_payment,66
TXN102890,CUST12810,2029.18,credit_card,card_declined,regular,2,6939.05,82,0,1321,2,2,0.43,0,0.0,alternative_payment,60
TXN102891,CUST14251,1285.67,credit_card,authentication_failed,at_risk,1,5380.74,43,1,786,4,0,0.285,0,0.0,customer_outreach,59
TXN102892,CUST19364,1652.44,wallet,authentication_failed,regular,2,4490.74,300,3,1874,2,1,0.315,0,0.0,customer_outreach,72
TXN102893,CUST12401,1990.5,credit_card,card_declined,at_risk,0,21695.2,12,4,1061,4,1,0.195,0,0.0,human_escalation,66
TXN102894,CUST19628,1710.23,upi,network_error,regular,2,9263.42,37,4,1930,2,1,0.525,1,1710.23,smart_retry,76
TXN102895,CUST16537,428.59,upi,expired_card,regular,0,4869.14,83,0,954,4,1,0.635,0,0.0,alternative_payment,50
TXN102896,CUST15833,1007.88,wallet,authentication_failed,new,0,5462.51,120,4,931,3,2,0.415,1,1007.88,customer_outreach,66
TXN102897,CUST18304,396.77,upi,gateway_error,at_risk,2,8083.39,277,1,156,6,1,0.555,0,0.0,smart_retry,64
TXN102898,CUST10420,1105.31,upi,authentication_failed,premium,0,7565.24,243,2,999,7,0,0.625,0,0.0,customer_outreach,63
TXN102899,CUST11535,1147.76,debit_card,insufficient_funds,regular,0,9829.68,44,2,1249,6,1,0.435,0,0.0,customer_outreach,58
TXN102900,CUST11499,1073.55,credit_card,insufficient_funds,regular,3,8056.17,256,4,583,6,0,0.225,1,1073.55,payment_plan,81
TXN102901,CUST19828,1270.35,net_banking,authentication_failed,at_risk,2,29003.22,78,3,1517,5,0,0.185,0,0.0,customer_outreach,72
TXN102902,CUST16424,601.01,wallet,network_error,at_risk,0,2188.97,245,0,577,5,0,0.625,0,0.0,smart_retry,50
TXN102903,CUST10706,571.46,wallet,expired_card,regular,0,11576.34,61,2,1882,7,2,0.625,1,571.46,alternative_payment,58
TXN102904,CUST11448,1160.86,wallet,gateway_error,premium,4,18410.79,219,0,1042,4,1,0.795,1,1160.86,smart_retry,75
TXN102905,CUST19041,1201.13,debit_card,insufficient_funds,regular,0,12353.51,346,4,1173,4,0,0.3,0,0.0,payment_plan,66
TXN102906,CUST15460,895.1,net_banking,expired_card,premium,1,4937.33,236,4,1664,5,2,0.63,1,895.1,alternative_payment,76
TXN102907,CUST16523,749.18,debit_card,expired_card,regular,0,19800.21,310,3,1467,3,2,0.525,0,0.0,alternative_payment,62
TXN102908,CUST14637,688.43,wallet,gateway_error,regular,2,23603.0,128,2,1946,3,0,0.595,1,688.43,smart_retry,68
TXN102909,CUST17033,867.37,credit_card,expired_card,regular,3,16841.52,160,1,162,0,5,0.505,1,867.37,alternative_payment,69
TXN102910,CUST17273,700.48,credit_card,insufficient_funds,regular,1,6242.75,53,3,321,5,3,0.395,1,700.48,payment_plan,67
TXN102911,CUST15825,2169.66,wallet,insufficient_funds,new,3,35324.18,209,2,1141,1,0,0.26,0,0.0,payment_plan,73
TXN102912,CUST10005,965.33,wallet,authentication_failed,at_risk,2,33917.86,114,2,1124,4,0,0.21,1,965.33,customer_outreach,68
TXN102913,CUST16555,1656.39,wallet,network_error,regular,0,25556.26,315,0,1832,1,0,0.715,1,1656.39,smart_retry,50
TXN102914,CUST17141,1192.47,debit_card,expired_card,regular,1,3888.67,78,4,941,6,0,0.445,1,1192.47,alternative_payment,71
TXN102915,CUST19862,1540.75,wallet,card_declined,regular,0,6631.52,320,0,212,2,1,0.475,0,0.0,customer_outreach,50
TXN102916,CUST11210,909.21,debit_card,card_declined,regular,3,4789.19,128,2,1384,7,1,0.365,0,0.0,alternative_payment,73
TXN102917,CUST12674,1174.68,debit_card,network_error,regular,2,19456.9,120,1,1003,6,3,0.755,1,1174.68,smart_retry,64
TXN102918,CUST16678,1446.37,credit_card,expired_card,regular,1,25654.12,128,0,1910,1,0,0.53,1,1446.37,alternative_payment,55
TXN102919,CUST14169,843.98,upi,authentication_failed,regular,1,2481.52,206,2,1626,0,2,0.385,1,843.98,customer_outreach,63
TXN102920,CUST10359,1103.56,debit_card,expired_card,at_risk,2,33969.21,143,2,1044,4,2,0.36,0,0.0,alternative_payment,68
TXN102921,CUST12369,2221.65,upi,card_declined,regular,1,4441.7,220,2,1361,2,1,0.36,0,0.0,smart_retry,63
TXN102922,CUST13166,909.21,upi,expired_card,premium,2,4234.92,291,3,853,1,1,0.55,1,909.21,alternative_payment,77
TXN102923,CUST11035,1395.96,net_banking,network_error,regular,2,13904.24,34,4,289,6,1,0.585,1,1395.96,smart_retry,76
TXN102924,CUST14238,905.8,wallet,authentication_failed,regular,2,2277.25,280,0,1149,7,2,0.535,1,905.8,customer_outreach,60
TXN102925,CUST18864,1452.22,credit_card,gateway_error,regular,0,6743.18,283,1,228,8,4,0.88,1,1452.22,smart_retry,54
TXN102926,CUST14448,600.96,credit_card,gateway_error,regular,1,57706.07,265,0,1642,4,1,0.75,1,600.96,smart_retry,55
TXN102927,CUST13710,743.46,upi,authentication_failed,regular,0,8344.82,202,3,1969,5,1,0.43,1,743.46,customer_outreach,62
TXN102928,CUST14342,1001.27,wallet,gateway_error,regular,1,11508.62,276,4,1678,5,0,0.58,1,1001.27,smart_retry,71
TXN102929,CUST14079,1916.89,wallet,gateway_error,regular,2,10225.38,282,3,668,5,1,0.61,1,1916.89,smart_retry,72
TXN102930,CUST18302,2716.45,net_banking,authentication_failed,regular,3,4475.0,47,2,726,4,0,0.325,1,2716.45,customer_outreach,73
TXN102931,CUST19639,1733.11,upi,expired_card,new,0,13674.81,26,0,284,6,1,0.695,0,0.0,alternative_payment,50
TXN102932,CUST12208,4233.82,wallet,network_error,regular,1,33258.57,352,3,769,3,1,0.615,0,0.0,smart_retry,67
TXN102933,CUST14036,1220.72,net_banking,network_error,premium,4,14255.41,59,0,1001,7,1,0.84,1,1220.72,smart_retry,75
TXN102934,CUST11287,1046.29,net_banking,network_error,new,0,14206.54,117,4,1131,7,1,0.7,1,1046.29,smart_retry,66
TXN102935,CUST19097,4203.17,net_banking,insufficient_funds,regular,2,4088.39,128,3,1482,5,0,0.285,1,4203.17,payment_plan,72
TXN102936,CUST11638,202.83,wallet,authentication_failed,regular,1,9502.99,191,4,144,2,0,0.285,0,0.0,customer_outreach,71
TXN102937,CUST16209,1152.35,net_banking,card_declined,premium,2,5931.96,305,4,646,5,0,0.415,1,1152.35,customer_outreach,81
TXN102938,CUST12226,1137.27,upi,authentication_failed,at_risk,1,26003.55,129,1,126,3,2,0.32,0,0.0,customer_outreach,59
TXN102939,CUST14805,396.74,net_banking,gateway_error,regular,1,10846.79,141,4,1286,3,1,0.575,1,396.74,smart_retry,71
TXN102940,CUST17125,913.58,net_banking,gateway_error,regular,0,6169.32,168,3,566,6,3,0.745,0,0.0,smart_retry,62
TXN102941,CUST12651,827.32,credit_card,expired_card,regular,2,17572.95,187,3,1578,4,1,0.445,0,0.0,alternative_payment,72
TXN102942,CUST17259,738.04,upi,authentication_failed,new,5,16852.09,293,3,1632,8,1,0.33,1,738.04,customer_outreach,87
TXN102943,CUST15054,1523.68,upi,insufficient_funds,regular,2,17639.87,260,4,89,5,1,0.27,0,0.0,customer_outreach,76
TXN102944,CUST12143,638.39,debit_card,expired_card,regular,1,4019.73,208,3,1634,1,4,0.51,1,638.39,alternative_payment,67
TXN102945,CUST12143,1351.91,debit_card,gateway_error,regular,2,3838.7,149,0,252,3,1,0.7,1,1351.91,smart_retry,60
TXN102946,CUST16496,893.36,upi,authentication_failed,regular,1,4285.43,118,0,48,2,1,0.47,1,893.36,customer_outreach,55
TXN102947,CUST16971,715.76,debit_card,insufficient_funds,premium,1,20970.98,78,2,400,2,0,0.465,1,715.76,customer_outreach,68
TXN102948,CUST17015,1613.02,net_banking,network_error,regular,3,28875.01,160,3,305,2,1,0.53,1,1613.02,smart_retry,77
TXN102949,CUST15177,2096.2,wallet,card_declined,regular,4,2651.5,54,0,392,9,0,0.415,0,0.0,customer_outreach,70
TXN102950,CUST11637,2077.75,credit_card,expired_card,at_risk,0,3269.86,258,2,1122,6,0,0.41,1,2077.75,alternative_payment,58
TXN102951,CUST18471,858.06,net_banking,card_declined,premium,1,14147.25,275,0,251,4,1,0.62,0,0.0,customer_outreach,60
TXN102952,CUST17775,848.05,wallet,authentication_failed,at_risk,1,10421.15,247,3,1174,3,1,0.215,0,0.0,customer_outreach,67
TXN102953,CUST12094,1459.08,debit_card,card_declined,regular,2,2189.55,305,2,939,4,1,0.355,0,0.0,smart_retry,68
TXN102954,CUST14476,1858.67,net_banking,insufficient_funds,at_risk,1,4015.04,210,2,1776,4,1,0.22,0,0.0,payment_plan,63
TXN102955,CUST16963,2879.44,credit_card,insufficient_funds,new,1,8065.62,85,0,447,4,0,0.455,0,0.0,customer_outreach,55
TXN102956,CUST13748,283.7,net_banking,expired_card,regular,1,10560.1,178,4,1524,8,0,0.475,0,0.0,alternative_payment,71
TXN102957,CUST16322,2413.17,wallet,card_declined,regular,1,22610.53,180,1,784,3,2,0.44,1,2413.17,customer_outreach,59
TXN102958,CUST18422,1188.67,debit_card,expired_card,premium,0,9708.12,344,4,1452,4,4,0.7,1,1188.67,alternative_payment,71
TXN102959,CUST13810,1111.62,wallet,expired_card,new,3,5664.3,186,2,126,7,1,0.525,1,1111.62,alternative_payment,73
TXN102960,CUST10515,193.39,net_banking,expired_card,regular,1,5030.31,189,2,1365,1,2,0.5,1,193.39,alternative_payment,63
TXN102961,CUST17654,1013.59,upi,network_error,premium,3,3454.41,101,0,258,6,0,0.835,0,0.0,smart_retry,70
TXN102962,CUST12292,2692.21,debit_card,insufficient_funds,at_risk,0,6882.65,230,2,1606,2,1,0.225,0,0.0,customer_outreach,58
TXN102963,CUST11390,995.64,net_banking,gateway_error,at_risk,1,2780.42,204,1,527,2,1,0.53,0,0.0,smart_retry,59
TXN102964,CUST14808,1463.29,debit_card,gateway_error,regular,0,7617.7,99,4,1133,2,0,0.57,1,1463.29,smart_retry,66
TXN102965,CUST16217,555.93,debit_card,card_declined,new,2,2618.96,182,0,1371,4,0,0.44,0,0.0,alternative_payment,60
TXN102966,CUST10995,1007.51,credit_card,authentication_failed,new,0,5769.87,127,0,552,8,0,0.6,1,1007.51,customer_outreach,50
TXN102967,CUST15389,607.33,debit_card,card_declined,regular,0,6130.75,118,2,1502,3,1,0.41,0,0.0,alternative_payment,58
TXN102968,CUST18241,3082.35,debit_card,expired_card,regular,0,4729.17,118,2,1766,1,0,0.485,0,0.0,alternative_payment,58
TXN102969,CUST13760,1080.52,upi,card_declined,premium,2,6414.76,359,0,1084,3,2,0.595,1,1080.52,customer_outreach,65
TXN102970,CUST11132,1627.75,net_banking,gateway_error,regular,0,6608.64,147,4,1883,4,3,0.675,1,1627.75,smart_retry,66
TXN102971,CUST11097,345.76,net_banking,expired_card,at_risk,3,10907.99,143,2,550,5,1,0.315,0,0.0,alternative_payment,73
TXN102972,CUST15889,1273.79,upi,expired_card,regular,1,4710.43,273,1,1708,9,0,0.61,1,1273.79,alternative_payment,59
TXN102973,CUST18766,695.73,upi,network_error,premium,2,955.29,309,4,475,2,0,0.61,1,695.73,smart_retry,81
TXN102974,CUST17378,708.68,wallet,card_declined,premium,0,14504.1,352,2,523,3,1,0.56,1,708.68,customer_outreach,63
TXN102975,CUST19760,374.66,credit_card,insufficient_funds,regular,0,39938.4,258,4,1383,3,1,0.31,0,0.0,customer_outreach,66
TXN102976,CUST18828,1171.73,net_banking,authentication_failed,regular,2,5231.9,218,4,1110,2,1,0.275,0,0.0,customer_outreach,76
TXN102977,CUST18429,823.04,debit_card,network_error,regular,3,10803.39,157,2,1015,7,1,0.645,1,823.04,smart_retry,73
TXN102978,CUST19482,2179.23,debit_card,gateway_error,premium,0,9743.66,231,1,549,4,1,0.895,1,2179.23,smart_retry,59
TXN102979,CUST16174,5374.63,debit_card,card_declined,new,0,3988.17,307,4,1561,4,2,0.4,1,5374.63,customer_outreach,66
TXN102980,CUST14139,1730.27,debit_card,expired_card,premium,2,8024.52,105,4,1358,8,1,0.615,1,1730.27,alternative_payment,81
TXN102981,CUST13709,1007.14,wallet,gateway_error,regular,0,3805.74,121,1,1193,2,2,0.74,1,1007.14,smart_retry,54
TXN102982,CUST11690,2957.11,debit_card,card_declined,at_risk,1,15145.98,338,4,1053,4,1,0.16,0,0.0,human_escalation,71
TXN102983,CUST10492,979.35,net_banking,insufficient_funds,at_risk,1,17961.12,291,1,383,3,0,0.22,0,0.0,payment_plan,59
TXN102984,CUST19471,454.53,wallet,insufficient_funds,regular,1,15429.19,63,0,1701,4,0,0.425,1,454.53,payment_plan,55
TXN102985,CUST10244,2101.39,debit_card,insufficient_funds,regular,0,14684.65,2,0,159,5,2,0.525,1,2101.39,customer_outreach,50
TXN102986,CUST17558,398.7,net_banking,gateway_error,premium,4,9610.31,16,4,1752,3,1,0.62,1,398.7,smart_retry,91
TXN102987,CUST19779,879.68,wallet,network_error,regular,2,2228.14,198,0,52,2,1,0.685,1,879.68,smart_retry,60
TXN102988,CUST18974,405.03,credit_card,expired_card,regular,1,8428.72,197,0,621,4,1,0.6,1,405.03,alternative_payment,55
TXN102989,CUST11011,1349.55,debit_card,authentication_failed,regular,1,16709.8,164,1,1343,9,3,0.585,0,0.0,customer_outreach,59
TXN102990,CUST11393,563.31,wallet,authentication_failed,new,0,5555.58,248,2,892,0,2,0.45,0,0.0,customer_outreach,58
TXN102991,CUST19016,486.48,debit_card,insufficient_funds,regular,1,3676.61,210,4,677,5,2,0.33,0,0.0,payment_plan,71
TXN102992,CUST10571,881.12,credit_card,insufficient_funds,new,1,28922.64,9,3,1740,4,3,0.41,0,0.0,customer_outreach,67
TXN102993,CUST12988,863.52,credit_card,expired_card,new,2,15906.32,143,2,1980,7,1,0.56,1,863.52,alternative_payment,68
TXN102994,CUST19639,1080.61,net_banking,gateway_error,new,0,16593.23,170,0,1879,5,2,0.855,1,1080.61,smart_retry,50
TXN102995,CUST10754,728.05,net_banking,gateway_error,at_risk,0,6473.0,343,3,894,2,1,0.485,1,728.05,smart_retry,62
TXN102996,CUST14401,2893.7,credit_card,card_declined,premium,1,2381.07,332,3,1906,4,2,0.525,1,2893.7,customer_outreach,72
TXN102997,CUST16077,539.39,upi,card_declined,new,3,2269.14,361,1,607,3,2,0.4,0,0.0,smart_retry,69
TXN102998,CUST17323,1249.08,wallet,expired_card,premium,2,20152.04,315,4,580,2,2,0.55,0,0.0,alternative_payment,81
TXN102999,CUST17691,2638.59,credit_card,authentication_failed,regular,1,17338.57,189,4,1586,4,1,0.34,1,2638.59,customer_outreach,71
TXN103000,CUST13189,1240.9,net_banking,gateway_error,regular,1,70627.56,151,4,318,6,1,0.62,0,0.0,smart_retry,71
TXN103001,CUST16191,404.64,wallet,network_error,regular,3,15737.89,319,3,356,5,1,0.575,0,0.0,smart_retry,77
TXN103002,CUST16363,1094.8,wallet,gateway_error,new,3,16269.73,271,1,1135,4,1,0.67,1,1094.8,smart_retry,69
TXN103003,CUST17101,450.65,wallet,authentication_failed,regular,0,22978.38,326,4,272,4,1,0.375,1,450.65,customer_outreach,66
TXN103004,CUST17741,4384.32,wallet,network_error,regular,3,41086.62,249,4,178,4,2,0.545,1,4384.32,smart_retry,81
TXN103005,CUST15965,1014.45,credit_card,expired_card,new,1,4681.81,220,1,773,6,1,0.62,1,1014.45,alternative_payment,59
TXN103006,CUST17430,1422.14,credit_card,authentication_failed,regular,0,14436.08,194,0,1449,4,2,0.56,1,1422.14,customer_outreach,50
TXN103007,CUST19743,1132.71,debit_card,insufficient_funds,premium,1,9562.53,45,1,913,1,1,0.515,1,1132.71,customer_outreach,64
TXN103008,CUST17447,672.09,wallet,authentication_failed,regular,1,8894.88,96,3,60,1,0,0.31,0,0.0,customer_outreach,67
TXN103009,CUST14959,3026.66,credit_card,authentication_failed,new,0,5234.64,293,2,1943,4,0,0.46,0,0.0,customer_outreach,58
TXN103010,CUST12280,1343.17,credit_card,gateway_error,regular,0,6872.85,262,2,1990,3,1,0.69,0,0.0,smart_retry,58
TXN103011,CUST11929,977.15,net_banking,gateway_error,regular,0,1602.28,362,0,1404,1,2,0.725,1,977.15,smart_retry,50
TXN103012,CUST12260,746.22,net_banking,expired_card,regular,0,7072.43,95,0,227,4,1,0.635,0,0.0,alternative_payment,50
TXN103013,CUST18877,1296.15,wallet,insufficient_funds,regular,2,10668.76,312,4,854,2,1,0.225,0,0.0,payment_plan,76
TXN103014,CUST17139,2943.5,upi,insufficient_funds,regular,0,21308.57,309,3,714,5,0,0.355,0,0.0,payment_plan,62
TXN103015,CUST17360,781.02,credit_card,network_error,new,0,19440.54,136,2,575,8,1,0.795,1,781.02,smart_retry,58
TXN103016,CUST12160,1087.19,credit_card,authentication_failed,regular,1,8620.43,151,2,1025,4,1,0.42,0,0.0,customer_outreach,63
TXN103017,CUST10743,2354.47,upi,gateway_error,new,1,3552.31,65,0,1760,4,1,0.78,0,0.0,smart_retry,55
TXN103018,CUST19469,2317.1,debit_card,insufficient_funds,new,1,10882.69,188,3,1730,5,1,0.375,0,0.0,payment_plan,67
TXN103019,CUST19412,1850.85,credit_card,network_error,premium,2,16712.9,324,3,479,8,1,0.805,1,1850.85,smart_retry,77
TXN103020,CUST15606,1837.95,net_banking,expired_card,at_risk,0,20140.24,236,1,462,6,0,0.45,1,1837.95,alternative_payment,54
TXN103021,CUST12228,538.19,upi,gateway_error,at_risk,2,2829.66,258,1,1913,2,0,0.47,1,538.19,smart_retry,64
TXN103022,CUST19174,715.45,wallet,expired_card,new,0,8886.0,144,0,149,5,1,0.68,1,715.45,alternative_payment,50
TXN103023,CUST11457,535.62,net_banking,authentication_failed,regular,1,9229.13,265,1,359,2,0,0.405,1,535.62,customer_outreach,59
TXN103024,CUST14289,1803.67,net_banking,insufficient_funds,premium,2,19428.18,215,0,827,2,1,0.535,1,1803.67,customer_outreach,65
TXN103025,CUST10102,814.6,net_banking,card_declined,premium,1,3317.13,180,4,1343,6,0,0.465,1,814.6,customer_outreach,76
TXN103026,CUST10966,783.53,credit_card,card_declined,regular,0,7142.75,1,4,394,3,1,0.33,0,0.0,customer_outreach,66
TXN103027,CUST11789,480.32,credit_card,expired_card,regular,1,1116.19,42,0,1553,4,0,0.535,1,480.32,alternative_payment,55
TXN103028,CUST15942,1025.5,debit_card,gateway_error,premium,2,7913.71,292,1,438,6,2,0.88,1,1025.5,smart_retry,69
TXN103029,CUST10718,1166.49,credit_card,gateway_error,premium,3,4657.11,221,4,672,4,1,0.67,1,1166.49,smart_retry,86
TXN103030,CUST10240,1149.23,credit_card,gateway_error,regular,1,27780.91,359,0,1826,1,1,0.705,0,0.0,smart_retry,55
TXN103031,CUST18260,842.15,wallet,expired_card,regular,1,10987.98,168,2,494,3,1,0.505,0,0.0,alternative_payment,63
TXN103032,CUST12307,1834.93,wallet,authentication_failed,regular,1,18740.74,304,4,1203,8,1,0.4,1,1834.93,customer_outreach,71
TXN103033,CUST13495,1611.59,net_banking,expired_card,premium,1,12870.72,132,2,1989,5,2,0.71,1,1611.59,alternative_payment,68
TXN103034,CUST17736,1796.77,credit_card,gateway_error,new,0,4452.35,46,4,1654,7,0,0.675,1,1796.77,smart_retry,66
TXN103035,CUST18432,732.31,debit_card,gateway_error,regular,1,15325.98,160,4,199,4,2,0.615,1,732.31,smart_retry,71
TXN103036,CUST13493,954.58,credit_card,card_declined,regular,0,9709.68,24,1,750,6,0,0.47,1,954.58,alternative_payment,54
TXN103037,CUST16607,545.33,debit_card,network_error,regular,2,1413.62,240,2,466,4,0,0.57,0,0.0,smart_retry,68
TXN103038,CUST15897,1186.9,net_banking,expired_card,regular,1,5938.52,124,2,1814,6,1,0.55,0,0.0,alternative_payment,63
TXN103039,CUST12480,924.25,net_banking,authentication_failed,premium,1,7343.73,140,4,921,8,3,0.6,1,924.25,customer_outreach,76
TXN103040,CUST10637,2588.98,net_banking,gateway_error,regular,0,15223.15,281,1,1499,4,3,0.795,1,2588.98,smart_retry,54
TXN103041,CUST14118,594.02,upi,authentication_failed,regular,1,13812.65,281,2,392,5,0,0.41,0,0.0,customer_outreach,63
TXN103042,CUST15208,954.64,debit_card,gateway_error,at_risk,3,3256.58,323,2,861,5,0,0.44,1,954.64,smart_retry,73
TXN103043,CUST12259,1342.17,wallet,card_declined,regular,4,19499.72,28,3,1701,4,1,0.245,0,0.0,human_escalation,82
TXN103044,CUST17279,363.88,upi,network_error,premium,3,8369.58,185,3,1299,4,1,0.71,1,363.88,smart_retry,82
TXN103045,CUST15497,543.51,upi,card_declined,regular,1,11357.42,204,1,451,5,0,0.42,0,0.0,alternative_payment,59
TXN103046,CUST12994,546.94,credit_card,authentication_failed,premium,1,23260.05,171,2,249,2,0,0.515,1,546.94,customer_outreach,68
TXN103047,CUST10696,493.91,net_banking,network_error,regular,1,10434.62,15,4,238,5,0,0.58,1,493.91,smart_retry,71
TXN103048,CUST13826,923.52,credit_card,card_declined,at_risk,1,5683.19,237,4,1957,7,1,0.205,0,0.0,human_escalation,71
TXN103049,CUST16355,1340.88,credit_card,authentication_failed,at_risk,0,11118.2,10,1,702,1,2,0.325,0,0.0,customer_outreach,54
TXN103050,CUST14832,2833.51,net_banking,network_error,regular,1,4632.06,352,1,374,4,1,0.71,1,2833.51,smart_retry,59
TXN103051,CUST10389,1960.69,net_banking,network_error,regular,2,10816.52,120,2,1704,4,1,0.635,1,1960.69,smart_retry,68
TXN103052,CUST14391,1013.24,credit_card,network_error,regular,1,40835.26,1,0,1395,3,1,0.735,0,0.0,smart_retry,55
TXN103053,CUST12215,525.83,debit_card,gateway_error,at_risk,0,12176.4,290,2,1815,3,3,0.59,1,525.83,smart_retry,58
TXN103054,CUST10975,2051.95,credit_card,insufficient_funds,new,2,3939.18,359,0,191,3,1,0.43,0,0.0,customer_outreach,60
TXN103055,CUST11818,1393.15,upi,insufficient_funds,new,1,14858.06,94,2,1664,5,2,0.44,0,0.0,customer_outreach,63
TXN103056,CUST17211,434.73,wallet,expired_card,premium,3,3515.68,145,0,1987,6,0,0.685,1,434.73,alternative_payment,70
TXN103057,CUST18066,1463.71,credit_card,gateway_error,new,1,6915.33,67,3,1248,7,1,0.705,1,1463.71,smart_retry,67
TXN103058,CUST19023,1072.69,credit_card,expired_card,new,1,15575.83,303,2,1348,2,1,0.52,0,0.0,alternative_payment,63
TXN103059,CUST10459,1954.66,debit_card,network_error,new,1,17368.38,34,0,49,4,0,0.755,0,0.0,smart_retry,55
TXN103060,CUST16433,589.93,upi,network_error,regular,1,4618.08,156,0,446,4,2,0.775,0,0.0,smart_retry,55
TXN103061,CUST19485,3359.18,credit_card,card_declined,regular,2,14184.39,65,0,1828,1,2,0.415,0,0.0,smart_retry,60
TXN103062,CUST17019,557.02,credit_card,authentication_failed,regular,1,8876.65,146,0,177,3,3,0.535,1,557.02,customer_outreach,55
TXN103063,CUST18892,641.59,upi,network_error,regular,0,7403.69,49,1,1369,2,1,0.715,1,641.59,smart_retry,54
TXN103064,CUST15518,710.15,wallet,authentication_failed,new,0,5520.92,280,2,738,7,2,0.555,0,0.0,customer_outreach,58
TXN103065,CUST13991,694.9,upi,network_error,regular,2,13463.05,76,0,770,3,0,0.675,1,694.9,smart_retry,60
TXN103066,CUST16355,1265.07,credit_card,card_declined,premium,2,12986.72,250,4,1956,3,1,0.41,0,0.0,customer_outreach,81
TXN103067,CUST19463,3024.55,credit_card,network_error,premium,0,6783.99,293,3,1961,4,2,0.84,1,3024.55,smart_retry,67
TXN103068,CUST18970,1656.32,credit_card,card_declined,regular,0,4686.14,225,3,568,4,1,0.385,1,1656.32,smart_retry,62
TXN103069,CUST13958,4831.61,net_banking,authentication_failed,regular,0,13727.93,349,1,1497,2,1,0.465,0,0.0,customer_outreach,54
TXN103070,CUST13568,2353.4,debit_card,authentication_failed,new,0,6204.29,158,4,1461,3,0,0.365,0,0.0,customer_outreach,66
TXN103071,CUST16143,773.13,debit_card,card_declined,premium,1,2445.95,252,3,802,8,2,0.585,0,0.0,customer_outreach,72
TXN103072,CUST12575,515.38,upi,expired_card,premium,0,10715.55,83,2,1726,7,1,0.75,1,515.38,alternative_payment,63
TXN103073,CUST10181,830.39,credit_card,gateway_error,regular,3,4493.23,195,2,552,3,1,0.585,0,0.0,smart_retry,73
TXN103074,CUST12130,557.46,net_banking,insufficient_funds,regular,1,23904.57,236,4,551,3,1,0.275,0,0.0,payment_plan,71
TXN103075,CUST19537,1709.95,credit_card,network_error,regular,2,2988.87,294,1,478,0,1,0.615,1,1709.95,smart_retry,64
TXN103076,CUST13626,2200.4,upi,expired_card,new,1,4126.49,36,0,1539,5,0,0.62,0,0.0,alternative_payment,55
TXN103077,CUST10523,3196.82,wallet,card_declined,regular,0,7633.68,216,0,759,5,1,0.52,0,0.0,smart_retry,50
TXN103078,CUST10092,785.1,wallet,authentication_failed,at_risk,0,7832.69,262,2,527,1,0,0.235,1,785.1,customer_outreach,58
TXN103079,CUST10228,1225.1,debit_card,card_declined,premium,2,9454.73,202,3,480,3,1,0.45,1,1225.1,customer_outreach,77
TXN103080,CUST12229,3307.32,wallet,card_declined,regular,0,6868.07,348,2,1991,3,3,0.46,1,3307.32,customer_outreach,58
TXN103081,CUST15473,1363.44,wallet,authentication_failed,new,2,7138.18,279,3,692,2,1,0.345,1,1363.44,customer_outreach,72
TXN103082,CUST19266,866.81,debit_card,card_declined,regular,1,16769.12,304,3,668,5,0,0.34,0,0.0,smart_retry,67
TXN103083,CUST16475,553.72,credit_card,insufficient_funds,at_risk,0,2025.82,124,3,1404,3,1,0.2,0,0.0,payment_plan,62
TXN103084,CUST10138,5692.54,debit_card,gateway_error,regular,3,7794.5,267,1,189,6,3,0.72,1,5692.54,smart_retry,69
TXN103085,CUST14191,2629.55,net_banking,gateway_error,new,0,4080.69,356,4,288,3,1,0.64,1,2629.55,smart_retry,66
TXN103086,CUST10017,1945.9,net_banking,card_declined,premium,2,12854.94,177,1,492,6,0,0.55,0,0.0,customer_outreach,69
TXN103087,CUST19023,499.05,credit_card,insufficient_funds,regular,1,4224.03,359,1,232,8,1,0.47,1,499.05,payment_plan,59
TXN103088,CUST11106,406.43,upi,authentication_failed,new,1,3784.15,268,4,1893,7,0,0.39,0,0.0,customer_outreach,71
TXN103089,CUST18009,430.92,credit_card,network_error,regular,0,16516.52,49,3,247,7,0,0.685,1,430.92,smart_retry,62
TXN103090,CUST11836,880.28,wallet,gateway_error,regular,1,3897.21,191,2,1156,5,0,0.66,1,880.28,smart_retry,63
TXN103091,CUST19021,621.11,credit_card,network_error,regular,0,6217.47,161,4,1565,4,1,0.625,1,621.11,smart_retry,66
TXN103092,CUST17598,956.11,net_banking,insufficient_funds,new,1,8352.03,49,3,1168,1,2,0.34,1,956.11,payment_plan,67
TXN103093,CUST10824,1479.93,upi,insufficient_funds,regular,2,22408.15,359,4,1787,5,2,0.295,0,0.0,payment_plan,76
TXN103094,CUST11100,755.68,wallet,gateway_error,regular,0,6094.47,80,4,1890,4,1,0.625,0,0.0,smart_retry,66
TXN103095,CUST19533,1655.65,net_banking,insufficient_funds,new,0,12835.67,142,2,1999,5,1,0.45,0,0.0,customer_outreach,58
TXN103096,CUST10875,1418.88,credit_card,authentication_failed,premium,2,9051.85,245,1,32,1,2,0.555,0,0.0,customer_outreach,69
TXN103097,CUST10884,1579.82,debit_card,authentication_failed,regular,0,9007.2,151,4,291,4,1,0.375,1,1579.82,customer_outreach,66
TXN103098,CUST13746,1112.82,debit_card,network_error,at_risk,2,7583.19,31,2,211,4,0,0.46,0,0.0,smart_retry,68
TXN103099,CUST14545,1044.52,upi,gateway_error,at_risk,1,43213.67,336,1,1527,9,2,0.66,1,1044.52,smart_retry,59
TXN103100,CUST12157,1111.39,wallet,network_error,premium,1,20888.1,216,2,1212,5,0,0.81,1,1111.39,smart_retry,68
TXN103101,CUST19870,841.7,debit_card,network_error,premium,1,15304.18,65,0,291,1,0,0.83,1,841.7,smart_retry,60
TXN103102,CUST10591,1171.34,debit_card,card_declined,regular,0,10546.2,357,1,478,7,0,0.485,1,1171.34,smart_retry,54
TXN103103,CUST12139,481.8,net_banking,gateway_error,regular,2,4637.04,66,0,529,7,2,0.785,0,0.0,smart_retry,60
TXN103104,CUST16110,678.85,debit_card,card_declined,new,0,5089.26,67,4,221,5,2,0.415,0,0.0,customer_outreach,66
TXN103105,CUST15496,1206.82,credit_card,gateway_error,regular,4,8376.73,101,0,1427,3,0,0.605,0,0.0,smart_retry,70
TXN103106,CUST10941,1676.15,upi,network_error,new,2,7370.91,119,3,965,5,2,0.665,1,1676.15,smart_retry,72
TXN103107,CUST17530,663.24,upi,gateway_error,at_risk,2,4014.75,50,4,1130,3,0,0.365,0,0.0,smart_retry,76
TXN103108,CUST13674,1069.03,debit_card,card_declined,regular,1,8535.81,334,1,1255,3,1,0.415,0,0.0,smart_retry,59
TXN103109,CUST16811,736.41,credit_card,gateway_error,regular,2,1499.66,312,0,1792,5,1,0.69,1,736.41,smart_retry,60
TXN103110,CUST12607,1614.19,wallet,network_error,at_risk,0,3916.36,112,0,1963,6,2,0.69,0,0.0,smart_retry,50
TXN103111,CUST10477,747.35,upi,insufficient_funds,new,0,4774.6,278,2,166,4,1,0.435,0,0.0,customer_outreach,58
TXN103112,CUST16420,1676.2,debit_card,insufficient_funds,regular,2,10629.04,104,0,889,0,1,0.355,0,0.0,customer_outreach,60
TXN103113,CUST10229,3129.99,wallet,card_declined,regular,1,12587.15,286,2,1752,2,3,0.41,1,3129.99,customer_outreach,63
TXN103114,CUST16443,662.51,net_banking,card_declined,regular,0,6424.92,359,3,1934,4,2,0.41,1,662.51,smart_retry,62
TXN103115,CUST11378,1171.35,wallet,authentication_failed,new,1,2723.45,186,2,153,3,2,0.46,0,0.0,customer_outreach,63
TXN103116,CUST14967,2370.92,wallet,expired_card,new,4,2005.94,131,2,1373,4,0,0.42,0,0.0,alternative_payment,78
TXN103117,CUST10592,259.03,net_banking,gateway_error,regular,1,5586.95,101,2,1268,4,2,0.695,1,259.03,smart_retry,63
TXN103118,CUST13089,1077.54,debit_card,authentication_failed,regular,1,4707.46,5,2,1355,4,1,0.42,0,0.0,customer_outreach,63
TXN103119,CUST19904,737.25,net_banking,insufficient_funds,regular,0,8711.36,67,1,819,4,1,0.445,1,737.25,payment_plan,54
TXN103120,CUST17108,1887.78,credit_card,card_declined,regular,1,4458.5,76,2,473,3,0,0.35,0,0.0,customer_outreach,63
TXN103121,CUST12251,1373.04,upi,network_error,regular,3,2775.65,165,2,1409,4,1,0.6,1,1373.04,smart_retry,73
TXN103122,CUST12478,1611.89,credit_card,network_error,regular,2,7959.0,263,0,1123,5,1,0.73,1,1611.89,smart_retry,60
TXN103123,CUST18077,833.5,wallet,network_error,regular,1,8028.79,319,3,332,2,2,0.625,1,833.5,smart_retry,67
TXN103124,CUST13933,362.78,upi,network_error,premium,1,8235.04,308,4,1428,5,0,0.73,0,0.0,smart_retry,76
TXN103125,CUST16230,671.33,upi,insufficient_funds,regular,1,2557.87,174,1,1847,4,1,0.41,0,0.0,payment_plan,59
TXN103126,CUST14615,1571.1,net_banking,insufficient_funds,new,1,21133.35,342,0,776,4,1,0.48,0,0.0,payment_plan,55
TXN103127,CUST13684,808.58,debit_card,expired_card,at_risk,0,6082.12,18,1,188,3,3,0.48,1,808.58,alternative_payment,54
TXN103128,CUST11289,905.48,upi,network_error,regular,1,4324.16,208,0,795,2,0,0.695,0,0.0,smart_retry,55
TXN103129,CUST14375,1400.71,upi,gateway_error,new,2,26685.13,200,4,1412,6,2,0.64,0,0.0,smart_retry,76
TXN103130,CUST14400,1639.86,net_banking,expired_card,new,0,3251.84,206,4,1488,1,2,0.485,1,1639.86,alternative_payment,66
TXN103131,CUST14395,2754.08,upi,insufficient_funds,regular,1,26635.09,123,3,789,3,1,0.315,0,0.0,customer_outreach,67
TXN103132,CUST14437,3002.98,net_banking,gateway_error,at_risk,0,7687.42,305,4,812,6,0,0.48,0,0.0,smart_retry,66
TXN103133,CUST11041,4107.36,net_banking,insufficient_funds,at_risk,1,13142.54,65,0,392,4,1,0.3,0,0.0,customer_outreach,55
TXN103134,CUST14678,514.08,upi,card_declined,regular,2,8381.71,5,4,710,5,0,0.265,0,0.0,human_escalation,76
TXN103135,CUST15019,741.62,wallet,card_declined,new,1,6906.66,95,3,1250,3,1,0.365,0,0.0,smart_retry,67
TXN103136,CUST15293,1188.37,upi,authentication_failed,regular,1,7769.37,155,3,402,7,1,0.425,0,0.0,customer_outreach,67
TXN103137,CUST11848,981.86,debit_card,card_declined,regular,0,6910.45,142,1,520,3,0,0.425,1,981.86,customer_outreach,54
TXN103138,CUST19642,2797.5,credit_card,expired_card,regular,1,10027.19,63,2,137,3,1,0.505,0,0.0,alternative_payment,63
TXN103139,CUST14338,1443.23,wallet,authentication_failed,regular,0,25672.08,81,3,1702,4,2,0.44,1,1443.23,customer_outreach,62
TXN103140,CUST11906,360.89,upi,expired_card,new,3,33883.07,110,0,957,4,1,0.56,0,0.0,alternative_payment,65
TXN103141,CUST19282,775.61,net_banking,insufficient_funds,regular,1,16333.88,235,1,243,3,1,0.395,0,0.0,payment_plan,59
TXN103142,CUST10491,550.85,wallet,network_error,regular,1,3285.0,63,3,1955,9,5,0.78,0,0.0,smart_retry,67
TXN103143,CUST18697,699.13,upi,insufficient_funds,premium,3,1747.8,62,0,784,1,1,0.445,0,0.0,customer_outreach,70
TXN103144,CUST11513,414.88,wallet,expired_card,regular,1,6912.51,108,2,1700,2,2,0.515,0,0.0,alternative_payment,63
TXN103145,CUST14577,2506.17,debit_card,gateway_error,new,2,16047.65,259,3,561,4,0,0.6,0,0.0,smart_retry,72
TXN103146,CUST14375,1520.54,net_banking,card_declined,premium,2,5066.23,100,1,1811,4,1,0.545,1,1520.54,customer_outreach,69
TXN103147,CUST10414,1523.53,wallet,gateway_error,new,1,7911.68,76,1,1883,7,4,0.86,1,1523.53,smart_retry,59
TXN103148,CUST17286,2166.83,net_banking,gateway_error,premium,3,7825.31,221,3,1426,1,2,0.69,0,0.0,smart_retry,82
TXN103149,CUST15307,388.87,net_banking,insufficient_funds,regular,1,4025.93,2,0,600,6,0,0.455,0,0.0,payment_plan,55
TXN103150,CUST10764,1071.38,upi,insufficient_funds,new,2,3869.98,275,0,80,3,1,0.43,0,0.0,customer_outreach,60
TXN103151,CUST15332,2149.74,wallet,network_error,at_risk,0,9761.38,19,0,1915,7,0,0.655,1,2149.74,smart_retry,50
TXN103152,CUST12490,1329.05,net_banking,network_error,regular,2,5963.16,66,0,663,2,2,0.71,0,0.0,smart_retry,60
TXN103153,CUST13052,1443.84,upi,gateway_error,regular,0,8902.51,100,0,901,4,1,0.785,1,1443.84,smart_retry,50
TXN103154,CUST10433,1692.09,wallet,expired_card,regular,1,10826.66,294,0,1605,3,1,0.585,1,1692.09,alternative_payment,55
TXN103155,CUST13565,400.4,net_banking,authentication_failed,new,4,10547.61,356,0,1042,4,3,0.475,0,0.0,customer_outreach,70
TXN103156,CUST12694,1963.28,credit_card,insufficient_funds,premium,1,3790.61,194,4,738,4,2,0.465,1,1963.28,customer_outreach,76
TXN103157,CUST12525,804.91,wallet,gateway_error,regular,0,15612.52,14,4,1350,2,2,0.62,0,0.0,smart_retry,66
TXN103158,CUST13055,1841.92,wallet,network_error,regular,0,6680.07,249,1,734,3,1,0.73,0,0.0,smart_retry,54
TXN103159,CUST12094,5280.54,upi,authentication_failed,regular,3,16857.95,338,1,1892,2,0,0.335,1,5280.54,customer_outreach,69
TXN103160,CUST13844,748.45,debit_card,insufficient_funds,regular,0,5949.15,355,3,494,8,2,0.45,0,0.0,payment_plan,62
TXN103161,CUST18555,1610.15,wallet,authentication_failed,regular,1,1839.07,148,2,1776,3,4,0.44,1,1610.15,customer_outreach,63
TXN103162,CUST17760,2124.32,debit_card,expired_card,regular,0,1494.71,117,3,904,7,0,0.495,1,2124.32,alternative_payment,62
TXN103163,CUST11427,1774.6,wallet,expired_card,at_risk,1,7293.36,241,3,217,4,1,0.33,0,0.0,alternative_payment,67
TXN103164,CUST10802,1942.76,wallet,gateway_error,premium,3,20382.49,96,3,1273,2,0,0.655,0,0.0,smart_retry,82
TXN103165,CUST18156,2928.84,credit_card,authentication_failed,new,1,8871.82,103,3,109,3,0,0.37,0,0.0,customer_outreach,67
TXN103166,CUST11616,1469.8,credit_card,gateway_error,premium,1,4541.2,203,0,755,7,1,0.945,1,1469.8,smart_retry,60
TXN103167,CUST19070,982.9,debit_card,authentication_failed,regular,3,6530.78,324,1,1476,4,4,0.465,1,982.9,customer_outreach,69
TXN103168,CUST11468,709.65,net_banking,network_error,new,1,21489.14,323,3,1920,9,1,0.735,1,709.65,smart_retry,67
TXN103169,CUST14294,1122.46,wallet,expired_card,new,1,5398.14,245,1,694,4,0,0.565,1,1122.46,alternative_payment,59
TXN103170,CUST17251,4606.18,upi,insufficient_funds,premium,2,4973.52,111,1,320,4,1,0.525,1,4606.18,payment_plan,69
TXN103171,CUST18328,1142.11,credit_card,network_error,premium,1,7154.19,312,2,549,2,1,0.79,1,1142.11,smart_retry,68
TXN103172,CUST12522,777.74,upi,authentication_failed,at_risk,4,30644.67,290,1,1499,8,1,0.265,1,777.74,customer_outreach,74
TXN103173,CUST13016,1106.09,debit_card,network_error,at_risk,0,8219.49,208,0,802,2,0,0.58,0,0.0,smart_retry,50
TXN103174,CUST12998,1634.17,wallet,expired_card,regular,3,8853.91,336,0,1873,6,2,0.585,0,0.0,alternative_payment,65
TXN103175,CUST16383,268.3,debit_card,network_error,new,1,4262.22,246,1,166,8,2,0.825,1,268.3,smart_retry,59
TXN103176,CUST11879,659.76,wallet,card_declined,regular,1,4730.96,351,3,594,3,0,0.31,0,0.0,smart_retry,67
TXN103177,CUST13871,648.73,credit_card,gateway_error,regular,1,4988.8,118,4,1975,3,0,0.55,0,0.0,smart_retry,71
TXN103178,CUST14995,1084.91,credit_card,network_error,regular,1,2919.67,77,0,1849,2,2,0.745,1,1084.91,smart_retry,55
TXN103179,CUST11175,349.71,debit_card,gateway_error,regular,2,5302.77,339,0,1071,3,0,0.675,1,349.71,smart_retry,60
TXN103180,CUST14699,1467.13,net_banking,insufficient_funds,regular,0,9107.42,243,2,820,5,0,0.395,1,1467.13,payment_plan,58
TXN103181,CUST15141,1617.06,upi,gateway_error,premium,1,5655.73,164,2,1194,4,0,0.795,1,1617.06,smart_retry,68
TXN103182,CUST11191,1240.22,debit_card,network_error,regular,1,2811.08,189,0,906,3,1,0.735,1,1240.22,smart_retry,55
TXN103183,CUST14385,1039.1,credit_card,card_declined,regular,0,5201.32,345,2,705,5,0,0.415,0,0.0,customer_outreach,58
TXN103184,CUST14450,761.76,credit_card,authentication_failed,at_risk,1,7525.58,47,4,1506,5,0,0.18,0,0.0,customer_outreach,71
TXN103185,CUST16159,887.14,wallet,insufficient_funds,regular,1,4497.42,231,4,1047,2,0,0.235,0,0.0,customer_outreach,71
TXN103186,CUST13028,1133.09,credit_card,gateway_error,new,1,21244.99,71,0,549,6,1,0.81,1,1133.09,smart_retry,55
TXN103187,CUST12764,1283.48,net_banking,insufficient_funds,regular,1,13137.12,37,4,1805,2,1,0.26,0,0.0,customer_outreach,71
TXN103188,CUST11574,488.35,debit_card,network_error,regular,2,8692.51,77,2,180,7,1,0.68,1,488.35,smart_retry,68
TXN103189,CUST13306,808.93,wallet,insufficient_funds,new,0,3728.11,221,4,856,4,0,0.33,0,0.0,customer_outreach,66
TXN103190,CUST18715,999.55,wallet,network_error,regular,1,9242.49,19,4,1985,8,0,0.625,0,0.0,smart_retry,71
TXN103191,CUST18572,1973.32,net_banking,insufficient_funds,premium,1,4601.93,219,3,1859,2,0,0.425,0,0.0,customer_outreach,72
TXN103192,CUST13790,1116.34,credit_card,authentication_failed,at_risk,1,2130.3,95,1,926,6,1,0.34,0,0.0,customer_outreach,59
TXN103193,CUST16379,2227.62,credit_card,gateway_error,at_risk,0,2538.48,357,4,1116,4,0,0.45,0,0.0,smart_retry,66
TXN103194,CUST18761,610.44,wallet,gateway_error,regular,2,3392.73,216,2,515,2,1,0.605,1,610.44,smart_retry,68
TXN103195,CUST13407,1432.48,wallet,network_error,regular,1,11195.78,104,0,1264,8,2,0.835,1,1432.48,smart_retry,55
TXN103196,CUST11502,1216.48,net_banking,expired_card,regular,2,4197.31,16,4,1406,3,1,0.39,0,0.0,alternative_payment,76
TXN103197,CUST19473,913.65,upi,insufficient_funds,regular,0,3326.67,75,0,354,3,1,0.47,1,913.65,payment_plan,50
TXN103198,CUST19602,552.22,credit_card,expired_card,new,2,6180.37,179,3,1683,2,0,0.42,0,0.0,alternative_payment,72
TXN103199,CUST16195,1189.2,upi,expired_card,regular,0,9264.83,234,2,1012,5,0,0.545,1,1189.2,alternative_payment,58
TXN103200,CUST10112,1163.27,credit_card,card_declined,premium,1,7307.39,288,3,840,0,2,0.465,1,1163.27,customer_outreach,72
TXN103201,CUST15016,978.72,upi,authentication_failed,regular,1,5120.3,223,3,851,2,1,0.35,0,0.0,customer_outreach,67
TXN103202,CUST14878,900.23,wallet,gateway_error,regular,1,21897.31,159,0,889,2,1,0.72,1,900.23,smart_retry,55
TXN103203,CUST13298,1539.52,net_banking,expired_card,regular,2,4863.35,18,2,1786,2,0,0.43,0,0.0,alternative_payment,68
TXN103204,CUST15416,1403.42,credit_card,card_declined,regular,1,12747.66,181,2,1461,1,1,0.345,0,0.0,smart_retry,63
TXN103205,CUST17704,2397.22,debit_card,card_declined,regular,0,7801.9,198,2,1187,4,2,0.45,1,2397.22,customer_outreach,58
TXN103206,CUST13055,619.29,net_banking,gateway_error,premium,1,5652.12,326,4,1361,4,1,0.74,1,619.29,smart_retry,76
TXN103207,CUST15867,2438.57,debit_card,authentication_failed,regular,4,13753.58,115,2,451,1,0,0.245,0,0.0,customer_outreach,78
TXN103208,CUST10811,1024.23,upi,authentication_failed,regular,1,2796.6,5,1,783,5,2,0.5,1,1024.23,customer_outreach,59
TXN103209,CUST15730,516.55,credit_card,insufficient_funds,regular,2,8676.77,237,3,1411,5,0,0.285,0,0.0,payment_plan,72
TXN103210,CUST16988,1110.12,upi,insufficient_funds,at_risk,3,17646.52,161,4,623,5,0,0.06,0,0.0,customer_outreach,81
TXN103211,CUST16446,4386.2,upi,expired_card,regular,3,3425.18,223,1,641,2,1,0.46,0,0.0,alternative_payment,69
TXN103212,CUST15413,2214.02,upi,expired_card,new,1,3102.92,158,2,1638,5,1,0.565,1,2214.02,alternative_payment,63
TXN103213,CUST11195,2446.75,upi,authentication_failed,premium,0,5869.94,292,4,1236,0,1,0.465,0,0.0,customer_outreach,71
TXN103214,CUST14007,485.5,wallet,insufficient_funds,new,0,2402.96,133,2,1214,5,4,0.525,1,485.5,customer_outreach,58
TXN103215,CUST14670,719.17,debit_card,authentication_failed,new,0,12483.28,210,2,65,7,2,0.555,1,719.17,customer_outreach,58
TXN103216,CUST18615,1221.59,wallet,insufficient_funds,premium,1,8058.08,25,4,702,3,3,0.475,1,1221.59,customer_outreach,76
TXN103217,CUST12102,746.05,wallet,network_error,regular,2,1914.22,112,4,1400,4,1,0.515,0,0.0,smart_retry,76
TXN103218,CUST18735,926.03,wallet,authentication_failed,new,3,21770.11,139,0,540,2,4,0.505,0,0.0,customer_outreach,65
TXN103219,CUST12583,459.51,credit_card,card_declined,at_risk,2,12372.2,293,3,294,2,2,0.16,0,0.0,human_escalation,72
TXN103220,CUST11002,419.91,debit_card,card_declined,new,1,3004.5,23,3,699,7,0,0.4,0,0.0,customer_outreach,67
TXN103221,CUST18496,910.41,upi,insufficient_funds,regular,0,12314.41,364,3,788,2,1,0.335,0,0.0,customer_outreach,62
TXN103222,CUST17743,239.18,wallet,insufficient_funds,new,2,2557.54,65,0,530,9,0,0.495,0,0.0,payment_plan,60
TXN103223,CUST10703,1182.09,upi,expired_card,regular,0,7759.3,156,3,1932,2,0,0.46,0,0.0,alternative_payment,62
TXN103224,CUST11050,365.42,debit_card,network_error,regular,1,17093.81,291,0,1715,6,0,0.755,0,0.0,smart_retry,55
TXN103225,CUST10448,2001.73,debit_card,network_error,new,0,3266.28,55,1,1624,6,2,0.83,1,2001.73,smart_retry,54
TXN103226,CUST11880,1755.45,debit_card,network_error,new,0,4906.49,171,3,1800,5,2,0.735,1,1755.45,smart_retry,62
TXN103227,CUST15836,1099.23,wallet,network_error,regular,1,15373.43,98,2,1222,2,1,0.64,1,1099.23,smart_retry,63
TXN103228,CUST15527,1190.13,net_banking,card_declined,regular,0,15311.92,221,0,1919,4,0,0.48,0,0.0,alternative_payment,50
TXN103229,CUST19985,915.59,debit_card,card_declined,regular,3,5439.62,185,4,641,3,1,0.225,0,0.0,human_escalation,81
TXN103230,CUST13099,1053.7,upi,network_error,regular,2,4860.21,199,1,203,4,1,0.675,0,0.0,smart_retry,64
TXN103231,CUST11187,1905.53,debit_card,authentication_failed,regular,1,3553.31,25,1,637,2,2,0.455,0,0.0,customer_outreach,59
TXN103232,CUST13007,568.46,debit_card,gateway_error,regular,0,6324.49,344,1,98,3,0,0.705,1,568.46,smart_retry,54
TXN103233,CUST14074,577.84,debit_card,expired_card,regular,2,30405.07,94,2,862,4,1,0.485,1,577.84,alternative_payment,68
TXN103234,CUST13406,902.11,credit_card,card_declined,regular,0,2652.56,340,3,1492,7,2,0.455,0,0.0,alternative_payment,62
TXN103235,CUST16810,997.39,wallet,network_error,regular,5,12768.29,337,3,1630,5,1,0.505,0,0.0,smart_retry,87
TXN103236,CUST18851,1366.7,credit_card,card_declined,regular,0,2793.52,334,2,1485,8,0,0.46,0,0.0,alternative_payment,58
TXN103237,CUST12307,1223.14,wallet,expired_card,regular,1,13990.79,299,0,343,9,0,0.65,1,1223.14,alternative_payment,55
TXN103238,CUST11469,2201.06,net_banking,gateway_error,new,2,55161.33,33,3,569,5,0,0.615,1,2201.06,smart_retry,72
TXN103239,CUST13085,2739.97,credit_card,expired_card,regular,3,3301.74,164,0,347,5,2,0.57,0,0.0,alternative_payment,65
TXN103240,CUST13741,2605.26,wallet,expired_card,at_risk,0,11609.43,84,1,1699,5,1,0.46,1,2605.26,alternative_payment,54
TXN103241,CUST19160,638.94,wallet,expired_card,regular,0,29387.06,174,1,948,8,1,0.655,0,0.0,alternative_payment,54
TXN103242,CUST15517,422.43,debit_card,insufficient_funds,regular,0,4028.59,267,1,1307,4,0,0.42,0,0.0,payment_plan,54
TXN103243,CUST10152,330.34,debit_card,card_declined,premium,0,3236.98,206,4,250,1,1,0.45,0,0.0,customer_outreach,71
TXN103244,CUST13531,1528.22,debit_card,card_declined,regular,1,1873.16,113,1,549,2,0,0.335,0,0.0,customer_outreach,59
TXN103245,CUST17675,1076.44,net_banking,card_declined,new,1,5081.4,63,3,1634,3,1,0.365,1,1076.44,customer_outreach,67
TXN103246,CUST15983,1127.2,credit_card,gateway_error,new,1,4438.74,73,3,1278,1,2,0.64,0,0.0,smart_retry,67
TXN103247,CUST19993,2102.4,upi,expired_card,regular,2,6386.33,30,1,599,5,0,0.515,1,2102.4,alternative_payment,64
TXN103248,CUST16065,1190.23,debit_card,card_declined,premium,0,5026.04,89,1,1534,2,2,0.61,1,1190.23,customer_outreach,59
TXN103249,CUST19530,1344.97,wallet,expired_card,new,1,72759.85,88,1,89,3,1,0.575,1,1344.97,alternative_payment,59
TXN103250,CUST13551,651.36,upi,network_error,at_risk,0,2608.67,68,0,290,7,3,0.73,1,651.36,smart_retry,50
TXN103251,CUST18850,1472.3,upi,gateway_error,premium,1,14158.04,298,0,216,7,0,0.92,1,1472.3,smart_retry,60
TXN103252,CUST17441,858.41,debit_card,insufficient_funds,regular,1,84022.75,68,2,136,4,1,0.37,1,858.41,customer_outreach,63
TXN103253,CUST10958,6584.82,net_banking,network_error,regular,0,13971.19,133,4,977,3,2,0.635,1,6584.82,smart_retry,66
TXN103254,CUST11664,1997.18,net_banking,network_error,regular,0,5688.54,254,2,1719,1,0,0.635,1,1997.18,smart_retry,58
TXN103255,CUST14267,815.17,net_banking,card_declined,regular,1,687.61,308,1,1925,3,2,0.4,1,815.17,customer_outreach,59
TXN103256,CUST10819,429.06,net_banking,expired_card,regular,3,8834.81,117,4,1816,4,0,0.345,1,429.06,alternative_payment,81
TXN103257,CUST17220,647.05,debit_card,network_error,regular,1,12678.36,76,2,1065,4,0,0.645,0,0.0,smart_retry,63
TXN103258,CUST11050,696.55,debit_card,insufficient_funds,regular,0,15437.77,21,4,1631,4,0,0.3,0,0.0,customer_outreach,66
TXN103259,CUST16312,494.34,net_banking,authentication_failed,regular,0,23823.91,131,4,1514,5,1,0.39,1,494.34,customer_outreach,66
TXN103260,CUST12415,2717.36,debit_card,gateway_error,regular,3,17245.87,97,3,1204,3,1,0.545,1,2717.36,smart_retry,77
TXN103261,CUST11250,379.76,debit_card,card_declined,premium,2,3802.54,45,0,274,4,0,0.56,1,379.76,customer_outreach,65
TXN103262,CUST18698,896.73,net_banking,authentication_failed,premium,2,2089.68,357,2,1439,6,3,0.615,1,896.73,customer_outreach,73
TXN103263,CUST19057,4144.49,net_banking,network_error,regular,0,44002.6,343,0,960,2,0,0.73,1,4144.49,smart_retry,50
TXN103264,CUST10810,1729.75,net_banking,expired_card,regular,1,11069.87,323,1,1255,2,0,0.505,1,1729.75,alternative_payment,59
TXN103265,CUST12474,668.58,upi,card_declined,regular,0,4039.93,318,4,545,4,2,0.37,0,0.0,alternative_payment,66
TXN103266,CUST15815,1670.66,debit_card,authentication_failed,regular,1,17291.68,57,3,238,5,0,0.37,1,1670.66,customer_outreach,67
TXN103267,CUST12828,1049.62,debit_card,insufficient_funds,at_risk,1,3005.15,199,2,541,8,1,0.28,0,0.0,payment_plan,63
TXN103268,CUST19135,622.24,net_banking,insufficient_funds,regular,2,10843.05,185,2,336,5,2,0.375,0,0.0,payment_plan,68
TXN103269,CUST11851,1308.59,net_banking,insufficient_funds,regular,0,7272.0,165,2,1240,4,0,0.38,0,0.0,customer_outreach,58
TXN103270,CUST13151,1079.75,debit_card,network_error,new,0,11494.42,355,4,1702,3,2,0.665,1,1079.75,smart_retry,66
TXN103271,CUST13203,1418.96,debit_card,expired_card,regular,1,11610.62,227,0,654,5,1,0.615,0,0.0,alternative_payment,55
TXN103272,CUST18228,782.35,wallet,gateway_error,regular,2,2369.12,298,2,54,1,1,0.59,1,782.35,smart_retry,68
TXN103273,CUST14439,861.35,net_banking,card_declined,new,1,10241.55,6,2,1287,3,1,0.405,0,0.0,alternative_payment,63
TXN103274,CUST16185,2405.13,wallet,network_error,regular,0,11776.54,314,2,418,4,1,0.705,1,2405.13,smart_retry,58
TXN103275,CUST17343,309.58,net_banking,expired_card,regular,0,5435.56,94,3,904,3,1,0.5,1,309.58,alternative_payment,62
TXN103276,CUST13427,814.33,debit_card,authentication_failed,new,2,17560.14,213,1,578,0,1,0.395,1,814.33,customer_outreach,64
TXN103277,CUST13030,882.78,net_banking,gateway_error,regular,1,1640.95,88,1,1897,4,0,0.645,0,0.0,smart_retry,59
TXN103278,CUST15876,500.9,wallet,insufficient_funds,premium,1,7865.88,42,3,745,3,0,0.44,0,0.0,payment_plan,72
TXN103279,CUST12322,2082.25,wallet,insufficient_funds,premium,0,11208.84,189,4,1515,3,1,0.46,1,2082.25,payment_plan,71
TXN103280,CUST12472,886.31,wallet,expired_card,premium,1,14708.79,166,3,477,4,3,0.68,1,886.31,alternative_payment,72
TXN103281,CUST10688,381.45,debit_card,authentication_failed,regular,0,6311.58,341,4,853,12,2,0.49,1,381.45,customer_outreach,66
TXN103282,CUST13810,942.37,net_banking,insufficient_funds,regular,1,13271.78,79,3,382,7,0,0.35,1,942.37,customer_outreach,67
TXN103283,CUST12947,1004.73,credit_card,gateway_error,regular,0,10402.9,172,2,1306,3,0,0.665,0,0.0,smart_retry,58
TXN103284,CUST18427,1479.14,credit_card,network_error,regular,1,4962.49,174,0,428,2,2,0.745,0,0.0,smart_retry,55
TXN103285,CUST13354,1053.28,credit_card,insufficient_funds,regular,0,2476.68,21,0,588,3,3,0.52,0,0.0,payment_plan,50
TXN103286,CUST12572,2011.87,credit_card,network_error,premium,3,2899.66,78,0,1975,3,1,0.815,1,2011.87,smart_retry,70
TXN103287,CUST12832,5179.19,credit_card,expired_card,new,1,6741.59,262,0,1486,4,0,0.605,0,0.0,alternative_payment,55
TXN103288,CUST16102,1968.57,wallet,insufficient_funds,new,1,3777.25,279,3,1127,2,0,0.305,1,1968.57,customer_outreach,67
TXN103289,CUST16577,591.42,upi,card_declined,premium,0,11368.01,299,0,1117,4,2,0.68,1,591.42,customer_outreach,55
TXN103290,CUST15352,4292.11,upi,authentication_failed,regular,3,20234.68,200,2,655,7,3,0.445,1,4292.11,customer_outreach,73
TXN103291,CUST12188,1001.76,credit_card,card_declined,new,0,3125.72,91,4,1930,8,0,0.41,0,0.0,alternative_payment,66
TXN103292,CUST18156,1531.96,net_banking,network_error,regular,0,4371.64,126,2,1096,5,2,0.745,1,1531.96,smart_retry,58
TXN103293,CUST15362,695.42,net_banking,network_error,regular,1,14024.24,205,2,1617,8,2,0.755,1,695.42,smart_retry,63
TXN103294,CUST11945,1196.72,wallet,gateway_error,new,0,11220.71,112,2,1378,4,1,0.735,1,1196.72,smart_retry,58
TXN103295,CUST12953,696.74,credit_card,authentication_failed,premium,0,8146.52,224,1,396,3,2,0.655,1,696.74,customer_outreach,59
TXN103296,CUST11230,800.44,debit_card,insufficient_funds,premium,1,2405.91,354,0,123,5,0,0.59,1,800.44,customer_outreach,60
TXN103297,CUST12672,2005.68,wallet,expired_card,regular,1,8868.98,58,2,1530,7,1,0.565,1,2005.68,alternative_payment,63
TXN103298,CUST17956,760.18,wallet,authentication_failed,new,0,2597.99,359,0,214,5,0,0.555,0,0.0,customer_outreach,50
TXN103299,CUST17717,893.02,wallet,gateway_error,regular,2,19351.92,209,4,1278,3,0,0.515,0,0.0,smart_retry,76
TXN103300,CUST19733,1858.59,wallet,expired_card,regular,0,5053.97,270,0,1364,5,2,0.675,0,0.0,alternative_payment,50
TXN103301,CUST12635,1378.96,wallet,network_error,regular,3,11779.62,282,0,146,6,0,0.685,1,1378.96,smart_retry,65
TXN103302,CUST13593,453.38,net_banking,gateway_error,regular,0,10135.8,353,1,1476,3,1,0.73,1,453.38,smart_retry,54
TXN103303,CUST10034,1231.35,credit_card,card_declined,regular,1,6325.99,101,1,1134,1,1,0.385,1,1231.35,customer_outreach,59
TXN103304,CUST13168,482.07,wallet,gateway_error,regular,0,15841.29,50,0,688,4,1,0.785,0,0.0,smart_retry,50
TXN103305,CUST10760,394.87,upi,insufficient_funds,regular,2,3150.63,272,1,1156,2,2,0.37,0,0.0,payment_plan,64
TXN103306,CUST15820,1137.17,wallet,network_error,regular,1,8780.98,214,4,380,6,0,0.595,0,0.0,smart_retry,71
TXN103307,CUST19249,455.97,wallet,card_declined,premium,2,20305.11,204,4,1458,2,0,0.37,0,0.0,customer_outreach,81
TXN103308,CUST17081,348.76,debit_card,gateway_error,new,3,12186.98,125,1,393,3,1,0.655,0,0.0,smart_retry,69
TXN103309,CUST19106,1321.83,debit_card,authentication_failed,regular,3,17742.49,198,1,469,4,1,0.39,0,0.0,customer_outreach,69
TXN103310,CUST17924,849.05,net_banking,network_error,premium,2,5430.32,173,0,1838,5,1,0.88,1,849.05,smart_retry,65
TXN103311,CUST18885,587.03,net_banking,insufficient_funds,regular,2,4558.94,54,1,918,4,1,0.375,0,0.0,customer_outreach,64
TXN103312,CUST11780,3832.6,credit_card,card_declined,regular,1,6182.27,340,4,1650,6,1,0.34,0,0.0,smart_retry,71
TXN103313,CUST13295,2083.41,debit_card,network_error,regular,2,19810.75,51,4,1769,7,1,0.6,0,0.0,smart_retry,76
TXN103314,CUST18324,547.08,debit_card,expired_card,new,3,6391.9,237,4,1521,6,2,0.455,1,547.08,alternative_payment,81
TXN103315,CUST11037,883.6,wallet,gateway_error,regular,0,10039.51,359,0,861,6,0,0.79,1,883.6,smart_retry,50
TXN103316,CUST17901,1291.46,net_banking,gateway_error,premium,2,28403.15,23,3,1577,6,1,0.775,1,1291.46,smart_retry,77
TXN103317,CUST16065,575.25,wallet,insufficient_funds,premium,2,7994.83,276,4,235,3,1,0.39,0,0.0,customer_outreach,81
TXN103318,CUST14052,1132.05,credit_card,authentication_failed,premium,1,64419.62,311,3,1988,5,0,0.52,0,0.0,customer_outreach,72
TXN103319,CUST16713,780.17,credit_card,gateway_error,at_risk,1,8930.13,356,0,751,7,2,0.67,1,780.17,smart_retry,55
TXN103320,CUST19722,890.94,net_banking,authentication_failed,new,0,2736.13,330,1,1138,3,3,0.56,1,890.94,customer_outreach,54
TXN103321,CUST14897,527.27,upi,network_error,regular,2,14727.98,346,0,1496,4,1,0.715,0,0.0,smart_retry,60
TXN103322,CUST12468,1041.58,net_banking,gateway_error,regular,1,5295.86,205,4,817,5,0,0.58,1,1041.58,smart_retry,71
TXN103323,CUST12798,2057.43,wallet,expired_card,regular,1,9131.66,49,1,692,2,1,0.53,0,0.0,alternative_payment,59
TXN103324,CUST17343,1564.75,debit_card,expired_card,regular,1,5086.03,304,4,1854,5,2,0.48,0,0.0,alternative_payment,71
TXN103325,CUST12662,525.06,upi,expired_card,regular,2,15282.56,140,3,1316,3,2,0.455,1,525.06,alternative_payment,72
TXN103326,CUST10147,608.31,net_banking,network_error,regular,0,3465.62,70,4,1794,2,0,0.57,1,608.31,smart_retry,66
TXN103327,CUST19958,1078.75,credit_card,gateway_error,regular,2,4932.96,244,1,1596,3,1,0.66,0,0.0,smart_retry,64
TXN103328,CUST16750,3119.91,net_banking,authentication_failed,at_risk,3,6768.31,156,0,1595,2,1,0.25,0,0.0,customer_outreach,65
TXN103329,CUST17174,445.18,wallet,authentication_failed,regular,0,4208.21,12,4,37,2,3,0.395,1,445.18,customer_outreach,66
TXN103330,CUST19064,786.7,wallet,gateway_error,regular,1,2713.56,349,3,552,4,1,0.63,1,786.7,smart_retry,67
TXN103331,CUST19161,328.89,upi,network_error,regular,1,21714.4,293,2,860,1,0,0.6,1,328.89,smart_retry,63
TXN103332,CUST14518,1681.82,credit_card,authentication_failed,regular,2,5843.91,312,4,1764,4,0,0.28,0,0.0,customer_outreach,76
TXN103333,CUST14952,3648.22,credit_card,gateway_error,regular,1,12083.07,148,3,1092,3,1,0.615,0,0.0,smart_retry,67
TXN103334,CUST15625,1327.36,debit_card,gateway_error,new,2,11273.7,275,4,248,4,3,0.635,0,0.0,smart_retry,76
TXN103335,CUST16239,664.71,upi,authentication_failed,regular,0,8313.13,136,2,677,2,3,0.475,1,664.71,customer_outreach,58
TXN103336,CUST10161,1026.74,wallet,insufficient_funds,regular,2,56945.14,264,3,1823,10,1,0.385,0,0.0,payment_plan,72
TXN103337,CUST15352,358.88,debit_card,card_declined,new,1,3489.06,17,1,846,8,1,0.52,1,358.88,smart_retry,59
TXN103338,CUST17515,894.43,credit_card,gateway_error,regular,2,2837.49,284,4,1876,6,0,0.56,1,894.43,smart_retry,76
TXN103339,CUST11002,1965.48,credit_card,authentication_failed,regular,1,8812.63,274,2,764,3,3,0.455,0,0.0,customer_outreach,63
TXN103340,CUST18521,2147.6,credit_card,insufficient_funds,premium,2,9852.99,277,4,1167,6,2,0.46,1,2147.6,payment_plan,81
TXN103341,CUST10674,3227.57,upi,gateway_error,regular,2,22178.86,277,4,515,3,0,0.515,1,3227.57,smart_retry,76
TXN103342,CUST19748,832.65,net_banking,expired_card,new,2,4740.37,55,4,741,4,1,0.435,0,0.0,alternative_payment,76
TXN103343,CUST16815,1879.4,debit_card,card_declined,premium,1,3206.62,229,2,1904,4,1,0.54,0,0.0,customer_outreach,68
TXN103344,CUST10208,783.84,credit_card,card_declined,regular,0,11538.68,348,2,1504,1,0,0.355,0,0.0,customer_outreach,58
TXN103345,CUST16607,708.48,credit_card,authentication_failed,new,0,4573.85,306,2,1351,3,0,0.445,0,0.0,customer_outreach,58
TXN103346,CUST13330,2443.57,credit_card,expired_card,regular,0,8102.42,50,4,564,5,0,0.465,1,2443.57,alternative_payment,66
TXN103347,CUST19262,763.29,debit_card,gateway_error,at_risk,2,4216.42,341,2,914,5,1,0.5,0,0.0,smart_retry,68
TXN103348,CUST17353,714.89,wallet,card_declined,regular,1,6659.69,246,0,1368,3,2,0.48,1,714.89,smart_retry,55
TXN103349,CUST18696,769.37,net_banking,insufficient_funds,regular,1,1898.39,330,0,93,2,1,0.38,1,769.37,payment_plan,55
TXN103350,CUST13343,2060.42,net_banking,expired_card,new,1,9078.43,63,0,502,5,0,0.62,0,0.0,alternative_payment,55
TXN103351,CUST14446,534.56,upi,expired_card,at_risk,2,11971.48,130,1,1261,5,2,0.415,1,534.56,alternative_payment,64
TXN103352,CUST19753,461.52,credit_card,gateway_error,regular,1,13119.55,341,2,1985,6,1,0.7,1,461.52,smart_retry,63
TXN103353,CUST16913,2581.45,wallet,gateway_error,new,0,518.61,192,1,646,2,1,0.705,1,2581.45,smart_retry,54
TXN103354,CUST10632,2293.53,net_banking,insufficient_funds,new,1,8444.83,65,0,692,4,2,0.505,1,2293.53,customer_outreach,55
TXN103355,CUST19787,1704.07,net_banking,gateway_error,premium,2,22071.89,218,1,407,2,2,0.82,1,1704.07,smart_retry,69
TXN103356,CUST12962,593.4,credit_card,authentication_failed,premium,2,11050.48,121,1,1938,3,3,0.61,0,0.0,customer_outreach,69
TXN103357,CUST14831,1243.9,net_banking,card_declined,regular,1,27415.88,158,3,1874,2,1,0.32,1,1243.9,customer_outreach,67
TXN103358,CUST14973,236.98,wallet,expired_card,regular,0,11874.79,167,2,1253,6,1,0.585,0,0.0,alternative_payment,58
TXN103359,CUST13650,3540.74,wallet,gateway_error,regular,3,6903.86,50,1,1124,2,1,0.61,0,0.0,smart_retry,69
TXN103360,CUST13690,610.66,upi,card_declined,regular,1,41108.74,42,1,618,3,0,0.39,0,0.0,customer_outreach,59
TXN103361,CUST15696,1723.25,debit_card,card_declined,regular,2,16733.4,306,0,36,3,1,0.42,0,0.0,alternative_payment,60
TXN103362,CUST14081,386.68,net_banking,insufficient_funds,regular,0,23247.92,47,0,1933,2,2,0.48,1,386.68,customer_outreach,50
TXN103363,CUST13880,494.89,debit_card,network_error,at_risk,2,8913.51,254,1,901,1,0,0.455,0,0.0,smart_retry,64
TXN103364,CUST14435,505.26,wallet,network_error,regular,0,12242.19,127,4,739,5,1,0.64,1,505.26,smart_retry,66
TXN103365,CUST19104,1121.55,upi,network_error,regular,0,2703.56,284,2,380,4,4,0.78,1,1121.55,smart_retry,58
TXN103366,CUST12964,2341.72,wallet,network_error,regular,1,3869.51,349,2,316,5,0,0.66,0,0.0,smart_retry,63
TXN103367,CUST15122,398.66,credit_card,gateway_error,premium,1,3449.15,258,2,1031,3,0,0.78,1,398.66,smart_retry,68
TXN103368,CUST16033,526.71,wallet,card_declined,regular,1,4649.43,29,2,1906,4,0,0.365,0,0.0,smart_retry,63
TXN103369,CUST18668,569.37,credit_card,expired_card,regular,0,1907.09,48,2,947,6,1,0.545,1,569.37,alternative_payment,58
TXN103370,CUST17440,1487.94,upi,expired_card,regular,2,6381.26,188,1,760,7,3,0.62,1,1487.94,alternative_payment,64
TXN103371,CUST12312,781.81,upi,gateway_error,new,1,7201.51,152,0,1736,4,1,0.78,0,0.0,smart_retry,55
TXN103372,CUST17557,304.58,credit_card,expired_card,regular,0,12385.08,360,4,970,4,0,0.45,0,0.0,alternative_payment,66
TXN103373,CUST13267,1033.22,upi,expired_card,new,2,16469.48,309,1,105,4,2,0.58,0,0.0,alternative_payment,64
TXN103374,CUST15461,633.01,debit_card,gateway_error,regular,1,4959.56,16,1,429,1,1,0.665,1,633.01,smart_retry,59
TXN103375,CUST12044,1392.83,wallet,insufficient_funds,regular,1,5281.32,36,1,520,6,0,0.415,0,0.0,payment_plan,59
TXN103376,CUST16997,2797.48,credit_card,authentication_failed,regular,0,22137.43,274,1,1693,6,1,0.525,1,2797.48,customer_outreach,54
TXN103377,CUST19122,1714.47,credit_card,expired_card,new,0,7380.63,246,4,1003,5,0,0.495,1,1714.47,alternative_payment,66
TXN103378,CUST13216,3485.83,credit_card,expired_card,new,0,8100.24,223,1,677,1,4,0.655,0,0.0,alternative_payment,54
TXN103379,CUST11025,1647.29,upi,insufficient_funds,premium,1,8388.25,355,2,866,2,1,0.49,0,0.0,customer_outreach,68
TXN103380,CUST13484,2279.88,upi,network_error,regular,0,6686.74,263,0,237,6,1,0.815,1,2279.88,smart_retry,50
TXN103381,CUST18386,511.36,wallet,card_declined,regular,0,7811.91,352,3,415,4,1,0.385,1,511.36,customer_outreach,62
TXN103382,CUST14574,1245.72,net_banking,gateway_error,premium,2,11649.1,246,3,1550,4,0,0.72,1,1245.72,smart_retry,77
TXN103383,CUST16207,1302.47,debit_card,authentication_failed,new,1,34822.79,302,0,665,7,0,0.55,1,1302.47,customer_outreach,55
TXN103384,CUST13677,766.81,debit_card,gateway_error,premium,3,11539.82,310,4,556,5,0,0.66,0,0.0,smart_retry,86
TXN103385,CUST16161,1366.8,net_banking,expired_card,at_risk,1,4612.81,175,0,1278,5,1,0.465,0,0.0,alternative_payment,55
TXN103386,CUST19626,1154.49,wallet,authentication_failed,new,1,2025.6,354,0,259,4,1,0.53,1,1154.49,customer_outreach,55
TXN103387,CUST10790,2147.05,wallet,authentication_failed,regular,1,15329.68,246,1,1212,4,1,0.46,0,0.0,customer_outreach,59
TXN103388,CUST10277,1394.95,wallet,insufficient_funds,new,0,13942.23,351,2,365,7,2,0.505,1,1394.95,payment_plan,58
TXN103389,CUST11392,841.21,wallet,authentication_failed,regular,0,20525.01,268,2,1882,6,1,0.485,1,841.21,customer_outreach,58
TXN103390,CUST14710,526.24,debit_card,network_error,regular,1,5247.91,142,4,1620,2,2,0.585,1,526.24,smart_retry,71
TXN103391,CUST18465,319.48,upi,authentication_failed,new,2,23616.1,344,4,1513,5,1,0.35,1,319.48,customer_outreach,76
TXN103392,CUST17500,2370.86,wallet,expired_card,regular,1,35025.96,288,2,1717,3,1,0.505,1,2370.86,alternative_payment,63
TXN103393,CUST18032,1326.39,upi,network_error,new,1,25403.0,179,4,288,1,1,0.575,0,0.0,smart_retry,71
TXN103394,CUST18492,1153.88,credit_card,authentication_failed,premium,0,4117.89,74,0,933,2,1,0.655,0,0.0,customer_outreach,55
TXN103395,CUST19565,1306.98,net_banking,network_error,regular,1,23184.47,339,0,1709,2,0,0.695,1,1306.98,smart_retry,55
TXN103396,CUST12255,1843.29,upi,authentication_failed,regular,3,10275.2,328,4,1888,5,1,0.285,0,0.0,customer_outreach,81
TXN103397,CUST17403,5963.15,credit_card,gateway_error,premium,0,13142.3,169,4,1113,2,1,0.745,0,0.0,smart_retry,71
TXN103398,CUST14902,945.54,upi,expired_card,new,3,1700.64,137,1,901,2,1,0.45,0,0.0,alternative_payment,69
TXN103399,CUST18132,2787.82,debit_card,authentication_failed,at_risk,0,8961.85,268,0,199,5,2,0.425,0,0.0,customer_outreach,50
TXN103400,CUST12985,745.68,debit_card,network_error,premium,0,11057.99,271,4,729,1,1,0.73,1,745.68,smart_retry,71
TXN103401,CUST17117,1089.33,wallet,card_declined,new,1,1608.29,296,1,1278,3,1,0.405,1,1089.33,customer_outreach,59
TXN103402,CUST18827,383.68,credit_card,expired_card,at_risk,2,4461.36,173,4,53,4,1,0.255,0,0.0,alternative_payment,76
TXN103403,CUST10371,167.85,wallet,network_error,at_risk,0,21651.36,294,1,1736,8,2,0.68,1,167.85,smart_retry,54
TXN103404,CUST11726,1607.18,net_banking,gateway_error,regular,3,3869.29,190,2,332,10,0,0.665,1,1607.18,smart_retry,73
TXN103405,CUST19179,348.54,net_banking,gateway_error,regular,1,6738.89,114,2,213,4,0,0.645,0,0.0,smart_retry,63
TXN103406,CUST15129,1828.37,wallet,authentication_failed,new,0,13909.26,238,0,1604,3,2,0.575,1,1828.37,customer_outreach,50
TXN103407,CUST15216,1549.35,debit_card,insufficient_funds,regular,0,9379.69,11,0,279,2,0,0.43,0,0.0,payment_plan,50
TXN103408,CUST19576,309.01,credit_card,card_declined,regular,2,12575.36,273,1,1776,5,2,0.435,0,0.0,alternative_payment,64
TXN103409,CUST17771,467.67,upi,insufficient_funds,regular,1,5009.69,162,2,278,2,1,0.34,0,0.0,payment_plan,63
TXN103410,CUST16989,793.5,credit_card,authentication_failed,premium,1,10754.04,272,2,1722,3,2,0.58,1,793.5,customer_outreach,68
TXN103411,CUST18765,967.09,credit_card,authentication_failed,new,1,18566.6,22,2,701,2,1,0.42,1,967.09,customer_outreach,63
TXN103412,CUST10999,1294.08,debit_card,expired_card,regular,1,25110.11,237,1,850,3,0,0.52,0,0.0,alternative_payment,59
TXN103413,CUST11141,1616.91,upi,network_error,new,0,20890.37,272,3,451,5,0,0.685,1,1616.91,smart_retry,62
TXN103414,CUST16211,675.99,net_banking,insufficient_funds,at_risk,1,11911.31,41,1,1443,3,2,0.27,1,675.99,customer_outreach,59
TXN103415,CUST18350,746.88,wallet,gateway_error,regular,0,4314.72,108,2,525,5,4,0.795,1,746.88,smart_retry,58
TXN103416,CUST10988,406.64,credit_card,network_error,regular,2,25610.33,165,3,215,4,0,0.57,1,406.64,smart_retry,72
TXN103417,CUST16008,356.13,upi,gateway_error,regular,0,13710.46,45,2,1792,5,1,0.72,0,0.0,smart_retry,58
TXN103418,CUST16321,735.11,net_banking,insufficient_funds,regular,0,17748.68,291,1,761,1,1,0.4,0,0.0,customer_outreach,54
TXN103419,CUST11895,437.1,credit_card,gateway_error,regular,0,10089.35,202,4,117,2,1,0.595,1,437.1,smart_retry,66
TXN103420,CUST12195,983.81,wallet,insufficient_funds,regular,1,7757.14,94,3,87,6,0,0.335,1,983.81,payment_plan,67
TXN103421,CUST18924,1238.54,wallet,gateway_error,at_risk,3,4158.09,333,3,869,4,0,0.385,0,0.0,smart_retry,77
TXN103422,CUST10076,301.04,upi,insufficient_funds,regular,2,1437.93,267,0,803,2,2,0.37,0,0.0,customer_outreach,60
TXN103423,CUST14201,1668.63,credit_card,network_error,regular,0,1697.15,40,0,1859,4,0,0.72,0,0.0,smart_retry,50
TXN103424,CUST11717,834.32,wallet,network_error,regular,0,50150.28,166,1,715,6,0,0.75,1,834.32,smart_retry,54
TXN103425,CUST18772,1395.54,upi,gateway_error,new,0,21405.05,22,2,284,4,0,0.71,1,1395.54,smart_retry,58
TXN103426,CUST10613,558.04,debit_card,network_error,regular,3,7713.28,1,1,1034,3,0,0.6,1,558.04,smart_retry,69
TXN103427,CUST13506,2170.91,credit_card,expired_card,premium,3,6159.35,215,1,894,3,1,0.625,1,2170.91,alternative_payment,74
TXN103428,CUST12200,652.13,wallet,card_declined,regular,2,7840.08,133,2,958,5,1,0.37,1,652.13,smart_retry,68
TXN103429,CUST18664,842.5,wallet,insufficient_funds,regular,0,15777.41,109,0,1208,1,0,0.415,0,0.0,customer_outreach,50
TXN103430,CUST19422,720.94,credit_card,gateway_error,regular,3,6211.38,134,4,1313,6,1,0.55,0,0.0,smart_retry,81
TXN103431,CUST10058,1411.76,wallet,insufficient_funds,regular,2,7360.58,275,2,1952,4,0,0.31,0,0.0,customer_outreach,68
TXN103432,CUST14417,1790.73,upi,expired_card,premium,0,5164.35,362,1,1732,5,1,0.76,1,1790.73,alternative_payment,59
TXN103433,CUST15384,2970.46,wallet,network_error,new,1,5408.6,70,3,282,6,1,0.69,1,2970.46,smart_retry,67
TXN103434,CUST17430,962.99,upi,insufficient_funds,premium,1,5501.37,218,4,1995,0,1,0.38,0,0.0,payment_plan,76
TXN103435,CUST11731,1137.6,net_banking,expired_card,new,0,3506.0,18,1,654,3,0,0.585,0,0.0,alternative_payment,54
TXN103436,CUST13412,5647.63,wallet,authentication_failed,new,2,17562.51,34,4,1040,2,2,0.33,1,5647.63,customer_outreach,76
TXN103437,CUST13367,683.38,wallet,gateway_error,regular,1,4929.27,184,4,485,1,1,0.545,0,0.0,smart_retry,71
TXN103438,CUST13834,719.59,debit_card,gateway_error,regular,2,10997.34,244,3,58,5,1,0.61,1,719.59,smart_retry,72
TXN103439,CUST14113,1127.32,credit_card,insufficient_funds,new,1,5872.04,310,0,1305,4,1,0.48,0,0.0,payment_plan,55
TXN103440,CUST15719,890.25,debit_card,authentication_failed,new,1,10914.89,215,0,411,2,1,0.5,1,890.25,customer_outreach,55
TXN103441,CUST18928,463.55,debit_card,gateway_error,premium,0,13940.64,136,1,110,1,2,0.875,1,463.55,smart_retry,59
TXN103442,CUST14292,2600.94,credit_card,network_error,new,0,2773.6,120,0,1281,7,2,0.885,1,2600.94,smart_retry,50
TXN103443,CUST10570,1774.73,upi,gateway_error,regular,1,6063.31,4,2,1582,1,0,0.6,1,1774.73,smart_retry,63
TXN103444,CUST14579,2602.95,credit_card,card_declined,premium,1,14631.85,354,3,1442,3,0,0.46,0,0.0,customer_outreach,72
TXN103445,CUST19692,2488.66,upi,card_declined,regular,1,11036.7,82,2,790,3,3,0.425,0,0.0,smart_retry,63
TXN103446,CUST19024,1474.31,credit_card,card_declined,regular,2,4385.83,316,2,232,3,0,0.315,0,0.0,alternative_payment,68
TXN103447,CUST12366,1027.77,debit_card,expired_card,regular,1,4743.4,239,0,1232,4,3,0.65,1,1027.77,alternative_payment,55
TXN103448,CUST19142,677.71,net_banking,insufficient_funds,new,5,8449.85,131,4,863,8,0,0.215,0,0.0,payment_plan,91
TXN103449,CUST13003,1098.18,debit_card,expired_card,premium,1,2467.21,254,2,1654,1,1,0.625,0,0.0,alternative_payment,68
TXN103450,CUST12361,809.0,debit_card,expired_card,premium,0,26475.18,356,1,383,4,0,0.72,1,809.0,alternative_payment,59
TXN103451,CUST16868,5804.88,credit_card,card_declined,regular,2,4651.53,319,0,102,2,1,0.405,1,5804.88,smart_retry,60
TXN103452,CUST15004,1535.61,net_banking,authentication_failed,regular,0,10899.92,353,3,470,5,0,0.405,0,0.0,customer_outreach,62
TXN103453,CUST10823,792.16,net_banking,card_declined,premium,0,5320.23,205,3,1452,0,1,0.475,0,0.0,customer_outreach,67
TXN103454,CUST12782,1801.74,credit_card,insufficient_funds,new,2,6661.09,17,4,716,6,0,0.29,0,0.0,payment_plan,76
TXN103455,CUST16404,928.42,net_banking,network_error,premium,0,5171.33,293,2,432,3,0,0.815,1,928.42,smart_retry,63
TXN103456,CUST16705,473.8,wallet,authentication_failed,premium,2,4614.55,174,3,1004,3,0,0.455,1,473.8,customer_outreach,77
TXN103457,CUST19910,807.94,upi,card_declined,premium,1,22888.86,254,1,309,3,3,0.615,1,807.94,customer_outreach,64
TXN103458,CUST15464,1639.96,wallet,card_declined,premium,1,11993.41,237,1,1290,6,2,0.635,0,0.0,customer_outreach,64
TXN103459,CUST17560,468.06,credit_card,insufficient_funds,new,3,15562.34,18,3,381,4,1,0.29,1,468.06,payment_plan,77
TXN103460,CUST11532,3855.66,credit_card,insufficient_funds,regular,1,4040.03,195,4,114,5,0,0.28,0,0.0,customer_outreach,71
TXN103461,CUST11238,671.26,net_banking,gateway_error,premium,1,982.71,62,0,1677,3,5,0.92,1,671.26,smart_retry,60
TXN103462,CUST14159,540.48,upi,network_error,new,0,17671.88,209,0,1045,5,2,0.855,1,540.48,smart_retry,50
TXN103463,CUST11817,494.21,wallet,insufficient_funds,regular,4,4204.87,36,3,1738,7,0,0.245,0,0.0,payment_plan,82
TXN103464,CUST17451,1520.92,upi,expired_card,regular,1,2633.38,28,1,1719,2,2,0.555,1,1520.92,alternative_payment,59
TXN103465,CUST13695,493.08,upi,expired_card,new,2,73572.59,68,1,768,2,1,0.525,1,493.08,alternative_payment,64
TXN103466,CUST12362,594.88,credit_card,network_error,regular,1,7453.61,74,2,400,5,1,0.685,1,594.88,smart_retry,63
TXN103467,CUST13517,1928.63,wallet,expired_card,new,0,5699.25,73,0,1224,4,3,0.715,1,1928.63,alternative_payment,50
TXN103468,CUST14449,392.43,upi,network_error,new,2,33792.67,243,1,799,5,0,0.695,0,0.0,smart_retry,64
TXN103469,CUST10370,1791.95,debit_card,network_error,regular,2,8731.72,329,2,676,6,1,0.665,1,1791.95,smart_retry,68
TXN103470,CUST11546,2516.48,debit_card,insufficient_funds,regular,2,6636.62,41,3,1264,2,0,0.24,0,0.0,customer_outreach,72
TXN103471,CUST19129,544.33,credit_card,network_error,premium,3,6690.55,177,2,1226,6,0,0.755,1,544.33,smart_retry,78
TXN103472,CUST18848,1579.87,upi,card_declined,regular,0,37589.84,68,0,247,6,1,0.535,1,1579.87,alternative_payment,50
TXN103473,CUST11809,354.15,upi,authentication_failed,regular,1,20135.65,47,1,1679,6,0,0.465,1,354.15,customer_outreach,59
TXN103474,CUST17042,1222.0,wallet,gateway_error,at_risk,1,11235.03,360,2,1530,5,0,0.51,1,1222.0,smart_retry,63
TXN103475,CUST19939,1750.86,wallet,gateway_error,regular,1,1645.97,285,3,1650,6,0,0.595,1,1750.86,smart_retry,67
TXN103476,CUST18416,708.63,net_banking,insufficient_funds,regular,4,16315.11,195,0,1889,3,0,0.305,0,0.0,payment_plan,70
TXN103477,CUST18195,1057.86,wallet,expired_card,regular,1,3571.05,133,0,1076,2,0,0.545,0,0.0,alternative_payment,55
TXN103478,CUST13780,838.33,net_banking,network_error,regular,0,12258.03,46,4,254,5,0,0.615,1,838.33,smart_retry,66
TXN103479,CUST19369,553.11,credit_card,gateway_error,regular,3,12068.41,291,1,205,7,2,0.71,0,0.0,smart_retry,69
TXN103480,CUST17162,669.11,upi,card_declined,premium,1,14576.31,293,4,1941,4,0,0.435,1,669.11,customer_outreach,76
TXN103481,CUST13303,1685.85,net_banking,authentication_failed,at_risk,1,2834.15,321,1,1737,3,2,0.32,0,0.0,customer_outreach,59
TXN103482,CUST13233,777.05,upi,insufficient_funds,regular,1,4969.94,138,4,925,5,0,0.28,0,0.0,customer_outreach,71
TXN103483,CUST17357,2696.92,credit_card,authentication_failed,regular,2,20538.24,115,4,1110,2,0,0.25,1,2696.92,customer_outreach,76
TXN103484,CUST16721,1527.44,upi,expired_card,regular,0,13477.32,76,0,374,7,0,0.655,1,1527.44,alternative_payment,50
TXN103485,CUST11080,398.71,debit_card,insufficient_funds,new,0,14637.18,252,1,1804,2,0,0.42,1,398.71,payment_plan,54
TXN103486,CUST15886,1418.2,upi,card_declined,new,0,28247.56,112,0,154,4,1,0.535,1,1418.2,smart_retry,50
TXN103487,CUST10297,1536.84,wallet,authentication_failed,regular,1,9411.04,150,3,958,6,1,0.41,0,0.0,customer_outreach,67
TXN103488,CUST13920,963.73,wallet,card_declined,regular,1,2069.92,2,4,1097,8,2,0.395,0,0.0,alternative_payment,71
TXN103489,CUST19308,3985.53,credit_card,card_declined,regular,0,8751.38,208,0,77,3,0,0.465,1,3985.53,alternative_payment,50
TXN103490,CUST11512,1147.79,net_banking,authentication_failed,new,0,3585.8,322,1,1710,2,1,0.495,1,1147.79,customer_outreach,54
TXN103491,CUST13851,501.14,debit_card,network_error,regular,3,12114.76,234,4,1408,4,0,0.495,1,501.14,smart_retry,81
TXN103492,CUST18715,625.51,wallet,network_error,regular,0,17280.35,317,0,825,2,2,0.78,1,625.51,smart_retry,50
TXN103493,CUST10145,793.69,wallet,network_error,regular,1,55989.33,279,0,1960,6,1,0.78,1,793.69,smart_retry,55
TXN103494,CUST18972,4019.3,net_banking,gateway_error,at_risk,1,14621.5,199,1,113,3,1,0.545,0,0.0,smart_retry,59
TXN103495,CUST10830,548.19,credit_card,authentication_failed,new,0,7405.57,302,4,597,5,2,0.445,0,0.0,customer_outreach,66
TXN103496,CUST13590,1567.16,debit_card,gateway_error,premium,2,7775.28,50,1,1981,1,0,0.755,1,1567.16,smart_retry,69
TXN103497,CUST17301,1523.86,credit_card,card_declined,regular,1,18644.98,44,2,219,3,1,0.375,1,1523.86,alternative_payment,63
TXN103498,CUST19898,2272.04,wallet,network_error,regular,1,7268.72,133,2,1056,3,0,0.63,1,2272.04,smart_retry,63
TXN103499,CUST12318,557.8,wallet,expired_card,regular,1,4971.06,10,1,1332,3,0,0.52,0,0.0,alternative_payment,59
TXN103500,CUST14256,1578.53,credit_card,card_declined,regular,1,8867.69,166,1,598,3,3,0.465,1,1578.53,customer_outreach,59
TXN103501,CUST16735,1009.91,credit_card,gateway_error,regular,0,7075.98,295,4,1253,4,1,0.625,1,1009.91,smart_retry,66
TXN103502,CUST14102,1838.04,upi,authentication_failed,new,0,7171.75,140,3,914,2,2,0.44,1,1838.04,customer_outreach,62
TXN103503,CUST17235,467.82,debit_card,network_error,premium,4,4773.75,30,4,312,4,2,0.66,1,467.82,smart_retry,91
TXN103504,CUST14374,1890.32,credit_card,insufficient_funds,new,2,5704.74,277,0,1440,2,0,0.39,0,0.0,payment_plan,60
TXN103505,CUST12257,505.37,debit_card,authentication_failed,regular,2,8475.79,148,0,335,3,2,0.475,0,0.0,customer_outreach,60
TXN103506,CUST16407,1730.68,debit_card,card_declined,regular,2,5741.62,257,0,1047,6,1,0.465,0,0.0,customer_outreach,60
TXN103507,CUST15320,2950.47,debit_card,gateway_error,regular,1,4560.3,184,1,872,13,2,0.825,1,2950.47,smart_retry,59
TXN103508,CUST15104,536.32,debit_card,insufficient_funds,regular,0,5430.44,233,0,47,1,2,0.465,1,536.32,customer_outreach,50
TXN103509,CUST11428,782.71,debit_card,authentication_failed,premium,1,19882.08,287,1,1159,3,1,0.595,0,0.0,customer_outreach,64
TXN103510,CUST15439,348.22,credit_card,authentication_failed,premium,0,4800.31,215,0,1316,4,0,0.66,1,348.22,customer_outreach,55
TXN103511,CUST12894,1274.19,upi,expired_card,regular,0,16412.74,147,3,264,5,1,0.53,1,1274.19,alternative_payment,62
TXN103512,CUST10519,357.65,credit_card,gateway_error,regular,1,3056.58,113,0,571,3,1,0.735,0,0.0,smart_retry,55
TXN103513,CUST16987,803.18,net_banking,card_declined,premium,1,12364.73,66,4,526,3,0,0.42,0,0.0,customer_outreach,76
TXN103514,CUST18558,968.67,debit_card,gateway_error,premium,1,10631.62,46,1,440,5,0,0.85,0,0.0,smart_retry,64
TXN103515,CUST12083,1802.51,wallet,network_error,at_risk,1,13338.74,322,3,170,5,0,0.47,0,0.0,smart_retry,67
TXN103516,CUST15748,242.95,credit_card,insufficient_funds,premium,3,8317.06,136,4,1494,7,0,0.39,1,242.95,customer_outreach,86
TXN103517,CUST10188,4207.21,net_banking,network_error,regular,0,6845.64,167,1,1987,2,1,0.715,1,4207.21,smart_retry,54
TXN103518,CUST14236,711.52,upi,gateway_error,new,4,12803.62,157,1,1860,2,1,0.605,1,711.52,smart_retry,74
TXN103519,CUST12364,1042.75,net_banking,gateway_error,at_risk,0,5642.5,325,2,814,3,0,0.515,0,0.0,smart_retry,58
TXN103520,CUST10412,1374.32,credit_card,authentication_failed,premium,0,10183.63,122,0,779,6,1,0.715,1,1374.32,customer_outreach,55
TXN103521,CUST18179,1416.97,debit_card,network_error,regular,0,7636.71,77,2,511,5,0,0.695,0,0.0,smart_retry,58
TXN103522,CUST15729,1307.54,wallet,gateway_error,premium,1,5264.1,210,4,376,4,1,0.74,0,0.0,smart_retry,76
TXN103523,CUST12673,536.97,upi,card_declined,new,1,40775.48,65,3,1398,4,2,0.405,0,0.0,smart_retry,67
TXN103524,CUST16459,2024.1,net_banking,card_declined,regular,2,7963.35,215,3,1944,3,0,0.275,0,0.0,human_escalation,72
TXN103525,CUST15752,446.44,net_banking,insufficient_funds,new,0,4119.01,142,0,1988,5,0,0.505,0,0.0,customer_outreach,50
TXN103526,CUST16697,886.02,wallet,gateway_error,regular,2,5418.88,139,4,630,4,2,0.58,0,0.0,smart_retry,76
TXN103527,CUST17754,357.24,net_banking,card_declined,regular,4,6312.7,297,0,1338,3,1,0.35,0,0.0,smart_retry,70
TXN103528,CUST15924,1052.99,credit_card,card_declined,regular,1,9070.66,56,4,651,1,0,0.24,0,0.0,human_escalation,71
TXN103529,CUST18201,1123.39,wallet,gateway_error,at_risk,0,8329.28,75,1,511,2,0,0.54,1,1123.39,smart_retry,54
TXN103530,CUST15131,298.68,upi,insufficient_funds,regular,1,6775.44,158,3,1829,3,0,0.29,0,0.0,customer_outreach,67
TXN103531,CUST18973,2492.88,debit_card,card_declined,regular,1,2748.48,173,3,1757,3,0,0.31,0,0.0,customer_outreach,67
TXN103532,CUST19905,1151.1,upi,insufficient_funds,regular,3,3012.33,295,1,65,4,1,0.34,1,1151.1,customer_outreach,69
TXN103533,CUST14528,2556.56,upi,network_error,new,2,3794.43,64,0,1403,5,1,0.76,1,2556.56,smart_retry,60
TXN103534,CUST18078,1468.62,debit_card,authentication_failed,regular,1,5585.75,272,1,979,2,1,0.43,1,1468.62,customer_outreach,59
TXN103535,CUST14080,1075.71,credit_card,network_error,regular,0,3712.45,158,1,720,6,0,0.75,1,1075.71,smart_retry,54
TXN103536,CUST19613,1178.62,upi,authentication_failed,new,4,12099.98,258,1,1512,3,0,0.345,0,0.0,customer_outreach,74
TXN103537,CUST11061,646.73,wallet,authentication_failed,regular,1,5883.39,215,4,77,1,0,0.27,1,646.73,customer_outreach,71
TXN103538,CUST16638,1325.04,net_banking,expired_card,new,1,10201.49,10,2,1764,4,0,0.525,1,1325.04,alternative_payment,63
TXN103539,CUST11611,676.79,credit_card,card_declined,regular,3,16759.04,83,2,666,0,2,0.285,0,0.0,human_escalation,73
TXN103540,CUST13212,1362.95,upi,card_declined,new,2,11663.57,96,1,1797,3,0,0.385,1,1362.95,smart_retry,64
TXN103541,CUST11940,1148.19,net_banking,card_declined,regular,2,8698.0,271,3,38,4,0,0.29,0,0.0,human_escalation,72
TXN103542,CUST13927,509.79,net_banking,insufficient_funds,premium,0,7750.1,329,4,818,8,0,0.51,0,0.0,payment_plan,71
TXN103543,CUST10957,834.73,debit_card,insufficient_funds,premium,0,35951.83,358,1,245,4,3,0.645,1,834.73,customer_outreach,59
TXN103544,CUST19023,1192.26,wallet,authentication_failed,regular,1,1548.8,26,0,213,3,0,0.42,1,1192.26,customer_outreach,55
TXN103545,CUST14522,1750.42,credit_card,card_declined,regular,2,31784.82,244,0,522,6,1,0.465,1,1750.42,smart_retry,60
TXN103546,CUST18132,795.61,credit_card,authentication_failed,new,3,5383.64,334,4,879,7,0,0.32,1,795.61,customer_outreach,81
TXN103547,CUST10746,2047.16,credit_card,network_error,new,2,27441.32,80,2,1430,5,2,0.705,1,2047.16,smart_retry,68
TXN103548,CUST10834,1636.29,wallet,expired_card,premium,1,12868.3,332,2,1761,5,0,0.66,0,0.0,alternative_payment,68
TXN103549,CUST17645,720.47,wallet,expired_card,new,1,2830.66,5,0,187,5,1,0.645,1,720.47,alternative_payment,55
TXN103550,CUST13375,4167.77,net_banking,expired_card,regular,1,21304.14,272,1,1476,3,2,0.57,1,4167.77,alternative_payment,59
TXN103551,CUST11955,1044.07,credit_card,gateway_error,at_risk,0,3547.72,286,4,1414,6,0,0.48,0,0.0,smart_retry,66
TXN103552,CUST17268,1330.62,wallet,network_error,premium,3,2425.12,71,3,1256,4,0,0.685,1,1330.62,smart_retry,82
TXN103553,CUST10921,1231.51,debit_card,gateway_error,premium,3,2912.67,213,0,903,9,0,0.88,1,1231.51,smart_retry,70
TXN103554,CUST10450,2080.87,wallet,network_error,regular,1,14834.47,316,3,1739,5,2,0.67,1,2080.87,smart_retry,67
TXN103555,CUST12533,1021.7,debit_card,insufficient_funds,regular,1,17060.05,302,3,544,5,0,0.32,0,0.0,customer_outreach,67
TXN103556,CUST18034,1243.89,credit_card,authentication_failed,regular,0,23251.69,174,1,112,2,3,0.515,0,0.0,customer_outreach,54
TXN103557,CUST17330,1301.56,net_banking,authentication_failed,new,1,11284.5,4,1,1664,4,1,0.49,1,1301.56,customer_outreach,59
TXN103558,CUST14698,1518.96,wallet,card_declined,regular,4,4267.39,282,2,1636,3,0,0.245,0,0.0,human_escalation,78
TXN103559,CUST15765,2048.71,net_banking,authentication_failed,premium,0,66075.13,87,2,1400,5,0,0.595,0,0.0,customer_outreach,63
TXN103560,CUST14803,500.95,debit_card,insufficient_funds,regular,2,10572.77,203,1,362,2,2,0.37,0,0.0,payment_plan,64
TXN103561,CUST16401,498.62,wallet,card_declined,new,3,6851.01,197,4,1399,3,1,0.255,1,498.62,human_escalation,81
TXN103562,CUST16265,960.59,wallet,expired_card,new,0,3321.06,133,3,1394,4,0,0.52,0,0.0,alternative_payment,62
TXN103563,CUST17735,3332.47,credit_card,gateway_error,new,1,2760.24,350,2,165,3,1,0.685,1,3332.47,smart_retry,63
TXN103564,CUST17158,985.86,wallet,network_error,premium,3,16657.48,296,2,1457,4,1,0.75,1,985.86,smart_retry,78
TXN103565,CUST12327,612.84,credit_card,expired_card,premium,0,11736.53,60,3,1862,1,0,0.595,1,612.84,alternative_payment,67
TXN103566,CUST14885,166.85,debit_card,gateway_error,premium,1,7691.64,246,0,475,3,0,0.86,0,0.0,smart_retry,60
TXN103567,CUST13237,637.52,upi,card_declined,at_risk,3,11731.82,333,4,1600,2,0,0.05,0,0.0,human_escalation,81
TXN103568,CUST14227,2132.47,debit_card,expired_card,new,1,6888.93,360,0,1299,3,0,0.59,1,2132.47,alternative_payment,55
TXN103569,CUST18817,2218.32,debit_card,authentication_failed,premium,0,3978.1,278,2,1060,5,1,0.62,0,0.0,customer_outreach,63
TXN103570,CUST11080,3320.3,debit_card,card_declined,premium,3,55262.73,55,3,1260,2,2,0.425,1,3320.3,customer_outreach,82
TXN103571,CUST11222,1383.3,credit_card,expired_card,new,0,14279.1,24,1,236,7,1,0.67,1,1383.3,alternative_payment,54
TXN103572,CUST16034,2367.14,credit_card,gateway_error,regular,2,12985.32,187,4,824,4,2,0.58,1,2367.14,smart_retry,76
TXN103573,CUST14764,747.08,net_banking,network_error,new,1,8254.58,119,4,1796,2,0,0.565,0,0.0,smart_retry,71
TXN103574,CUST15406,1146.51,debit_card,expired_card,regular,1,7095.08,48,0,697,4,0,0.575,0,0.0,alternative_payment,55
TXN103575,CUST10279,1159.38,credit_card,expired_card,at_risk,1,4673.2,216,2,1604,2,0,0.315,0,0.0,alternative_payment,63
TXN103576,CUST12547,1440.01,net_banking,authentication_failed,new,2,8426.73,300,3,1782,3,0,0.335,0,0.0,customer_outreach,72
TXN103577,CUST12003,931.48,upi,gateway_error,regular,0,3288.36,173,2,1554,1,4,0.735,1,931.48,smart_retry,58
TXN103578,CUST11821,343.97,debit_card,authentication_failed,new,2,25347.33,230,3,704,2,5,0.42,0,0.0,customer_outreach,72
TXN103579,CUST11613,591.87,debit_card,insufficient_funds,regular,2,3654.09,289,3,1067,4,0,0.27,0,0.0,payment_plan,72
TXN103580,CUST15592,897.47,upi,expired_card,regular,1,5299.8,328,0,1591,7,0,0.62,1,897.47,alternative_payment,55
TXN103581,CUST19806,2625.26,net_banking,insufficient_funds,regular,2,11065.97,197,0,344,5,1,0.43,0,0.0,customer_outreach,60
TXN103582,CUST14795,1971.11,net_banking,network_error,new,2,20085.06,190,2,895,3,1,0.65,1,1971.11,smart_retry,68
TXN103583,CUST17578,1364.13,net_banking,insufficient_funds,premium,4,16256.42,34,3,238,4,1,0.375,1,1364.13,payment_plan,87
TXN103584,CUST17547,2274.72,debit_card,card_declined,new,1,39506.92,238,0,770,6,0,0.505,1,2274.72,customer_outreach,55
TXN103585,CUST14318,2811.02,net_banking,authentication_failed,at_risk,0,4140.04,118,3,1391,5,1,0.28,0,0.0,customer_outreach,62
TXN103586,CUST11002,982.1,debit_card,card_declined,regular,1,14390.79,158,1,1115,1,1,0.385,0,0.0,smart_retry,59
TXN103587,CUST13042,735.09,net_banking,expired_card,new,1,8418.63,155,4,1763,6,0,0.475,0,0.0,alternative_payment,71
TXN103588,CUST15313,1277.85,net_banking,network_error,regular,1,12047.39,26,1,1182,4,0,0.685,1,1277.85,smart_retry,59
TXN103589,CUST12830,5063.65,upi,expired_card,new,0,9523.13,202,4,854,2,0,0.45,0,0.0,alternative_payment,66
TXN103590,CUST12416,1405.46,net_banking,insufficient_funds,regular,4,2561.11,154,0,948,6,0,0.35,0,0.0,customer_outreach,70
TXN103591,CUST17022,2442.24,upi,insufficient_funds,premium,1,3032.3,335,3,1429,4,2,0.505,0,0.0,payment_plan,72
TXN103592,CUST12356,1373.96,net_banking,card_declined,new,1,25522.43,362,1,1961,3,1,0.445,0,0.0,customer_outreach,59
TXN103593,CUST13411,1687.52,wallet,gateway_error,regular,1,4472.89,355,1,763,2,1,0.68,1,1687.52,smart_retry,59
TXN103594,CUST19891,1563.29,debit_card,insufficient_funds,new,1,5769.16,221,4,1741,7,0,0.34,0,0.0,customer_outreach,71
TXN103595,CUST19951,1313.87,credit_card,gateway_error,new,1,14668.69,356,0,1662,4,3,0.83,0,0.0,smart_retry,55
TXN103596,CUST14313,1426.65,wallet,authentication_failed,at_risk,2,10737.82,303,1,391,3,1,0.26,0,0.0,customer_outreach,64
TXN103597,CUST10942,527.62,upi,expired_card,new,3,5279.02,133,0,740,0,2,0.525,1,527.62,alternative_payment,65
TXN103598,CUST10416,615.69,wallet,authentication_failed,new,1,4740.61,243,1,1213,9,1,0.565,0,0.0,customer_outreach,59
TXN103599,CUST16850,263.7,credit_card,expired_card,regular,2,8234.25,231,3,1978,2,0,0.39,0,0.0,alternative_payment,72
TXN103600,CUST14216,4633.82,credit_card,expired_card,regular,1,13910.33,336,2,872,3,0,0.48,0,0.0,alternative_payment,63
TXN103601,CUST17376,650.01,credit_card,network_error,regular,0,22004.83,305,3,1053,3,2,0.675,1,650.01,smart_retry,62
TXN103602,CUST15554,1488.43,upi,expired_card,regular,1,4864.93,40,4,1472,5,1,0.455,1,1488.43,alternative_payment,71
TXN103603,CUST10452,602.59,debit_card,authentication_failed,regular,3,27648.22,93,3,460,3,1,0.295,0,0.0,customer_outreach,77
TXN103604,CUST16593,1201.5,debit_card,gateway_error,new,2,5580.29,93,0,1476,2,0,0.69,0,0.0,smart_retry,60
TXN103605,CUST12884,1658.42,debit_card,network_error,premium,1,1134.08,53,0,1589,1,0,0.79,0,0.0,smart_retry,60
TXN103606,CUST11228,881.74,net_banking,expired_card,regular,0,30545.4,251,3,1272,3,1,0.5,1,881.74,alternative_payment,62
TXN103607,CUST11977,1263.29,net_banking,card_declined,regular,2,6280.02,30,2,352,2,0,0.3,1,1263.29,alternative_payment,68
TXN103608,CUST18899,571.95,upi,card_declined,regular,1,11769.24,283,3,1211,6,0,0.355,0,0.0,alternative_payment,67
TXN103609,CUST13812,1238.55,credit_card,expired_card,regular,0,10767.58,54,3,1986,5,1,0.53,1,1238.55,alternative_payment,62
TXN103610,CUST19479,2946.56,credit_card,insufficient_funds,regular,4,23073.03,92,1,90,5,1,0.32,0,0.0,payment_plan,74
TXN103611,CUST16770,1475.93,wallet,authentication_failed,premium,1,15813.61,137,1,1419,1,0,0.54,1,1475.93,customer_outreach,64
TXN103612,CUST16512,2385.98,upi,gateway_error,new,0,6474.75,32,3,1148,3,0,0.655,0,0.0,smart_retry,62
TXN103613,CUST10414,2731.96,credit_card,gateway_error,regular,2,4231.23,10,1,1681,1,1,0.63,1,2731.96,smart_retry,64
TXN103614,CUST11317,1131.11,net_banking,insufficient_funds,regular,1,4185.46,21,2,1433,8,1,0.43,1,1131.11,payment_plan,63
TXN103615,CUST10539,1369.94,upi,authentication_failed,regular,1,4094.14,95,3,1740,6,1,0.41,1,1369.94,customer_outreach,67
TXN103616,CUST17517,456.83,debit_card,expired_card,at_risk,1,11908.2,193,4,488,4,0,0.265,0,0.0,alternative_payment,71
TXN103617,CUST11853,821.23,net_banking,insufficient_funds,regular,2,5484.66,228,3,524,2,2,0.29,0,0.0,payment_plan,72
TXN103618,CUST18846,1806.19,debit_card,authentication_failed,premium,1,5534.96,204,2,562,5,2,0.61,1,1806.19,customer_outreach,68
TXN103619,CUST10997,355.54,debit_card,expired_card,regular,2,5362.14,314,4,695,3,0,0.365,0,0.0,alternative_payment,76
TXN103620,CUST11781,605.26,wallet,insufficient_funds,new,1,2847.45,116,1,976,3,0,0.4,1,605.26,payment_plan,59
TXN103621,CUST18081,1196.93,debit_card,authentication_failed,new,0,19500.41,82,4,271,3,0,0.365,1,1196.93,customer_outreach,66
TXN103622,CUST16350,975.06,debit_card,expired_card,regular,0,4376.28,153,4,1703,4,2,0.5,1,975.06,alternative_payment,66
TXN103623,CUST17032,2457.94,credit_card,insufficient_funds,new,1,12092.87,215,3,839,6,1,0.39,1,2457.94,customer_outreach,67
TXN103624,CUST12812,459.74,net_banking,insufficient_funds,regular,0,2858.18,156,2,450,3,1,0.39,1,459.74,customer_outreach,58
TXN103625,CUST14338,1073.7,wallet,network_error,regular,1,1940.85,192,0,957,8,0,0.745,0,0.0,smart_retry,55
TXN103626,CUST10009,3700.51,wallet,authentication_failed,regular,1,14433.69,2,3,1562,2,0,0.325,1,3700.51,customer_outreach,67
TXN103627,CUST18112,1240.38,upi,gateway_error,new,2,13275.66,12,1,121,4,2,0.73,1,1240.38,smart_retry,64
TXN103628,CUST18939,1414.36,credit_card,network_error,new,0,1990.08,53,4,1995,3,1,0.6,1,1414.36,smart_retry,66
TXN103629,CUST12814,742.74,wallet,card_declined,regular,2,10614.47,40,2,1620,9,1,0.43,0,0.0,customer_outreach,68
TXN103630,CUST13902,882.47,wallet,card_declined,regular,1,4000.51,278,4,1901,5,2,0.35,0,0.0,smart_retry,71
TXN103631,CUST19581,939.73,debit_card,insufficient_funds,new,2,6257.18,179,1,536,2,1,0.375,0,0.0,payment_plan,64
TXN103632,CUST12839,469.58,credit_card,insufficient_funds,regular,3,11958.36,35,0,345,6,1,0.41,1,469.58,customer_outreach,65
TXN103633,CUST15429,1079.97,upi,card_declined,premium,0,11315.05,116,2,610,3,0,0.535,1,1079.97,customer_outreach,63
TXN103634,CUST15383,4315.26,credit_card,insufficient_funds,new,2,33324.09,298,4,1695,4,0,0.26,1,4315.26,customer_outreach,76
TXN103635,CUST13410,1329.81,wallet,insufficient_funds,new,0,2314.86,126,1,1822,2,1,0.445,0,0.0,payment_plan,54
TXN103636,CUST14825,4364.96,debit_card,gateway_error,at_risk,0,3877.86,304,3,300,2,1,0.485,1,4364.96,smart_retry,62
TXN103637,CUST10118,1422.62,wallet,card_declined,regular,1,5792.93,276,1,280,2,0,0.375,0,0.0,smart_retry,59
TXN103638,CUST14414,397.81,upi,card_declined,regular,3,7369.72,297,0,939,3,1,0.385,0,0.0,customer_outreach,65
TXN103639,CUST19804,3508.22,net_banking,expired_card,at_risk,0,4838.25,314,4,1289,4,3,0.375,0,0.0,alternative_payment,66
TXN103640,CUST12193,1929.14,credit_card,card_declined,premium,2,13029.03,255,3,435,7,2,0.535,0,0.0,customer_outreach,77
TXN103641,CUST11232,1653.86,net_banking,gateway_error,regular,3,7287.86,191,2,357,2,3,0.62,1,1653.86,smart_retry,73
TXN103642,CUST11074,896.13,credit_card,gateway_error,regular,0,11134.78,138,0,1189,5,2,0.825,1,896.13,smart_retry,50
TXN103643,CUST13328,689.05,net_banking,expired_card,regular,1,13080.97,51,4,301,3,1,0.425,1,689.05,alternative_payment,71
TXN103644,CUST12962,755.95,net_banking,gateway_error,premium,3,10154.79,118,0,1016,2,1,0.8,0,0.0,smart_retry,70
TXN103645,CUST16101,1393.07,debit_card,network_error,regular,1,1231.1,217,2,999,1,0,0.56,1,1393.07,smart_retry,63
TXN103646,CUST15218,2442.12,debit_card,network_error,new,2,12203.98,323,3,545,6,2,0.68,1,2442.12,smart_retry,72
TXN103647,CUST16276,1605.75,credit_card,insufficient_funds,new,0,11653.09,318,3,276,1,1,0.35,0,0.0,customer_outreach,62
TXN103648,CUST13744,698.21,credit_card,card_declined,regular,0,21297.74,82,4,1878,6,2,0.4,1,698.21,customer_outreach,66
TXN103649,CUST15167,984.75,debit_card,expired_card,premium,0,69884.5,86,0,158,6,0,0.79,0,0.0,alternative_payment,55
TXN103650,CUST15797,1567.3,debit_card,expired_card,regular,1,4536.45,163,0,584,6,1,0.63,0,0.0,alternative_payment,55
TXN103651,CUST13438,509.59,debit_card,card_declined,regular,0,2091.65,54,2,516,2,1,0.395,1,509.59,alternative_payment,58
TXN103652,CUST10808,956.91,wallet,gateway_error,regular,1,5865.34,303,3,1336,6,2,0.685,0,0.0,smart_retry,67
TXN103653,CUST12288,2161.71,upi,gateway_error,regular,0,20517.76,65,2,1448,4,0,0.68,1,2161.71,smart_retry,58
TXN103654,CUST14117,826.76,debit_card,insufficient_funds,at_risk,1,17814.65,257,4,513,1,3,0.145,0,0.0,customer_outreach,71
TXN103655,CUST15264,1132.24,wallet,card_declined,regular,0,20528.96,4,2,1610,2,0,0.37,0,0.0,alternative_payment,58
TXN103656,CUST17915,968.65,net_banking,card_declined,regular,3,6482.78,325,3,1728,1,0,0.21,1,968.65,human_escalation,77
TXN103657,CUST19413,1288.18,debit_card,insufficient_funds,new,0,3183.43,88,4,1237,1,1,0.31,0,0.0,customer_outreach,66
TXN103658,CUST15804,2928.74,credit_card,expired_card,new,2,3153.4,30,1,726,6,0,0.56,0,0.0,alternative_payment,64
TXN103659,CUST17655,2629.99,wallet,network_error,regular,2,5143.79,222,2,147,4,1,0.635,0,0.0,smart_retry,68
TXN103660,CUST18515,892.06,upi,network_error,regular,1,11372.37,184,4,1116,7,0,0.61,0,0.0,smart_retry,71
TXN103661,CUST13147,602.85,wallet,insufficient_funds,at_risk,1,48953.19,165,3,1485,0,0,0.095,0,0.0,customer_outreach,67
TXN103662,CUST12211,1364.62,net_banking,insufficient_funds,premium,0,10861.93,261,2,844,3,1,0.54,1,1364.62,customer_outreach,63
TXN103663,CUST12053,2023.18,wallet,insufficient_funds,regular,1,7163.57,111,2,1539,5,0,0.36,1,2023.18,customer_outreach,63
TXN103664,CUST11313,2277.91,wallet,gateway_error,regular,1,2448.46,82,1,405,4,1,0.71,1,2277.91,smart_retry,59
TXN103665,CUST15740,800.31,credit_card,card_declined,regular,2,11627.15,181,3,374,2,0,0.26,1,800.31,human_escalation,72
TXN103666,CUST14913,690.52,net_banking,insufficient_funds,regular,0,3217.56,97,4,1587,4,0,0.3,1,690.52,customer_outreach,66
TXN103667,CUST12953,675.08,credit_card,card_declined,new,1,30754.61,87,1,533,8,0,0.495,0,0.0,customer_outreach,59
TXN103668,CUST11428,988.72,upi,authentication_failed,regular,1,7767.07,305,0,1643,1,0,0.43,0,0.0,customer_outreach,55
TXN103669,CUST10220,1035.24,wallet,network_error,regular,3,19146.21,202,1,1732,4,1,0.64,1,1035.24,smart_retry,69
TXN103670,CUST17264,1803.76,credit_card,insufficient_funds,regular,5,20229.6,1,2,1911,1,0,0.16,0,0.0,customer_outreach,83
TXN103671,CUST10862,879.83,wallet,expired_card,regular,0,5627.41,95,0,1007,3,2,0.645,0,0.0,alternative_payment,50
TXN103672,CUST14670,804.86,credit_card,card_declined,new,1,9171.04,315,0,132,7,2,0.57,1,804.86,alternative_payment,55
TXN103673,CUST11382,848.1,wallet,insufficient_funds,regular,0,5694.11,103,4,1298,5,0,0.315,0,0.0,payment_plan,66
TXN103674,CUST12203,610.25,debit_card,expired_card,new,0,20349.75,48,0,1974,2,2,0.66,0,0.0,alternative_payment,50
TXN103675,CUST19697,541.51,debit_card,gateway_error,new,2,3253.17,356,0,889,3,2,0.755,0,0.0,smart_retry,60
TXN103676,CUST10348,1205.48,wallet,insufficient_funds,regular,2,5924.61,338,0,686,2,1,0.385,0,0.0,customer_outreach,60
TXN103677,CUST14603,433.71,net_banking,card_declined,at_risk,1,9263.67,215,0,1000,1,1,0.275,0,0.0,human_escalation,55
TXN103678,CUST17142,267.21,debit_card,gateway_error,regular,3,9756.26,363,4,1490,5,1,0.535,0,0.0,smart_retry,81
TXN103679,CUST15799,898.14,credit_card,card_declined,regular,1,19879.26,117,3,385,2,1,0.32,0,0.0,smart_retry,67
TXN103680,CUST14446,1827.99,net_banking,card_declined,regular,0,8606.15,218,1,1785,8,1,0.525,1,1827.99,smart_retry,54
TXN103681,CUST11823,2064.37,debit_card,insufficient_funds,new,1,3774.92,59,0,1346,4,2,0.505,1,2064.37,customer_outreach,55
TXN103682,CUST14638,583.46,credit_card,gateway_error,regular,2,4624.28,103,0,826,4,1,0.715,1,583.46,smart_retry,60
TXN103683,CUST15717,1649.3,upi,expired_card,premium,2,19577.43,101,3,395,2,1,0.565,1,1649.3,alternative_payment,77
TXN103684,CUST17600,3589.78,net_banking,network_error,new,3,3521.05,268,2,1006,5,2,0.67,1,3589.78,smart_retry,73
TXN103685,CUST16884,519.94,credit_card,gateway_error,new,3,3627.51,107,2,1267,4,2,0.655,1,519.94,smart_retry,73
TXN103686,CUST14789,2412.33,debit_card,authentication_failed,at_risk,1,5321.8,143,3,1686,4,2,0.255,0,0.0,customer_outreach,67
TXN103687,CUST11138,755.15,net_banking,expired_card,new,1,4498.62,52,4,1157,5,1,0.485,0,0.0,alternative_payment,71
TXN103688,CUST17231,483.04,credit_card,card_declined,new,2,2268.75,254,4,1290,4,1,0.305,0,0.0,alternative_payment,76
TXN103689,CUST13093,1199.08,debit_card,expired_card,regular,1,4457.54,22,1,617,3,0,0.52,1,1199.08,alternative_payment,59
TXN103690,CUST19180,4558.24,debit_card,gateway_error,regular,1,6208.82,137,0,1604,6,1,0.78,1,4558.24,smart_retry,55
TXN103691,CUST18129,328.59,debit_card,insufficient_funds,regular,1,13757.27,220,2,1660,7,1,0.415,1,328.59,payment_plan,63
TXN103692,CUST18208,1485.55,net_banking,authentication_failed,regular,0,18740.54,292,0,368,3,0,0.495,1,1485.55,customer_outreach,50
TXN103693,CUST15880,3019.59,upi,authentication_failed,regular,0,6145.72,116,3,1754,2,0,0.36,0,0.0,customer_outreach,62
TXN103694,CUST12241,2872.08,net_banking,authentication_failed,regular,0,7676.13,144,3,384,4,0,0.39,0,0.0,customer_outreach,62
TXN103695,CUST13241,149.39,wallet,gateway_error,new,0,4119.11,137,0,1367,3,2,0.825,0,0.0,smart_retry,50
TXN103696,CUST10198,670.8,credit_card,authentication_failed,regular,0,14897.55,257,2,1311,6,0,0.46,0,0.0,customer_outreach,58
TXN103697,CUST15127,425.97,net_banking,network_error,at_risk,1,54964.69,90,0,830,5,1,0.615,1,425.97,smart_retry,55
TXN103698,CUST14563,543.09,debit_card,expired_card,new,2,8257.82,309,0,1740,8,0,0.63,0,0.0,alternative_payment,60
TXN103699,CUST10532,491.83,wallet,insufficient_funds,regular,2,5518.6,40,2,1406,2,2,0.33,0,0.0,customer_outreach,68
TXN103700,CUST10817,1862.93,upi,gateway_error,new,0,3637.54,326,3,1539,2,0,0.64,1,1862.93,smart_retry,62
TXN103701,CUST11537,2178.94,upi,insufficient_funds,regular,2,5045.11,268,2,594,3,1,0.32,0,0.0,payment_plan,68
TXN103702,CUST17488,1220.11,credit_card,gateway_error,new,0,6692.01,43,4,1571,5,0,0.645,1,1220.11,smart_retry,66
TXN103703,CUST17395,953.32,upi,gateway_error,regular,1,15205.47,213,3,299,3,1,0.615,0,0.0,smart_retry,67
TXN103704,CUST16352,530.68,debit_card,gateway_error,regular,1,2335.01,35,2,1379,5,1,0.685,1,530.68,smart_retry,63
TXN103705,CUST14864,683.32,credit_card,authentication_failed,regular,1,14886.07,265,4,1199,6,0,0.345,1,683.32,customer_outreach,71
TXN103706,CUST10549,566.77,credit_card,insufficient_funds,regular,1,36348.64,357,1,1211,6,1,0.44,1,566.77,payment_plan,59
TXN103707,CUST10181,1166.2,wallet,expired_card,regular,1,18930.25,358,3,1360,5,0,0.47,0,0.0,alternative_payment,67
TXN103708,CUST19209,844.64,net_banking,card_declined,regular,0,6060.93,121,2,873,3,3,0.46,1,844.64,customer_outreach,58
TXN103709,CUST10545,3399.19,upi,card_declined,regular,0,3138.52,127,3,576,4,2,0.41,0,0.0,customer_outreach,62
TXN103710,CUST19701,702.31,wallet,insufficient_funds,regular,0,5930.67,203,3,1350,0,2,0.33,0,0.0,customer_outreach,62
TXN103711,CUST13456,198.79,credit_card,gateway_error,regular,2,6704.03,62,4,1940,3,1,0.54,1,198.79,smart_retry,76
TXN103712,CUST12222,1685.6,debit_card,network_error,regular,4,5905.08,211,3,1896,3,0,0.485,1,1685.6,smart_retry,82
TXN103713,CUST19414,1605.85,upi,card_declined,regular,0,6434.4,263,3,1070,4,1,0.385,0,0.0,alternative_payment,62
TXN103714,CUST18307,1904.57,net_banking,expired_card,regular,4,20964.24,169,4,1685,6,0,0.34,0,0.0,alternative_payment,86
TXN103715,CUST10764,1058.99,net_banking,gateway_error,new,0,8559.31,294,3,448,5,3,0.76,0,0.0,smart_retry,62
TXN103716,CUST14991,1019.9,debit_card,network_error,regular,2,14700.11,317,4,1578,5,1,0.57,1,1019.9,smart_retry,76
TXN103717,CUST17890,524.58,net_banking,card_declined,new,3,6450.69,162,2,1767,8,3,0.46,1,524.58,smart_retry,73
TXN103718,CUST14959,577.83,wallet,insufficient_funds,premium,3,6718.09,61,3,150,3,0,0.37,1,577.83,customer_outreach,82
TXN103719,CUST19191,686.55,net_banking,network_error,new,2,5939.91,280,3,1428,3,0,0.585,0,0.0,smart_retry,72
TXN103720,CUST17254,2222.91,credit_card,gateway_error,regular,1,17522.91,96,0,1591,3,1,0.735,1,2222.91,smart_retry,55
TXN103721,CUST11142,367.33,net_banking,insufficient_funds,regular,0,4901.16,347,0,1001,4,0,0.46,1,367.33,payment_plan,50
TXN103722,CUST19506,1783.15,wallet,insufficient_funds,new,0,20683.14,261,4,194,4,2,0.38,0,0.0,payment_plan,66
TXN103723,CUST18036,2144.54,credit_card,authentication_failed,regular,0,12894.57,360,2,1839,3,4,0.515,1,2144.54,customer_outreach,58
TXN103724,CUST13343,1179.84,debit_card,gateway_error,premium,0,19944.48,4,4,896,5,0,0.765,1,1179.84,smart_retry,71
TXN103725,CUST15045,1475.5,wallet,expired_card,regular,1,12650.88,301,2,353,6,1,0.55,1,1475.5,alternative_payment,63
TXN103726,CUST10494,1924.37,debit_card,network_error,regular,0,9895.47,275,1,1840,4,0,0.72,0,0.0,smart_retry,54
TXN103727,CUST11427,3082.46,debit_card,expired_card,regular,1,2657.38,328,4,1447,2,3,0.46,0,0.0,alternative_payment,71
TXN103728,CUST10315,656.28,credit_card,expired_card,regular,0,7126.95,290,4,887,5,1,0.49,1,656.28,alternative_payment,66
TXN103729,CUST17366,590.18,credit_card,gateway_error,regular,2,3248.15,33,4,726,2,1,0.525,0,0.0,smart_retry,76
TXN103730,CUST18824,976.09,net_banking,insufficient_funds,premium,1,6537.63,133,4,1116,2,1,0.41,0,0.0,payment_plan,76
TXN103731,CUST14449,917.21,debit_card,authentication_failed,at_risk,0,5393.72,143,1,1692,4,0,0.32,0,0.0,customer_outreach,54
TXN103732,CUST10889,3364.12,debit_card,network_error,regular,2,16846.86,39,3,1514,6,1,0.625,0,0.0,smart_retry,72
TXN103733,CUST18827,1012.47,credit_card,gateway_error,regular,0,15510.92,3,3,1328,6,0,0.67,1,1012.47,smart_retry,62
TXN103734,CUST16175,467.74,upi,network_error,regular,3,17676.43,59,2,1838,3,1,0.585,0,0.0,smart_retry,73
TXN103735,CUST18645,3526.15,wallet,card_declined,premium,0,5011.07,334,2,1837,4,1,0.575,0,0.0,customer_outreach,63
TXN103736,CUST19517,1973.45,debit_card,network_error,regular,3,4129.48,169,0,439,6,0,0.685,1,1973.45,smart_retry,65
TXN103737,CUST17352,1501.58,credit_card,card_declined,regular,1,4911.33,307,1,874,1,1,0.385,1,1501.58,alternative_payment,59
TXN103738,CUST14888,1857.23,credit_card,gateway_error,new,0,13042.35,105,0,1080,2,0,0.76,1,1857.23,smart_retry,50
TXN103739,CUST18837,1471.14,credit_card,authentication_failed,regular,5,27842.97,34,3,356,3,1,0.225,0,0.0,customer_outreach,87
TXN103740,CUST16588,2232.37,debit_card,authentication_failed,regular,1,39051.79,213,4,386,2,0,0.285,0,0.0,customer_outreach,71
TXN103741,CUST14849,2454.38,upi,authentication_failed,regular,2,8547.67,16,0,967,3,0,0.425,0,0.0,customer_outreach,60
TXN103742,CUST12413,1362.03,wallet,authentication_failed,regular,2,13423.41,174,4,406,3,1,0.29,0,0.0,customer_outreach,76
TXN103743,CUST17650,681.44,upi,card_declined,premium,0,8090.53,277,0,896,5,0,0.645,0,0.0,customer_outreach,55
TXN103744,CUST19704,701.75,credit_card,network_error,regular,1,11678.87,198,0,381,5,0,0.74,1,701.75,smart_retry,55
TXN103745,CUST17737,350.56,net_banking,gateway_error,premium,0,11461.94,286,0,1116,3,2,0.945,1,350.56,smart_retry,55
TXN103746,CUST12186,765.42,credit_card,insufficient_funds,regular,1,18311.57,234,0,1331,5,0,0.44,1,765.42,payment_plan,55
TXN103747,CUST16902,672.05,debit_card,network_error,at_risk,2,14736.93,136,2,581,7,3,0.58,0,0.0,smart_retry,68
TXN103748,CUST13577,879.46,upi,authentication_failed,regular,0,2626.29,334,1,1344,4,5,0.57,0,0.0,customer_outreach,54
TXN103749,CUST14146,2365.99,upi,authentication_failed,regular,1,3090.05,249,0,196,3,1,0.485,1,2365.99,customer_outreach,55
TXN103750,CUST12926,3210.98,credit_card,network_error,new,2,24338.49,339,1,640,3,1,0.69,0,0.0,smart_retry,64
TXN103751,CUST12659,1754.03,upi,insufficient_funds,regular,2,8771.74,10,4,214,4,0,0.23,1,1754.03,payment_plan,76
TXN103752,CUST13650,371.36,net_banking,expired_card,regular,1,13042.5,94,4,1892,7,3,0.535,0,0.0,alternative_payment,71
TXN103753,CUST14362,2370.72,wallet,gateway_error,regular,4,6842.76,361,0,541,4,1,0.645,1,2370.72,smart_retry,70
TXN103754,CUST19994,713.36,net_banking,network_error,new,1,16666.94,1,1,1910,7,0,0.76,1,713.36,smart_retry,59
TXN103755,CUST14811,541.23,debit_card,gateway_error,regular,2,9981.51,354,2,116,3,0,0.595,1,541.23,smart_retry,68
TXN103756,CUST15766,1394.25,upi,insufficient_funds,regular,5,7057.08,218,2,1056,6,0,0.235,1,1394.25,payment_plan,83
TXN103757,CUST18729,2089.47,net_banking,expired_card,new,1,10646.08,143,0,527,4,0,0.605,1,2089.47,alternative_payment,55
TXN103758,CUST16555,3347.55,upi,authentication_failed,regular,0,3740.36,61,2,1820,2,2,0.45,1,3347.55,customer_outreach,58
TXN103759,CUST19338,3739.43,net_banking,gateway_error,regular,2,4382.11,190,2,1953,3,1,0.62,0,0.0,smart_retry,68
TXN103760,CUST16554,1880.67,net_banking,insufficient_funds,at_risk,1,23168.44,66,1,906,4,3,0.31,0,0.0,payment_plan,59
TXN103761,CUST16244,1662.38,net_banking,gateway_error,regular,1,14521.6,320,4,865,7,1,0.635,1,1662.38,smart_retry,71
TXN103762,CUST14648,394.05,wallet,card_declined,premium,1,18019.23,298,2,1191,2,1,0.51,0,0.0,customer_outreach,68
TXN103763,CUST17939,1178.28,debit_card,insufficient_funds,new,0,10463.65,132,1,1268,2,0,0.42,0,0.0,customer_outreach,54
TXN103764,CUST13023,738.72,debit_card,gateway_error,regular,1,9208.76,66,0,816,2,0,0.695,1,738.72,smart_retry,55
TXN103765,CUST16831,492.54,net_banking,card_declined,at_risk,1,5019.14,292,4,865,5,2,0.2,1,492.54,human_escalation,71
TXN103766,CUST12898,1230.35,debit_card,expired_card,regular,0,13994.72,303,4,1376,7,3,0.57,1,1230.35,alternative_payment,66
TXN103767,CUST12528,527.6,wallet,network_error,regular,0,5405.04,281,1,471,7,0,0.765,1,527.6,smart_retry,54
TXN103768,CUST15252,289.52,wallet,network_error,regular,1,5366.19,205,4,1084,5,0,0.58,1,289.52,smart_retry,71
TXN103769,CUST17602,669.85,net_banking,gateway_error,regular,1,9035.47,191,3,55,4,1,0.63,1,669.85,smart_retry,67
TXN103770,CUST14933,1353.41,credit_card,insufficient_funds,regular,0,8761.16,89,0,1101,5,0,0.475,0,0.0,customer_outreach,50
TXN103771,CUST19961,731.49,debit_card,card_declined,regular,2,5278.83,309,4,1557,3,2,0.285,0,0.0,human_escalation,76
TXN103772,CUST13106,1016.79,wallet,card_declined,regular,3,1463.15,65,3,50,4,3,0.29,1,1016.79,human_escalation,77
TXN103773,CUST10480,2290.06,credit_card,card_declined,regular,2,23437.18,26,3,1934,3,0,0.275,0,0.0,human_escalation,72
TXN103774,CUST16535,667.46,debit_card,authentication_failed,new,1,5289.65,35,2,1547,5,0,0.44,0,0.0,customer_outreach,63
TXN103775,CUST13716,778.09,credit_card,expired_card,new,1,8124.78,289,0,475,5,2,0.67,0,0.0,alternative_payment,55
TXN103776,CUST14923,668.9,credit_card,card_declined,regular,1,6207.58,295,3,688,6,2,0.405,0,0.0,smart_retry,67
TXN103777,CUST18905,1152.51,net_banking,insufficient_funds,premium,2,16007.6,314,4,920,5,1,0.42,1,1152.51,customer_outreach,81
TXN103778,CUST16287,920.51,upi,insufficient_funds,new,1,19766.04,342,1,637,2,1,0.41,1,920.51,payment_plan,59
TXN103779,CUST15398,1138.59,wallet,network_error,regular,1,4624.38,29,4,404,2,0,0.535,0,0.0,smart_retry,71
TXN103780,CUST13826,940.13,upi,insufficient_funds,premium,0,10173.43,249,3,906,0,0,0.43,0,0.0,payment_plan,67
TXN103781,CUST14276,629.89,wallet,authentication_failed,regular,1,1631.61,292,4,1916,1,0,0.23,0,0.0,customer_outreach,71
TXN103782,CUST10556,1198.77,upi,gateway_error,regular,0,7092.42,3,0,1000,4,0,0.76,1,1198.77,smart_retry,50
TXN103783,CUST15971,389.79,debit_card,network_error,at_risk,1,1787.39,230,4,866,4,1,0.4,0,0.0,smart_retry,71
TXN103784,CUST16701,865.85,credit_card,authentication_failed,regular,1,2360.43,171,3,343,1,0,0.31,1,865.85,customer_outreach,67
TXN103785,CUST14757,2687.89,credit_card,expired_card,regular,0,5113.32,158,3,557,4,0,0.49,0,0.0,alternative_payment,62
TXN103786,CUST11974,495.07,debit_card,expired_card,regular,3,17122.87,38,1,1017,3,1,0.475,1,495.07,alternative_payment,69
TXN103787,CUST15173,1823.71,net_banking,card_declined,premium,0,24912.14,255,3,1045,1,2,0.515,1,1823.71,customer_outreach,67
TXN103788,CUST13218,470.56,debit_card,card_declined,regular,1,24810.49,180,0,492,4,4,0.545,1,470.56,customer_outreach,55
TXN103789,CUST11411,559.6,wallet,network_error,regular,1,3374.57,24,1,1453,3,0,0.67,1,559.6,smart_retry,59
TXN103790,CUST15464,1016.63,wallet,network_error,new,2,10208.05,306,0,1239,4,1,0.745,0,0.0,smart_retry,60
TXN103791,CUST13248,685.95,wallet,gateway_error,regular,2,7777.11,236,0,418,2,0,0.66,0,0.0,smart_retry,60
TXN103792,CUST14886,855.56,debit_card,expired_card,new,2,10343.27,159,2,1763,5,1,0.53,0,0.0,alternative_payment,68
TXN103793,CUST17349,2461.07,upi,authentication_failed,regular,1,3523.53,139,3,913,6,1,0.41,1,2461.07,customer_outreach,67
TXN103794,CUST10420,564.19,net_banking,network_error,at_risk,0,5175.87,213,1,1616,4,0,0.57,0,0.0,smart_retry,54
TXN103795,CUST13694,1108.83,upi,card_declined,at_risk,1,4256.82,3,3,876,2,1,0.17,0,0.0,human_escalation,67
TXN103796,CUST15265,3226.29,credit_card,authentication_failed,premium,1,2895.03,242,0,1911,4,0,0.625,1,3226.29,customer_outreach,60
TXN103797,CUST19131,1939.27,upi,card_declined,regular,1,5397.71,123,1,1799,2,0,0.375,0,0.0,alternative_payment,59
TXN103798,CUST19717,645.58,upi,card_declined,regular,2,19471.61,197,1,553,3,0,0.355,1,645.58,smart_retry,64
TXN103799,CUST19912,775.01,credit_card,authentication_failed,new,1,5945.16,261,0,735,6,0,0.535,1,775.01,customer_outreach,55
TXN103800,CUST15674,748.76,wallet,network_error,premium,1,21008.8,49,2,1863,4,0,0.795,1,748.76,smart_retry,68
TXN103801,CUST17403,204.54,upi,expired_card,new,0,6167.7,318,3,1400,4,1,0.545,1,204.54,alternative_payment,62
TXN103802,CUST15992,852.66,debit_card,authentication_failed,regular,2,5430.55,204,0,1354,5,0,0.455,1,852.66,customer_outreach,60
TXN103803,CUST18059,598.32,net_banking,card_declined,premium,1,3782.18,6,4,533,3,1,0.445,1,598.32,customer_outreach,76
TXN103804,CUST10206,861.58,upi,expired_card,new,1,14533.01,61,4,595,3,1,0.455,1,861.58,alternative_payment,71
TXN103805,CUST10301,2404.94,debit_card,authentication_failed,at_risk,4,6936.95,365,4,336,2,1,0.055,0,0.0,customer_outreach,86
TXN103806,CUST12919,613.52,credit_card,authentication_failed,premium,0,4853.6,108,4,813,2,0,0.47,1,613.52,customer_outreach,71
TXN103807,CUST16449,804.36,debit_card,network_error,new,3,6430.11,123,4,791,10,0,0.615,0,0.0,smart_retry,81
TXN103808,CUST18912,643.9,wallet,gateway_error,regular,1,5568.36,143,0,1381,4,1,0.75,0,0.0,smart_retry,55
TXN103809,CUST17287,664.94,wallet,authentication_failed,premium,1,7486.13,201,2,352,5,1,0.585,0,0.0,customer_outreach,68
TXN103810,CUST19962,432.24,upi,card_declined,at_risk,3,24026.07,196,2,1447,4,0,0.145,0,0.0,human_escalation,73
TXN103811,CUST17165,2008.27,wallet,insufficient_funds,new,2,4300.34,122,2,1506,2,0,0.31,0,0.0,customer_outreach,68
TXN103812,CUST12165,814.04,debit_card,card_declined,at_risk,0,112841.06,310,3,644,4,1,0.315,0,0.0,customer_outreach,62
TXN103813,CUST10338,1502.65,wallet,authentication_failed,at_risk,3,26549.77,222,3,117,4,1,0.16,0,0.0,customer_outreach,77
TXN103814,CUST18283,871.27,wallet,authentication_failed,regular,0,3561.14,22,4,374,3,1,0.36,0,0.0,customer_outreach,66
TXN103815,CUST10672,1408.31,credit_card,authentication_failed,regular,5,3799.0,48,4,1748,2,1,0.17,0,0.0,customer_outreach,91
TXN103816,CUST14622,589.61,debit_card,card_declined,premium,3,2856.67,349,1,1690,1,1,0.465,1,589.61,customer_outreach,74
TXN103817,CUST16386,590.11,net_banking,card_declined,premium,2,25316.3,276,2,1163,4,1,0.505,1,590.11,customer_outreach,73
TXN103818,CUST15546,1086.39,wallet,card_declined,regular,1,3401.81,205,1,411,5,0,0.42,0,0.0,alternative_payment,59
TXN103819,CUST11954,1892.32,credit_card,authentication_failed,regular,0,4171.81,17,2,961,4,1,0.455,1,1892.32,customer_outreach,58
TXN103820,CUST12603,575.25,debit_card,card_declined,regular,1,30741.02,308,3,1418,7,3,0.445,0,0.0,smart_retry,67
TXN103821,CUST17799,1283.26,net_banking,expired_card,regular,1,14263.15,143,2,1013,4,2,0.545,0,0.0,alternative_payment,63
TXN103822,CUST10929,1866.37,wallet,network_error,new,3,6328.77,71,1,193,3,0,0.63,0,0.0,smart_retry,69
TXN103823,CUST17271,1550.05,credit_card,expired_card,regular,0,51843.95,38,4,1202,5,1,0.49,0,0.0,alternative_payment,66
TXN103824,CUST15553,1076.33,debit_card,authentication_failed,regular,2,9419.86,249,3,865,2,0,0.29,1,1076.33,customer_outreach,72
TXN103825,CUST12167,1578.19,net_banking,insufficient_funds,regular,2,10315.07,360,4,799,2,2,0.25,0,0.0,payment_plan,76
TXN103826,CUST15952,1215.66,debit_card,card_declined,premium,3,6279.41,197,0,1545,2,1,0.52,0,0.0,customer_outreach,70
TXN103827,CUST18759,1581.73,upi,card_declined,premium,1,7994.99,249,4,1887,6,0,0.465,0,0.0,customer_outreach,76
TXN103828,CUST17346,2610.7,credit_card,insufficient_funds,at_risk,1,6607.73,265,3,129,7,1,0.225,0,0.0,customer_outreach,67
TXN103829,CUST10849,1136.53,net_banking,insufficient_funds,premium,1,8985.25,203,1,918,2,3,0.58,1,1136.53,payment_plan,64
TXN103830,CUST16077,1055.4,credit_card,insufficient_funds,new,3,2228.62,329,0,1355,4,0,0.385,0,0.0,customer_outreach,65
TXN103831,CUST14357,1229.26,credit_card,authentication_failed,regular,2,7871.72,62,0,1790,6,0,0.47,0,0.0,customer_outreach,60
TXN103832,CUST13544,626.48,wallet,card_declined,regular,2,8437.53,85,0,1679,5,4,0.525,1,626.48,alternative_payment,60
TXN103833,CUST13887,876.74,credit_card,insufficient_funds,regular,1,7462.26,12,4,567,2,0,0.235,0,0.0,customer_outreach,71
TXN103834,CUST12589,1237.85,debit_card,gateway_error,new,4,4668.55,292,3,1455,5,1,0.57,0,0.0,smart_retry,82
TXN103835,CUST19788,843.49,upi,insufficient_funds,new,1,3300.23,295,1,833,6,1,0.47,0,0.0,payment_plan,59
TXN103836,CUST10811,862.62,wallet,network_error,regular,2,12737.0,23,1,1797,3,0,0.635,1,862.62,smart_retry,64
TXN103837,CUST17593,1128.35,upi,gateway_error,at_risk,1,13107.17,339,2,557,5,1,0.535,0,0.0,smart_retry,63
TXN103838,CUST14478,817.53,wallet,insufficient_funds,premium,1,2766.82,147,4,1268,2,1,0.41,0,0.0,customer_outreach,76
TXN103839,CUST14674,1875.72,upi,insufficient_funds,regular,0,88932.15,64,4,63,5,0,0.315,0,0.0,payment_plan,66
TXN103840,CUST18978,360.48,wallet,gateway_error,regular,0,1805.35,180,4,462,6,0,0.59,0,0.0,smart_retry,66
TXN103841,CUST14643,742.26,upi,expired_card,regular,1,5269.55,208,1,1805,2,1,0.53,1,742.26,alternative_payment,59
TXN103842,CUST12750,757.89,wallet,network_error,regular,0,5919.17,64,3,1292,4,2,0.69,1,757.89,smart_retry,62
TXN103843,CUST18110,550.53,credit_card,expired_card,regular,1,6110.97,195,0,510,2,2,0.595,1,550.53,alternative_payment,55
TXN103844,CUST16691,673.06,credit_card,gateway_error,new,2,7111.9,159,4,896,6,2,0.64,1,673.06,smart_retry,76
TXN103845,CUST10499,602.73,net_banking,card_declined,regular,1,4350.93,328,1,1581,2,0,0.375,0,0.0,customer_outreach,59
TXN103846,CUST16653,1904.55,credit_card,insufficient_funds,regular,1,4519.85,33,2,1062,7,1,0.415,0,0.0,customer_outreach,63
TXN103847,CUST10445,308.72,credit_card,expired_card,at_risk,0,2527.17,349,0,168,5,1,0.5,0,0.0,alternative_payment,50
TXN103848,CUST17228,1199.26,debit_card,network_error,new,0,24855.57,47,3,1047,5,1,0.71,1,1199.26,smart_retry,62
TXN103849,CUST11538,735.39,upi,gateway_error,premium,2,3711.36,270,3,1201,4,1,0.745,1,735.39,smart_retry,77
TXN103850,CUST11013,1630.44,upi,insufficient_funds,regular,2,17950.22,155,0,458,0,3,0.405,1,1630.44,payment_plan,60
TXN103851,CUST19678,1040.23,upi,expired_card,regular,1,8637.19,136,0,1483,6,0,0.605,0,0.0,alternative_payment,55
TXN103852,CUST16150,1211.51,upi,network_error,new,3,17377.36,110,0,1422,2,0,0.655,0,0.0,smart_retry,65
TXN103853,CUST15240,988.83,net_banking,authentication_failed,premium,2,12015.69,236,0,1202,3,0,0.575,0,0.0,customer_outreach,65
TXN103854,CUST11309,1210.16,wallet,network_error,regular,1,6514.16,204,3,1552,5,0,0.62,1,1210.16,smart_retry,67
TXN103855,CUST14920,632.91,net_banking,authentication_failed,regular,1,8825.89,170,3,1842,6,2,0.435,0,0.0,customer_outreach,67
TXN103856,CUST12016,917.33,wallet,insufficient_funds,regular,2,20953.72,166,4,1043,3,0,0.215,0,0.0,customer_outreach,76
TXN103857,CUST19167,1989.56,net_banking,gateway_error,regular,0,15638.35,4,2,1436,4,2,0.73,1,1989.56,smart_retry,58
TXN103858,CUST17679,624.82,credit_card,insufficient_funds,at_risk,1,8080.55,356,3,1765,5,0,0.17,1,624.82,customer_outreach,67
TXN103859,CUST11453,1726.13,wallet,expired_card,regular,1,12387.26,4,0,1184,6,3,0.68,0,0.0,alternative_payment,55
TXN103860,CUST13041,1301.99,debit_card,card_declined,regular,0,4996.47,222,3,525,2,1,0.355,0,0.0,smart_retry,62
TXN103861,CUST13107,1057.96,debit_card,network_error,new,0,3118.56,358,3,465,2,0,0.64,1,1057.96,smart_retry,62
TXN103862,CUST12183,1413.93,debit_card,authentication_failed,at_risk,0,8670.31,208,2,560,4,2,0.33,1,1413.93,customer_outreach,58
TXN103863,CUST10654,1564.34,debit_card,authentication_failed,at_risk,3,22321.02,165,1,1592,7,0,0.26,0,0.0,customer_outreach,69
TXN103864,CUST12684,863.15,net_banking,gateway_error,regular,2,12074.95,304,1,558,2,1,0.645,0,0.0,smart_retry,64
TXN103865,CUST12708,2560.32,net_banking,gateway_error,at_risk,2,2999.03,319,1,488,1,0,0.455,0,0.0,smart_retry,64
TXN103866,CUST18764,1450.75,upi,network_error,premium,1,2961.25,70,1,1434,3,0,0.82,1,1450.75,smart_retry,64
TXN103867,CUST12987,459.3,credit_card,authentication_failed,premium,1,17753.22,353,0,163,3,1,0.635,1,459.3,customer_outreach,60
TXN103868,CUST16935,1788.03,wallet,insufficient_funds,regular,0,14762.82,90,4,601,1,0,0.255,0,0.0,customer_outreach,66
TXN103869,CUST12265,2106.2,debit_card,expired_card,regular,3,4273.02,37,4,1240,5,1,0.385,1,2106.2,alternative_payment,81
TXN103870,CUST18606,1109.54,debit_card,authentication_failed,premium,2,26127.85,345,3,708,5,0,0.485,1,1109.54,customer_outreach,77
TXN103871,CUST15260,330.76,credit_card,expired_card,new,1,2123.61,354,2,289,6,1,0.58,1,330.76,alternative_payment,63
TXN103872,CUST16373,1271.89,credit_card,gateway_error,regular,0,2281.63,292,4,1304,7,0,0.645,1,1271.89,smart_retry,66
TXN103873,CUST11137,1909.37,debit_card,authentication_failed,at_risk,2,22191.58,64,0,37,3,2,0.325,0,0.0,customer_outreach,60
TXN103874,CUST16444,801.67,upi,insufficient_funds,regular,0,25479.51,80,1,1614,1,1,0.4,1,801.67,customer_outreach,54
TXN103875,CUST12466,671.61,debit_card,gateway_error,regular,2,3124.01,240,1,447,3,0,0.635,1,671.61,smart_retry,64
TXN103876,CUST11235,775.25,net_banking,network_error,regular,1,3012.62,18,3,852,5,0,0.62,1,775.25,smart_retry,67
TXN103877,CUST14894,877.85,net_banking,card_declined,at_risk,0,37042.55,227,0,454,6,1,0.385,1,877.85,alternative_payment,50
TXN103878,CUST15922,1508.82,credit_card,insufficient_funds,regular,2,31907.71,18,2,1288,4,1,0.335,0,0.0,customer_outreach,68
TXN103879,CUST12776,2164.56,wallet,authentication_failed,new,2,1535.88,70,2,203,6,1,0.405,1,2164.56,customer_outreach,68
TXN103880,CUST10615,817.99,net_banking,network_error,regular,0,9012.42,28,1,1868,2,1,0.715,1,817.99,smart_retry,54
TXN103881,CUST18127,1222.67,upi,card_declined,regular,2,4807.1,223,3,1630,3,0,0.275,1,1222.67,human_escalation,72
TXN103882,CUST16010,1491.62,wallet,insufficient_funds,regular,2,8355.96,216,1,790,4,2,0.4,0,0.0,payment_plan,64
TXN103883,CUST17040,979.83,debit_card,card_declined,new,3,12694.11,126,3,420,4,2,0.335,1,979.83,alternative_payment,77
TXN103884,CUST15846,855.64,net_banking,expired_card,at_risk,0,1059.97,37,2,1204,3,0,0.325,0,0.0,alternative_payment,58
TXN103885,CUST17337,6057.21,upi,expired_card,regular,2,15815.02,331,4,457,3,1,0.39,0,0.0,alternative_payment,76
TXN103886,CUST11711,1363.73,wallet,insufficient_funds,at_risk,1,25255.96,358,4,1421,5,0,0.13,0,0.0,customer_outreach,71
TXN103887,CUST19409,1433.59,wallet,network_error,regular,2,7022.11,307,0,557,2,2,0.71,1,1433.59,smart_retry,60
TXN103888,CUST19809,442.7,wallet,gateway_error,premium,2,10346.81,318,2,1696,5,0,0.775,0,0.0,smart_retry,73
TXN103889,CUST15137,1043.65,credit_card,expired_card,regular,1,7560.51,339,1,322,3,2,0.57,1,1043.65,alternative_payment,59
TXN103890,CUST16831,2164.8,net_banking,expired_card,regular,2,2857.86,68,1,1239,5,2,0.565,0,0.0,alternative_payment,64
TXN103891,CUST14214,2177.2,net_banking,card_declined,premium,2,15612.5,81,4,1229,7,1,0.47,1,2177.2,customer_outreach,81
TXN103892,CUST18743,1353.16,credit_card,network_error,new,2,4987.09,54,2,1291,4,2,0.69,1,1353.16,smart_retry,68
TXN103893,CUST14723,620.13,wallet,expired_card,regular,1,7132.79,9,0,1463,4,3,0.65,1,620.13,alternative_payment,55
TXN103894,CUST11199,1474.8,debit_card,network_error,regular,0,5035.31,358,1,311,4,0,0.72,1,1474.8,smart_retry,54
TXN103895,CUST13163,3617.67,wallet,authentication_failed,new,1,9045.81,156,3,644,4,0,0.385,0,0.0,customer_outreach,67
TXN103896,CUST12828,659.74,debit_card,expired_card,regular,3,17881.41,237,4,1455,4,2,0.395,0,0.0,alternative_payment,81
TXN103897,CUST18055,1407.38,credit_card,authentication_failed,new,0,8830.43,270,1,1891,3,0,0.485,0,0.0,customer_outreach,54
TXN103898,CUST12109,1034.42,debit_card,gateway_error,regular,2,28934.43,280,3,148,3,2,0.605,0,0.0,smart_retry,72
TXN103899,CUST15403,784.49,wallet,expired_card,premium,1,1914.57,268,0,817,3,0,0.67,0,0.0,alternative_payment,60
TXN103900,CUST11262,669.48,debit_card,network_error,new,1,6477.76,295,2,850,3,3,0.735,1,669.48,smart_retry,63
TXN103901,CUST15012,1302.83,net_banking,network_error,at_risk,2,3809.36,307,4,1811,3,2,0.415,0,0.0,smart_retry,76
TXN103902,CUST14440,1841.85,net_banking,card_declined,new,1,1163.21,167,4,907,3,0,0.26,0,0.0,human_escalation,71
TXN103903,CUST17271,1398.4,wallet,expired_card,regular,0,9243.52,199,1,1839,6,1,0.625,1,1398.4,alternative_payment,54
TXN103904,CUST18873,2186.76,debit_card,card_declined,new,0,6837.73,228,1,442,2,1,0.465,0,0.0,customer_outreach,54
TXN103905,CUST11955,1191.23,credit_card,authentication_failed,premium,1,9142.11,73,3,201,3,1,0.515,1,1191.23,customer_outreach,72
TXN103906,CUST16294,482.9,net_banking,insufficient_funds,premium,1,2407.26,215,2,759,4,1,0.52,1,482.9,customer_outreach,68
TXN103907,CUST17366,1579.95,wallet,gateway_error,at_risk,3,3752.19,170,3,1392,3,0,0.37,1,1579.95,smart_retry,77
TXN103908,CUST18564,1465.9,net_banking,expired_card,regular,0,26026.97,184,3,751,1,0,0.445,0,0.0,alternative_payment,62
TXN103909,CUST11636,1240.21,debit_card,expired_card,regular,1,6092.8,141,0,44,4,0,0.575,0,0.0,alternative_payment,55
TXN103910,CUST10856,792.79,net_banking,authentication_failed,regular,1,37685.87,267,3,1685,4,1,0.38,1,792.79,customer_outreach,67
TXN103911,CUST18699,2282.87,debit_card,expired_card,regular,0,4539.97,183,0,879,2,1,0.605,1,2282.87,alternative_payment,50
TXN103912,CUST16268,3039.2,upi,expired_card,regular,0,4168.95,79,1,1856,5,2,0.635,0,0.0,alternative_payment,54
TXN103913,CUST14205,1389.39,upi,expired_card,premium,2,7948.06,263,4,1282,4,2,0.58,0,0.0,alternative_payment,81
TXN103914,CUST17738,2626.19,upi,card_declined,premium,1,1932.89,104,1,1113,6,1,0.57,0,0.0,customer_outreach,64
TXN103915,CUST16660,1363.27,wallet,gateway_error,premium,2,11305.3,120,2,1710,5,1,0.8,1,1363.27,smart_retry,73
TXN103916,CUST17699,2800.58,credit_card,network_error,premium,3,5209.16,11,1,866,4,0,0.765,1,2800.58,smart_retry,74
TXN103917,CUST13178,1040.46,credit_card,authentication_failed,regular,0,2691.3,138,1,1906,2,1,0.465,1,1040.46,customer_outreach,54
TXN103918,CUST13476,770.6,wallet,network_error,regular,1,9448.44,89,0,1662,7,1,0.795,1,770.6,smart_retry,55
TXN103919,CUST15452,2836.87,credit_card,authentication_failed,regular,1,17707.51,274,1,92,2,2,0.455,1,2836.87,customer_outreach,59
TXN103920,CUST19973,750.28,upi,network_error,premium,1,8428.02,138,4,54,4,1,0.74,1,750.28,smart_retry,76
TXN103921,CUST19566,958.61,net_banking,network_error,premium,2,22858.3,311,3,1251,4,1,0.745,1,958.61,smart_retry,77
TXN103922,CUST17942,606.56,wallet,gateway_error,premium,1,17271.89,140,2,343,2,0,0.765,1,606.56,smart_retry,68
TXN103923,CUST19097,683.6,upi,card_declined,regular,1,6232.32,200,4,583,5,1,0.325,1,683.6,alternative_payment,71
TXN103924,CUST10215,1333.16,upi,expired_card,at_risk,2,15890.21,238,1,754,3,0,0.335,0,0.0,alternative_payment,64
TXN103925,CUST16187,2457.19,net_banking,expired_card,at_risk,2,3449.76,8,4,689,5,0,0.245,0,0.0,alternative_payment,76
TXN103926,CUST18163,266.9,debit_card,authentication_failed,regular,1,7850.53,10,2,1227,4,1,0.42,1,266.9,customer_outreach,63
TXN103927,CUST18986,2516.86,credit_card,insufficient_funds,regular,2,16365.74,222,0,375,2,1,0.385,0,0.0,customer_outreach,60
TXN103928,CUST14428,569.18,debit_card,network_error,new,1,15875.07,23,1,214,5,0,0.73,1,569.18,smart_retry,59
TXN103929,CUST15796,1358.83,wallet,authentication_failed,at_risk,2,20033.7,72,2,1096,5,0,0.225,0,0.0,customer_outreach,68
TXN103930,CUST14593,1355.76,wallet,card_declined,regular,2,8324.78,160,1,113,4,1,0.395,0,0.0,smart_retry,64
TXN103931,CUST11578,1273.7,wallet,network_error,regular,1,31096.52,236,3,615,3,2,0.64,0,0.0,smart_retry,67
TXN103932,CUST18725,439.18,net_banking,gateway_error,regular,2,7940.43,188,0,1374,3,2,0.725,1,439.18,smart_retry,60
TXN103933,CUST15058,1313.56,credit_card,authentication_failed,new,1,5684.2,137,4,1507,6,1,0.4,1,1313.56,customer_outreach,71
TXN103934,CUST12604,879.31,debit_card,card_declined,regular,1,4507.37,67,4,685,4,1,0.31,0,0.0,alternative_payment,71
TXN103935,CUST18519,2337.51,net_banking,network_error,regular,0,18783.31,142,0,1198,6,1,0.815,1,2337.51,smart_retry,50
TXN103936,CUST16885,1399.79,debit_card,insufficient_funds,regular,2,20095.89,113,1,1855,3,1,0.36,1,1399.79,customer_outreach,64
TXN103937,CUST10510,1083.25,upi,network_error,regular,2,8713.86,319,2,369,2,1,0.605,1,1083.25,smart_retry,68
TXN103938,CUST17524,1150.06,net_banking,gateway_error,regular,1,25528.92,265,1,232,10,1,0.8,0,0.0,smart_retry,59
TXN103939,CUST17265,512.35,debit_card,network_error,premium,1,6108.39,207,1,1757,6,0,0.865,1,512.35,smart_retry,64
TXN103940,CUST19672,349.48,debit_card,network_error,at_risk,0,2238.83,349,0,790,3,1,0.62,0,0.0,smart_retry,50
TXN103941,CUST11511,550.37,wallet,card_declined,regular,1,2676.95,257,1,633,4,2,0.455,0,0.0,smart_retry,59
TXN103942,CUST16250,786.67,upi,expired_card,regular,3,5595.08,213,4,1153,4,1,0.37,0,0.0,alternative_payment,81
TXN103943,CUST19727,260.87,credit_card,gateway_error,at_risk,0,9420.3,121,1,972,3,0,0.555,0,0.0,smart_retry,54
TXN103944,CUST12366,1397.88,debit_card,network_error,regular,0,2446.45,231,4,1059,8,0,0.66,1,1397.88,smart_retry,66
TXN103945,CUST19490,1779.79,credit_card,insufficient_funds,new,2,3026.21,117,3,1421,4,2,0.35,0,0.0,payment_plan,72
TXN103946,CUST10588,599.03,net_banking,expired_card,new,1,4349.39,278,3,143,2,0,0.455,0,0.0,alternative_payment,67
TXN103947,CUST19047,546.23,upi,gateway_error,at_risk,0,16365.46,298,2,1470,2,0,0.5,0,0.0,smart_retry,58
TXN103948,CUST14251,564.5,credit_card,network_error,new,3,16171.62,216,3,672,4,1,0.59,0,0.0,smart_retry,77
TXN103949,CUST15142,924.87,debit_card,authentication_failed,regular,2,20680.62,279,4,1308,4,0,0.28,1,924.87,customer_outreach,76
TXN103950,CUST10651,1905.92,net_banking,network_error,regular,0,5758.5,264,0,752,3,3,0.82,1,1905.92,smart_retry,50
TXN103951,CUST19554,1426.99,credit_card,expired_card,regular,1,18153.31,30,4,1219,7,1,0.485,0,0.0,alternative_payment,71
TXN103952,CUST14956,352.17,upi,authentication_failed,at_risk,2,7272.49,365,3,373,4,2,0.22,1,352.17,customer_outreach,72
TXN103953,CUST16635,1836.72,wallet,insufficient_funds,regular,2,3978.94,282,4,937,6,1,0.285,0,0.0,customer_outreach,76
TXN103954,CUST13364,1318.93,wallet,card_declined,new,3,17539.51,9,3,846,4,0,0.285,0,0.0,human_escalation,77
TXN103955,CUST11298,358.37,debit_card,insufficient_funds,regular,1,6102.2,349,0,399,4,0,0.425,1,358.37,payment_plan,55
TXN103956,CUST19873,886.6,credit_card,network_error,new,1,6365.67,46,4,1829,3,2,0.63,1,886.6,smart_retry,71
TXN103957,CUST18959,1037.51,credit_card,insufficient_funds,at_risk,2,5267.55,332,4,1101,3,1,0.09,1,1037.51,customer_outreach,76
TXN103958,CUST11610,1213.02,wallet,insufficient_funds,new,0,15222.16,14,3,44,2,1,0.365,0,0.0,customer_outreach,62
TXN103959,CUST16357,914.19,wallet,card_declined,new,3,6555.32,25,3,1230,1,1,0.265,0,0.0,human_escalation,77
TXN103960,CUST12161,2629.83,debit_card,gateway_error,new,2,5697.87,302,4,324,6,1,0.615,1,2629.83,smart_retry,76
TXN103961,CUST16350,1058.41,wallet,authentication_failed,new,0,8432.49,115,2,1884,3,0,0.445,0,0.0,customer_outreach,58
TXN103962,CUST18378,1249.36,net_banking,network_error,regular,2,4164.2,233,0,526,4,1,0.715,0,0.0,smart_retry,60
TXN103963,CUST15180,517.22,credit_card,gateway_error,regular,1,31267.89,236,4,1287,4,1,0.59,1,517.22,smart_retry,71
TXN103964,CUST16779,1084.28,wallet,network_error,new,1,7415.02,98,2,755,4,3,0.75,1,1084.28,smart_retry,63
TXN103965,CUST17308,333.72,credit_card,gateway_error,regular,4,3408.15,52,1,1750,1,0,0.535,1,333.72,smart_retry,74
TXN103966,CUST13572,2207.44,credit_card,expired_card,regular,0,15538.22,324,0,1425,3,1,0.62,1,2207.44,alternative_payment,50
TXN103967,CUST15214,3091.28,net_banking,network_error,at_risk,1,22700.05,184,1,1348,3,2,0.57,1,3091.28,smart_retry,59
TXN103968,CUST11533,2348.86,wallet,gateway_error,regular,3,6966.95,346,1,1087,8,0,0.675,1,2348.86,smart_retry,69
TXN103969,CUST14486,2144.54,upi,expired_card,premium,2,6871.81,189,4,1130,2,1,0.525,1,2144.54,alternative_payment,81
TXN103970,CUST13428,2285.77,credit_card,card_declined,regular,1,4914.22,158,3,1977,2,8,0.395,0,0.0,smart_retry,67
TXN103971,CUST11677,3522.41,debit_card,insufficient_funds,at_risk,2,24784.02,166,0,436,3,0,0.225,1,3522.41,customer_outreach,60
TXN103972,CUST18777,772.43,net_banking,card_declined,regular,0,2459.9,202,4,1262,10,0,0.41,1,772.43,smart_retry,66
TXN103973,CUST10613,943.04,wallet,network_error,regular,0,3704.58,231,4,944,8,0,0.66,0,0.0,smart_retry,66
TXN103974,CUST18810,1428.62,credit_card,insufficient_funds,regular,2,3154.03,155,2,761,7,1,0.38,1,1428.62,customer_outreach,68
TXN103975,CUST18394,2537.29,upi,expired_card,regular,0,19801.09,243,4,1689,4,0,0.45,1,2537.29,alternative_payment,66
TXN103976,CUST14807,1449.72,credit_card,insufficient_funds,new,0,3761.67,217,3,1983,2,2,0.39,1,1449.72,customer_outreach,62
TXN103977,CUST10354,1589.26,credit_card,gateway_error,regular,1,4092.49,69,4,683,9,0,0.64,1,1589.26,smart_retry,71
TXN103978,CUST17860,759.36,debit_card,gateway_error,regular,2,2828.99,107,0,757,5,1,0.73,1,759.36,smart_retry,60
TXN103979,CUST19540,1119.42,net_banking,expired_card,regular,2,9062.14,83,4,1893,1,0,0.335,1,1119.42,alternative_payment,76
TXN103980,CUST12413,822.6,net_banking,insufficient_funds,premium,1,16056.36,202,4,1615,3,3,0.475,0,0.0,payment_plan,76
TXN103981,CUST10618,2617.64,debit_card,authentication_failed,new,4,17861.79,170,4,784,4,1,0.265,1,2617.64,customer_outreach,86
TXN103982,CUST14985,2610.59,debit_card,insufficient_funds,regular,0,4929.88,154,0,799,3,2,0.495,0,0.0,customer_outreach,50
TXN103983,CUST11130,2366.1,wallet,expired_card,regular,1,7934.54,131,4,536,4,0,0.415,0,0.0,alternative_payment,71
TXN103984,CUST19553,807.93,net_banking,gateway_error,premium,0,20669.46,239,1,644,5,2,0.935,1,807.93,smart_retry,59
TXN103985,CUST14778,1965.99,net_banking,gateway_error,new,1,6530.45,200,1,1519,3,2,0.75,1,1965.99,smart_retry,59
TXN103986,CUST12004,1038.84,upi,network_error,regular,3,17082.78,183,4,610,2,0,0.465,1,1038.84,smart_retry,81
TXN103987,CUST11348,1390.03,net_banking,expired_card,new,0,22922.13,313,0,899,8,0,0.7,1,1390.03,alternative_payment,50
TXN103988,CUST11042,1072.45,net_banking,card_declined,regular,5,21027.02,83,1,187,11,1,0.38,0,0.0,alternative_payment,79
TXN103989,CUST11540,3979.41,net_banking,authentication_failed,regular,0,6978.78,331,2,1855,3,1,0.44,1,3979.41,customer_outreach,58
TXN103990,CUST11620,2779.16,debit_card,expired_card,new,2,5256.77,342,3,821,6,0,0.48,1,2779.16,alternative_payment,72
TXN103991,CUST10959,653.29,wallet,expired_card,new,2,4276.85,105,3,1690,3,0,0.435,0,0.0,alternative_payment,72
TXN103992,CUST17368,1364.85,upi,card_declined,new,0,1464.23,66,4,1689,2,0,0.28,0,0.0,human_escalation,66
TXN103993,CUST12054,1129.48,wallet,gateway_error,regular,3,9755.21,327,1,442,5,2,0.68,1,1129.48,smart_retry,69
TXN103994,CUST10469,334.08,debit_card,gateway_error,at_risk,2,1594.69,325,2,1940,6,0,0.45,1,334.08,smart_retry,68
TXN103995,CUST10484,1095.56,wallet,network_error,regular,0,7882.38,197,1,268,6,0,0.75,1,1095.56,smart_retry,54
TXN103996,CUST19139,1291.13,debit_card,gateway_error,regular,1,34286.18,236,0,1258,5,2,0.79,1,1291.13,smart_retry,55
TXN103997,CUST16185,2591.01,net_banking,gateway_error,regular,2,17709.72,40,0,315,4,0,0.69,0,0.0,smart_retry,60
TXN103998,CUST15135,816.13,net_banking,insufficient_funds,regular,0,4709.76,17,1,1654,2,1,0.415,0,0.0,payment_plan,54
TXN103999,CUST12189,3166.86,debit_card,expired_card,regular,1,6431.85,279,0,178,3,1,0.585,0,0.0,alternative_payment,55
TXN104000,CUST13420,2336.98,net_banking,gateway_error,regular,2,22026.31,216,3,763,2,1,0.565,1,2336.98,smart_retry,72
TXN104001,CUST10264,336.43,credit_card,gateway_error,new,1,18628.91,315,0,700,6,0,0.785,0,0.0,smart_retry,55
TXN104002,CUST12453,1574.57,upi,expired_card,new,2,7519.61,62,2,631,6,0,0.52,1,1574.57,alternative_payment,68
TXN104003,CUST10440,817.65,wallet,insufficient_funds,regular,2,35152.07,180,0,967,3,0,0.375,0,0.0,customer_outreach,60
TXN104004,CUST16479,921.94,upi,gateway_error,new,0,3131.81,72,3,1696,4,1,0.695,1,921.94,smart_retry,62
TXN104005,CUST10860,3045.14,credit_card,authentication_failed,regular,2,4163.1,251,1,807,1,1,0.38,0,0.0,customer_outreach,64
TXN104006,CUST13574,2962.19,credit_card,authentication_failed,regular,1,12627.77,183,3,1860,3,2,0.39,0,0.0,customer_outreach,67
TXN104007,CUST15486,661.82,upi,authentication_failed,new,1,2460.15,328,1,1025,4,2,0.515,1,661.82,customer_outreach,59
TXN104008,CUST17187,948.26,net_banking,expired_card,new,2,20676.94,153,4,122,1,1,0.39,0,0.0,alternative_payment,76
TXN104009,CUST10431,2405.15,debit_card,authentication_failed,regular,1,9010.02,92,2,733,4,3,0.47,1,2405.15,customer_outreach,63
TXN104010,CUST11041,1172.51,debit_card,expired_card,new,0,3481.34,350,2,1822,7,1,0.63,1,1172.51,alternative_payment,58
TXN104011,CUST19000,1235.3,net_banking,gateway_error,premium,2,12888.91,274,4,498,2,1,0.675,0,0.0,smart_retry,81
TXN104012,CUST19382,606.76,credit_card,expired_card,regular,2,19717.08,124,1,165,9,1,0.6,1,606.76,alternative_payment,64
TXN104013,CUST14140,893.15,upi,expired_card,regular,0,11838.17,357,0,795,2,1,0.605,1,893.15,alternative_payment,50
TXN104014,CUST17900,505.61,upi,authentication_failed,new,1,9202.22,77,2,220,5,2,0.49,1,505.61,customer_outreach,63
TXN104015,CUST11875,501.76,upi,network_error,new,0,13428.44,235,4,1088,3,2,0.665,0,0.0,smart_retry,66
TXN104016,CUST17644,1107.87,wallet,expired_card,regular,1,2805.81,69,0,622,3,1,0.585,1,1107.87,alternative_payment,55
TXN104017,CUST10228,319.31,wallet,expired_card,regular,1,5219.9,226,3,1362,2,2,0.475,1,319.31,alternative_payment,67
TXN104018,CUST17134,707.85,net_banking,card_declined,regular,3,16399.39,27,4,1677,3,0,0.2,1,707.85,human_escalation,81
TXN104019,CUST16127,216.9,wallet,card_declined,premium,0,22241.68,357,4,1013,5,4,0.585,0,0.0,customer_outreach,71
TXN104020,CUST13984,2129.71,credit_card,expired_card,regular,2,17524.35,44,2,218,4,2,0.51,0,0.0,alternative_payment,68
TXN104021,CUST11063,1276.67,upi,insufficient_funds,regular,0,13871.53,274,3,379,5,0,0.355,0,0.0,payment_plan,62
TXN104022,CUST10242,877.08,net_banking,authentication_failed,premium,1,18070.68,234,0,122,3,2,0.66,0,0.0,customer_outreach,60
TXN104023,CUST16641,1861.7,wallet,expired_card,regular,2,8607.05,66,2,1588,2,1,0.455,0,0.0,alternative_payment,68
TXN104024,CUST17440,149.8,credit_card,gateway_error,regular,1,4564.08,334,0,322,4,3,0.8,1,149.8,smart_retry,55
TXN104025,CUST17009,385.2,wallet,network_error,regular,0,26960.26,37,2,1959,4,0,0.68,1,385.2,smart_retry,58
TXN104026,CUST14313,435.41,debit_card,network_error,new,1,5431.64,7,3,98,6,1,0.69,1,435.41,smart_retry,67
TXN104027,CUST10864,588.12,debit_card,insufficient_funds,premium,1,7559.49,258,3,1820,5,2,0.52,1,588.12,customer_outreach,72
TXN104028,CUST15490,897.47,credit_card,network_error,regular,0,9070.43,71,1,620,3,0,0.705,1,897.47,smart_retry,54
TXN104029,CUST11565,570.72,credit_card,expired_card,new,0,7406.68,14,3,867,2,4,0.59,1,570.72,alternative_payment,62
TXN104030,CUST17870,1251.43,credit_card,card_declined,regular,5,11491.93,132,2,1542,6,0,0.255,0,0.0,human_escalation,83
TXN104031,CUST19647,879.62,wallet,insufficient_funds,premium,2,15021.28,206,3,1858,3,3,0.48,0,0.0,payment_plan,77
TXN104032,CUST13371,616.95,wallet,insufficient_funds,premium,0,28398.06,70,2,106,3,1,0.54,1,616.95,payment_plan,63
TXN104033,CUST15234,859.57,debit_card,authentication_failed,premium,1,33719.87,341,1,126,0,2,0.575,0,0.0,customer_outreach,64
TXN104034,CUST16102,778.51,net_banking,insufficient_funds,regular,0,3891.79,49,4,1581,4,0,0.3,0,0.0,payment_plan,66
TXN104035,CUST11237,332.67,credit_card,insufficient_funds,regular,1,17864.96,158,1,487,4,0,0.385,0,0.0,payment_plan,59
TXN104036,CUST13152,895.54,debit_card,network_error,regular,3,17705.23,93,4,805,4,0,0.495,0,0.0,smart_retry,81
TXN104037,CUST11912,560.12,debit_card,insufficient_funds,regular,3,6123.74,307,2,717,4,1,0.3,0,0.0,customer_outreach,73
TXN104038,CUST14641,560.32,upi,insufficient_funds,regular,1,21256.24,96,4,848,8,1,0.35,0,0.0,customer_outreach,71
TXN104039,CUST14881,2066.54,wallet,gateway_error,regular,1,22723.55,3,1,570,8,2,0.795,1,2066.54,smart_retry,59
TXN104040,CUST19562,987.05,wallet,gateway_error,regular,4,7721.23,138,1,1556,6,2,0.66,0,0.0,smart_retry,74
TXN104041,CUST10893,1841.99,wallet,expired_card,regular,0,4116.32,233,3,1310,2,1,0.485,0,0.0,alternative_payment,62
TXN104042,CUST13973,1457.8,upi,network_error,regular,0,14768.92,327,2,393,5,3,0.77,0,0.0,smart_retry,58
TXN104043,CUST17731,1444.73,debit_card,expired_card,regular,1,6343.64,48,2,1439,5,3,0.585,1,1444.73,alternative_payment,63
TXN104044,CUST12909,892.71,net_banking,gateway_error,regular,0,15695.76,171,4,1764,3,0,0.585,1,892.71,smart_retry,66
TXN104045,CUST11086,2798.16,upi,gateway_error,new,2,16471.86,200,1,787,6,3,0.785,1,2798.16,smart_retry,64
TXN104046,CUST14035,3387.8,wallet,card_declined,regular,1,1690.92,214,3,644,5,2,0.35,0,0.0,smart_retry,67
TXN104047,CUST14367,1398.46,net_banking,expired_card,regular,1,10455.22,208,4,1459,6,0,0.445,0,0.0,alternative_payment,71
TXN104048,CUST16076,2179.81,debit_card,expired_card,new,0,16966.79,139,3,919,0,3,0.535,0,0.0,alternative_payment,62
TXN104049,CUST15206,2071.57,debit_card,expired_card,regular,0,1002.04,298,3,290,3,0,0.435,0,0.0,alternative_payment,62
TXN104050,CUST19446,1360.36,wallet,expired_card,new,0,7308.51,79,2,444,4,3,0.635,1,1360.36,alternative_payment,58
TXN104051,CUST16361,1427.51,net_banking,authentication_failed,regular,2,19684.58,53,2,1002,3,0,0.345,1,1427.51,customer_outreach,68
TXN104052,CUST11340,1671.73,debit_card,network_error,regular,3,20537.9,331,3,1977,2,0,0.505,1,1671.73,smart_retry,77
TXN104053,CUST13219,1119.38,wallet,insufficient_funds,regular,0,21586.62,109,2,871,5,2,0.445,0,0.0,customer_outreach,58
TXN104054,CUST18195,1253.95,net_banking,insufficient_funds,regular,0,24547.26,14,3,1637,4,0,0.34,0,0.0,payment_plan,62
TXN104055,CUST16443,2507.0,wallet,insufficient_funds,regular,0,4350.24,241,4,1338,2,2,0.32,0,0.0,payment_plan,66
TXN104056,CUST19968,2004.3,wallet,network_error,premium,1,3944.71,50,2,1792,2,0,0.765,0,0.0,smart_retry,68
TXN104057,CUST13679,953.23,wallet,card_declined,premium,1,10718.3,264,1,1452,3,1,0.565,1,953.23,customer_outreach,64
TXN104058,CUST17567,1061.52,credit_card,card_declined,regular,0,7911.3,255,1,1000,3,0,0.425,1,1061.52,smart_retry,54
TXN104059,CUST16218,1446.78,credit_card,gateway_error,regular,1,6708.58,3,0,590,9,0,0.8,0,0.0,smart_retry,55
TXN104060,CUST18786,992.86,wallet,gateway_error,new,1,2392.6,284,0,1168,4,1,0.78,0,0.0,smart_retry,55
TXN104061,CUST12292,713.31,net_banking,network_error,regular,2,9999.39,107,0,299,4,1,0.715,1,713.31,smart_retry,60
TXN104062,CUST12006,1801.8,upi,gateway_error,new,4,51787.75,304,2,1633,0,2,0.56,0,0.0,smart_retry,78
TXN104063,CUST17242,1029.94,net_banking,insufficient_funds,regular,3,12666.69,143,1,1563,4,3,0.39,0,0.0,payment_plan,69
TXN104064,CUST16366,663.25,upi,expired_card,new,2,3538.16,106,1,1254,3,1,0.54,0,0.0,alternative_payment,64
TXN104065,CUST11783,484.21,net_banking,insufficient_funds,new,0,4677.82,300,4,1321,1,1,0.31,0,0.0,customer_outreach,66
TXN104066,CUST10185,951.99,debit_card,gateway_error,new,1,3590.0,135,4,1763,5,1,0.635,1,951.99,smart_retry,71
TXN104067,CUST11309,1310.71,credit_card,insufficient_funds,regular,1,45691.34,360,3,1501,9,3,0.455,0,0.0,customer_outreach,67
TXN104068,CUST19292,700.08,net_banking,card_declined,regular,2,7954.27,232,0,873,0,1,0.375,1,700.08,alternative_payment,60
TXN104069,CUST19022,1643.81,debit_card,insufficient_funds,regular,0,12853.74,308,0,97,2,2,0.48,1,1643.81,payment_plan,50
TXN104070,CUST16383,573.39,credit_card,insufficient_funds,regular,1,4626.07,293,0,262,3,0,0.41,0,0.0,customer_outreach,55
TXN104071,CUST14045,1973.3,wallet,authentication_failed,regular,0,5399.05,300,0,1589,3,2,0.545,1,1973.3,customer_outreach,50
TXN104072,CUST11332,2011.52,debit_card,insufficient_funds,regular,1,4650.7,140,1,1005,5,1,0.425,1,2011.52,customer_outreach,59
TXN104073,CUST17897,1802.94,debit_card,network_error,regular,1,2644.04,52,2,123,7,2,0.74,1,1802.94,smart_retry,63
TXN104074,CUST19229,1618.61,wallet,network_error,regular,0,8296.59,32,0,1801,6,0,0.79,1,1618.61,smart_retry,50
TXN104075,CUST17113,551.72,net_banking,authentication_failed,regular,1,5870.93,38,2,1891,3,0,0.38,0,0.0,customer_outreach,63
TXN104076,CUST18919,1423.36,credit_card,card_declined,regular,0,2604.95,145,4,1370,1,1,0.3,0,0.0,alternative_payment,66
TXN104077,CUST19671,2581.54,credit_card,card_declined,premium,1,5081.31,160,1,1860,3,2,0.59,1,2581.54,customer_outreach,64
TXN104078,CUST10633,1061.89,debit_card,authentication_failed,regular,0,8405.51,214,3,1926,4,0,0.39,1,1061.89,customer_outreach,62
TXN104079,CUST11950,3135.94,net_banking,authentication_failed,at_risk,1,3154.53,38,4,1263,5,1,0.205,0,0.0,customer_outreach,71
TXN104080,CUST10648,512.15,debit_card,expired_card,premium,1,5695.3,103,2,1057,6,0,0.675,0,0.0,alternative_payment,68
TXN104081,CUST15392,4866.53,upi,authentication_failed,regular,3,4073.48,80,0,459,6,1,0.46,0,0.0,customer_outreach,65
TXN104082,CUST15230,1086.12,debit_card,card_declined,regular,5,16491.77,357,3,1188,2,2,0.205,0,0.0,human_escalation,87
TXN104083,CUST11575,1663.93,net_banking,authentication_failed,premium,1,11851.82,279,3,150,3,0,0.49,0,0.0,customer_outreach,72
TXN104084,CUST11308,172.35,upi,gateway_error,premium,2,6181.96,360,0,1649,2,1,0.835,1,172.35,smart_retry,65
TXN104085,CUST18118,2130.95,credit_card,insufficient_funds,new,1,2325.74,362,0,1223,4,1,0.48,0,0.0,customer_outreach,55
TXN104086,CUST10265,2041.25,debit_card,expired_card,at_risk,3,1233.26,343,0,360,4,1,0.34,1,2041.25,alternative_payment,65
TXN104087,CUST18532,1516.27,wallet,network_error,premium,2,6648.12,48,0,301,5,0,0.855,1,1516.27,smart_retry,65
TXN104088,CUST18742,931.36,net_banking,network_error,regular,0,6620.2,70,3,1942,4,2,0.69,0,0.0,smart_retry,62
TXN104089,CUST11230,621.91,wallet,insufficient_funds,at_risk,3,21793.31,244,4,784,4,0,0.05,0,0.0,customer_outreach,81
TXN104090,CUST16235,3288.43,upi,gateway_error,regular,1,8947.83,37,1,1164,4,1,0.71,0,0.0,smart_retry,59
TXN104091,CUST11305,2575.68,credit_card,network_error,regular,3,3484.96,315,0,1376,6,0,0.685,1,2575.68,smart_retry,65
TXN104092,CUST16208,4018.33,credit_card,authentication_failed,at_risk,5,2847.87,87,1,1343,7,1,0.215,0,0.0,customer_outreach,79
TXN104093,CUST12486,536.33,credit_card,expired_card,regular,1,2666.63,25,0,1484,7,0,0.62,0,0.0,alternative_payment,55
TXN104094,CUST13890,1332.44,credit_card,expired_card,regular,0,1656.75,27,3,1252,3,2,0.485,1,1332.44,alternative_payment,62
TXN104095,CUST17099,1418.23,debit_card,gateway_error,premium,1,4487.39,281,2,1697,2,5,0.865,1,1418.23,smart_retry,68
TXN104096,CUST15642,2328.13,upi,insufficient_funds,at_risk,1,8471.97,90,3,1544,5,0,0.17,0,0.0,customer_outreach,67
TXN104097,CUST11229,1124.57,credit_card,insufficient_funds,regular,0,3929.65,145,3,1505,3,0,0.325,1,1124.57,payment_plan,62
TXN104098,CUST17643,3239.26,wallet,authentication_failed,regular,0,31265.89,315,2,1096,5,1,0.47,0,0.0,customer_outreach,58
TXN104099,CUST18613,1336.39,upi,gateway_error,regular,0,2991.18,145,4,1197,2,2,0.62,1,1336.39,smart_retry,66
TXN104100,CUST19795,2494.03,debit_card,card_declined,premium,1,4837.53,55,4,1317,4,0,0.435,0,0.0,customer_outreach,76
TXN104101,CUST15582,871.15,net_banking,gateway_error,regular,1,10904.25,340,3,456,5,1,0.645,1,871.15,smart_retry,67
TXN104102,CUST15990,799.94,upi,authentication_failed,regular,1,8790.73,75,1,948,3,1,0.445,0,0.0,customer_outreach,59
TXN104103,CUST11415,767.23,net_banking,insufficient_funds,regular,3,24690.33,69,2,859,5,1,0.315,0,0.0,customer_outreach,73
TXN104104,CUST10424,575.19,upi,gateway_error,new,1,52192.37,244,0,1388,4,0,0.755,1,575.19,smart_retry,55
TXN104105,CUST10701,2374.31,credit_card,expired_card,new,0,8262.75,335,2,257,3,1,0.57,1,2374.31,alternative_payment,58
TXN104106,CUST13645,3391.64,credit_card,gateway_error,regular,0,8227.93,216,1,563,4,1,0.745,1,3391.64,smart_retry,54
TXN104107,CUST10663,2870.36,wallet,gateway_error,new,4,4895.92,53,0,37,4,4,0.75,1,2870.36,smart_retry,70
TXN104108,CUST16747,1545.12,net_banking,authentication_failed,regular,1,14250.6,345,2,1677,3,0,0.38,1,1545.12,customer_outreach,63
TXN104109,CUST11643,1686.47,net_banking,insufficient_funds,regular,0,24398.35,4,3,864,4,0,0.34,0,0.0,payment_plan,62
TXN104110,CUST13148,1598.89,wallet,network_error,premium,2,10427.03,180,1,316,3,0,0.785,1,1598.89,smart_retry,69
TXN104111,CUST13757,730.23,debit_card,authentication_failed,premium,3,12214.58,90,4,347,7,1,0.465,0,0.0,customer_outreach,86
TXN104112,CUST14651,1524.35,credit_card,authentication_failed,regular,1,9919.47,168,1,1107,3,3,0.495,1,1524.35,customer_outreach,59
TXN104113,CUST13155,677.16,upi,authentication_failed,regular,1,14999.49,153,0,32,5,3,0.565,1,677.16,customer_outreach,55
TXN104114,CUST14471,1219.44,credit_card,card_declined,new,3,18165.45,284,2,956,4,0,0.325,0,0.0,alternative_payment,73
TXN104115,CUST11897,1169.39,debit_card,expired_card,new,2,12037.28,53,0,1946,3,1,0.58,1,1169.39,alternative_payment,60
TXN104116,CUST14034,2118.79,upi,network_error,premium,3,1538.81,161,1,682,4,0,0.725,1,2118.79,smart_retry,74
TXN104117,CUST17258,1447.36,debit_card,insufficient_funds,new,3,6770.24,272,4,298,6,1,0.28,0,0.0,payment_plan,81
TXN104118,CUST17154,641.3,upi,card_declined,regular,1,5996.89,341,2,1988,6,1,0.42,0,0.0,customer_outreach,63
TXN104119,CUST19118,697.82,credit_card,authentication_failed,new,1,9193.29,269,1,89,5,0,0.48,0,0.0,customer_outreach,59
TXN104120,CUST12091,1381.76,wallet,card_declined,new,1,8672.1,13,2,239,5,1,0.435,0,0.0,alternative_payment,63
TXN104121,CUST14713,4207.41,upi,insufficient_funds,regular,1,13742.82,314,2,1815,4,1,0.37,1,4207.41,payment_plan,63
TXN104122,CUST18364,2138.45,credit_card,network_error,regular,0,10753.31,241,4,869,3,0,0.585,1,2138.45,smart_retry,66
TXN104123,CUST17440,2586.61,upi,network_error,new,1,8767.71,66,4,104,2,1,0.59,0,0.0,smart_retry,71
TXN104124,CUST12871,5140.91,credit_card,network_error,regular,4,3619.77,285,4,487,3,0,0.445,0,0.0,smart_retry,86
TXN104125,CUST10369,2449.75,net_banking,insufficient_funds,new,2,26641.28,255,4,1345,3,0,0.245,0,0.0,payment_plan,76
TXN104126,CUST13724,3923.94,net_banking,authentication_failed,regular,1,3920.05,60,1,229,3,1,0.445,0,0.0,customer_outreach,59
TXN104127,CUST13635,3111.37,wallet,network_error,at_risk,3,2601.82,228,2,1937,2,2,0.445,1,3111.37,smart_retry,73
TXN104128,CUST13924,484.08,net_banking,authentication_failed,regular,1,60838.06,164,2,1161,6,3,0.5,1,484.08,customer_outreach,63
TXN104129,CUST15294,1058.5,upi,gateway_error,new,1,3306.35,304,4,656,4,0,0.595,1,1058.5,smart_retry,71
TXN104130,CUST10341,1294.73,wallet,expired_card,regular,1,8576.46,1,3,1264,2,1,0.45,0,0.0,alternative_payment,67
TXN104131,CUST17043,2399.89,wallet,network_error,premium,0,4579.63,153,2,1860,4,0,0.83,1,2399.89,smart_retry,63
TXN104132,CUST12510,876.88,wallet,authentication_failed,new,0,2965.19,220,0,802,8,2,0.65,0,0.0,customer_outreach,50
TXN104133,CUST11092,1954.37,credit_card,gateway_error,regular,1,10214.12,236,1,508,3,0,0.67,1,1954.37,smart_retry,59
TXN104134,CUST17411,654.32,upi,expired_card,regular,0,9300.06,23,0,847,2,2,0.63,0,0.0,alternative_payment,50
TXN104135,CUST15215,1552.94,debit_card,gateway_error,regular,1,2439.89,115,3,1389,5,1,0.645,1,1552.94,smart_retry,67
TXN104136,CUST19177,1216.42,credit_card,expired_card,regular,4,7337.98,283,0,316,2,0,0.44,0,0.0,alternative_payment,70
TXN104137,CUST15860,759.64,debit_card,network_error,premium,0,8833.5,144,1,1010,4,0,0.87,1,759.64,smart_retry,59
TXN104138,CUST16528,432.13,wallet,authentication_failed,regular,2,3106.12,314,3,635,3,1,0.33,1,432.13,customer_outreach,72
TXN104139,CUST14413,1250.57,upi,gateway_error,new,0,16839.3,256,1,691,3,3,0.81,1,1250.57,smart_retry,54
TXN104140,CUST10149,2663.6,wallet,expired_card,regular,4,8291.01,124,1,1875,1,0,0.385,0,0.0,alternative_payment,74
TXN104141,CUST14104,358.94,debit_card,insufficient_funds,regular,2,6791.22,3,0,590,6,2,0.47,1,358.94,payment_plan,60
TXN104142,CUST17444,417.81,debit_card,expired_card,premium,0,6753.99,170,2,535,1,1,0.66,0,0.0,alternative_payment,63
TXN104143,CUST16526,1094.36,wallet,card_declined,regular,1,10919.7,174,2,969,5,3,0.455,1,1094.36,customer_outreach,63
TXN104144,CUST19583,2886.76,credit_card,gateway_error,regular,1,6539.31,256,4,1686,2,2,0.585,1,2886.76,smart_retry,71
TXN104145,CUST16206,684.59,credit_card,insufficient_funds,regular,2,9162.6,189,3,155,5,0,0.285,0,0.0,payment_plan,72
TXN104146,CUST13488,851.27,debit_card,network_error,premium,2,20483.5,174,4,626,2,2,0.7,0,0.0,smart_retry,81
TXN104147,CUST15879,1775.65,debit_card,insufficient_funds,new,1,5686.18,165,4,1917,3,0,0.28,1,1775.65,payment_plan,71
TXN104148,CUST18607,800.76,net_banking,insufficient_funds,premium,0,8584.31,11,1,1269,2,1,0.565,0,0.0,customer_outreach,59
TXN104149,CUST16427,415.53,debit_card,network_error,regular,1,20622.95,47,3,353,1,1,0.585,1,415.53,smart_retry,67
TXN104150,CUST11625,1825.96,net_banking,expired_card,at_risk,1,3795.42,308,1,1728,9,2,0.51,1,1825.96,alternative_payment,59
TXN104151,CUST12146,785.85,credit_card,expired_card,premium,1,11294.82,238,4,1929,5,2,0.63,1,785.85,alternative_payment,76
TXN104152,CUST12897,4461.66,credit_card,expired_card,regular,0,20819.68,303,1,1872,4,1,0.595,1,4461.66,alternative_payment,54
TXN104153,CUST16653,1411.95,net_banking,authentication_failed,regular,0,2368.17,3,3,483,2,2,0.41,1,1411.95,customer_outreach,62
TXN104154,CUST12067,702.03,upi,card_declined,at_risk,0,4493.15,63,1,1230,3,1,0.3,1,702.03,smart_retry,54
TXN104155,CUST18193,4071.47,credit_card,expired_card,regular,2,6642.83,184,0,408,3,1,0.55,1,4071.47,alternative_payment,60
TXN104156,CUST12477,650.78,credit_card,gateway_error,premium,1,4343.58,300,0,247,3,0,0.86,1,650.78,smart_retry,60
TXN104157,CUST19444,2189.49,debit_card,network_error,regular,0,14565.83,192,4,492,5,5,0.715,1,2189.49,smart_retry,66
TXN104158,CUST18018,1466.34,wallet,gateway_error,premium,1,8308.01,32,0,149,2,0,0.845,1,1466.34,smart_retry,60
TXN104159,CUST10355,1895.73,debit_card,network_error,regular,1,3799.62,175,3,233,4,0,0.605,1,1895.73,smart_retry,67
TXN104160,CUST16173,3500.67,debit_card,insufficient_funds,new,0,3457.24,193,2,1463,7,1,0.48,0,0.0,customer_outreach,58
TXN104161,CUST11048,2777.99,wallet,network_error,regular,1,2502.62,308,2,35,2,0,0.615,1,2777.99,smart_retry,63
TXN104162,CUST17364,246.06,wallet,authentication_failed,new,2,7162.01,74,1,30,6,2,0.51,1,246.06,customer_outreach,64
TXN104163,CUST14680,4476.95,upi,network_error,new,3,5077.16,112,1,1551,1,0,0.6,1,4476.95,smart_retry,69
TXN104164,CUST13839,1799.0,credit_card,gateway_error,regular,2,13151.86,240,3,1906,1,1,0.55,1,1799.0,smart_retry,72
TXN104165,CUST18756,3776.05,credit_card,expired_card,regular,1,18194.73,149,3,1533,0,1,0.42,1,3776.05,alternative_payment,67
TXN104166,CUST14717,1369.72,debit_card,gateway_error,premium,0,2956.31,61,4,635,7,0,0.795,1,1369.72,smart_retry,71
TXN104167,CUST15779,448.17,debit_card,network_error,regular,1,3740.53,54,0,1402,2,1,0.72,0,0.0,smart_retry,55
TXN104168,CUST17395,1341.63,net_banking,gateway_error,at_risk,2,615.54,365,3,726,5,1,0.42,0,0.0,smart_retry,72
TXN104169,CUST10957,1713.05,upi,insufficient_funds,regular,1,8850.54,332,3,167,5,2,0.37,1,1713.05,payment_plan,67
TXN104170,CUST10434,709.62,wallet,insufficient_funds,regular,1,7833.45,359,2,1006,3,2,0.38,1,709.62,payment_plan,63
TXN104171,CUST16664,6077.4,credit_card,network_error,regular,2,9461.71,80,1,533,2,1,0.645,0,0.0,smart_retry,64
TXN104172,CUST11134,401.95,credit_card,gateway_error,regular,1,2010.22,281,3,79,4,2,0.655,0,0.0,smart_retry,67
TXN104173,CUST16330,1284.49,net_banking,network_error,regular,0,7924.32,172,1,307,3,0,0.705,1,1284.49,smart_retry,54
TXN104174,CUST12476,1093.9,debit_card,network_error,regular,3,5153.85,277,2,1229,7,0,0.62,1,1093.9,smart_retry,73
TXN104175,CUST12544,380.28,credit_card,insufficient_funds,regular,2,9616.9,326,4,1505,5,2,0.295,0,0.0,customer_outreach,76
TXN104176,CUST18398,1716.93,upi,gateway_error,regular,0,7281.0,255,0,200,2,1,0.755,1,1716.93,smart_retry,50
TXN104177,CUST14686,1534.2,debit_card,authentication_failed,regular,3,3265.65,12,0,89,1,2,0.41,0,0.0,customer_outreach,65
TXN104178,CUST14011,1500.28,net_banking,expired_card,new,2,954.97,126,4,1570,7,3,0.49,0,0.0,alternative_payment,76
TXN104179,CUST18812,1874.52,wallet,network_error,premium,2,14646.46,125,0,454,4,1,0.865,0,0.0,smart_retry,65
TXN104180,CUST12346,907.25,upi,gateway_error,regular,2,10694.58,338,4,1773,5,0,0.545,1,907.25,smart_retry,76
TXN104181,CUST16227,1646.02,net_banking,authentication_failed,regular,0,14703.43,246,4,1491,2,0,0.32,1,1646.02,customer_outreach,66
TXN104182,CUST14224,629.2,credit_card,gateway_error,regular,0,28833.46,104,3,875,6,1,0.695,1,629.2,smart_retry,62
TXN104183,CUST15611,639.47,wallet,card_declined,new,1,8090.29,175,1,1912,5,0,0.45,1,639.47,alternative_payment,59
TXN104184,CUST12284,604.29,credit_card,card_declined,premium,2,2859.6,141,0,1698,3,0,0.545,1,604.29,customer_outreach,65
TXN104185,CUST16354,402.7,upi,insufficient_funds,new,1,8721.96,202,2,406,4,3,0.45,0,0.0,customer_outreach,63
TXN104186,CUST17292,317.01,debit_card,expired_card,premium,1,6700.13,74,3,404,6,0,0.635,1,317.01,alternative_payment,72
TXN104187,CUST14581,857.48,upi,expired_card,regular,1,30527.94,128,3,1975,6,1,0.51,1,857.48,alternative_payment,67
TXN104188,CUST15987,589.49,net_banking,expired_card,at_risk,2,15030.03,198,4,991,4,0,0.23,1,589.49,alternative_payment,76
TXN104189,CUST16729,474.6,upi,authentication_failed,regular,2,17101.97,151,4,902,6,1,0.335,1,474.6,customer_outreach,76
TXN104190,CUST12617,1141.12,debit_card,expired_card,new,0,16736.04,296,2,1480,4,1,0.585,1,1141.12,alternative_payment,58
TXN104191,CUST16022,707.42,credit_card,card_declined,regular,0,10299.91,321,1,674,2,2,0.46,0,0.0,smart_retry,54
TXN104192,CUST16771,841.95,wallet,insufficient_funds,at_risk,2,4529.85,215,2,814,2,1,0.155,0,0.0,customer_outreach,68
TXN104193,CUST11799,2073.36,debit_card,network_error,premium,1,4036.21,216,1,1567,3,0,0.82,1,2073.36,smart_retry,64
TXN104194,CUST17328,729.14,net_banking,network_error,regular,1,3955.92,306,1,1544,3,0,0.67,1,729.14,smart_retry,59
TXN104195,CUST15235,1550.3,credit_card,authentication_failed,regular,2,2204.66,111,2,1432,1,0,0.315,1,1550.3,customer_outreach,68
TXN104196,CUST14412,780.41,debit_card,card_declined,premium,0,8031.89,57,2,925,5,1,0.59,1,780.41,customer_outreach,63
TXN104197,CUST16082,784.56,credit_card,insufficient_funds,premium,2,12222.13,101,2,1858,7,0,0.505,0,0.0,customer_outreach,73
TXN104198,CUST17560,1944.36,wallet,network_error,at_risk,1,3095.46,359,0,617,3,1,0.585,1,1944.36,smart_retry,55
TXN104199,CUST15650,1202.02,net_banking,network_error,regular,1,13972.79,71,2,268,8,1,0.73,1,1202.02,smart_retry,63
TXN104200,CUST18515,2372.29,upi,network_error,regular,2,3509.03,235,0,446,5,0,0.705,1,2372.29,smart_retry,60
TXN104201,CUST13771,811.97,wallet,authentication_failed,premium,1,16227.03,150,3,1167,5,0,0.52,1,811.97,customer_outreach,72
TXN104202,CUST12359,699.47,debit_card,insufficient_funds,regular,2,3475.01,80,0,1927,6,1,0.445,0,0.0,customer_outreach,60
TXN104203,CUST15188,655.06,credit_card,network_error,at_risk,3,30261.04,250,3,1598,3,1,0.395,1,655.06,smart_retry,77
TXN104204,CUST17295,1255.56,credit_card,gateway_error,regular,3,7098.8,323,1,1404,5,0,0.63,0,0.0,smart_retry,69
TXN104205,CUST12303,1372.98,wallet,gateway_error,regular,1,4088.6,58,0,313,7,2,0.82,0,0.0,smart_retry,55
TXN104206,CUST12482,1583.57,credit_card,card_declined,new,2,6777.77,347,4,628,5,0,0.295,0,0.0,human_escalation,76
TXN104207,CUST18247,1874.5,upi,insufficient_funds,regular,1,6987.67,130,4,446,3,4,0.35,1,1874.5,payment_plan,71
TXN104208,CUST13481,869.88,net_banking,gateway_error,regular,1,8518.28,196,0,1969,1,2,0.73,1,869.88,smart_retry,55
TXN104209,CUST18347,1014.03,debit_card,network_error,regular,2,4451.81,208,3,1512,4,0,0.57,0,0.0,smart_retry,72
TXN104210,CUST11405,673.51,debit_card,gateway_error,premium,2,30859.78,172,2,1272,5,2,0.825,1,673.51,smart_retry,73
TXN104211,CUST14686,897.29,net_banking,authentication_failed,premium,0,6558.91,288,2,1908,2,0,0.55,1,897.29,customer_outreach,63
TXN104212,CUST16869,3295.71,upi,authentication_failed,new,1,2080.07,27,0,1805,7,2,0.6,1,3295.71,customer_outreach,55
TXN104213,CUST13076,643.44,debit_card,expired_card,regular,0,6260.3,48,4,1935,5,0,0.465,1,643.44,alternative_payment,66
TXN104214,CUST13525,791.13,upi,card_declined,new,1,7350.38,1,0,251,2,2,0.495,1,791.13,customer_outreach,55
TXN104215,CUST14780,2083.64,net_banking,card_declined,regular,2,6801.84,272,0,1137,4,0,0.41,1,2083.64,smart_retry,60
TXN104216,CUST13551,1095.52,wallet,network_error,regular,2,22020.36,328,0,615,2,1,0.685,1,1095.52,smart_retry,60
TXN104217,CUST14182,569.79,credit_card,card_declined,regular,3,41017.61,140,1,160,2,1,0.33,0,0.0,customer_outreach,69
TXN104218,CUST16646,3759.11,net_banking,authentication_failed,regular,1,14326.22,352,1,1737,2,1,0.43,0,0.0,customer_outreach,59
TXN104219,CUST15409,638.94,debit_card,authentication_failed,regular,3,8361.67,53,2,1084,5,0,0.34,0,0.0,customer_outreach,73
TXN104220,CUST13559,929.27,net_banking,expired_card,regular,2,3265.24,181,4,132,4,1,0.405,1,929.27,alternative_payment,76
TXN104221,CUST13229,835.75,credit_card,authentication_failed,regular,0,2442.42,53,3,1087,5,0,0.405,0,0.0,customer_outreach,62
TXN104222,CUST15206,1256.88,net_banking,expired_card,regular,2,24182.11,250,3,1154,4,2,0.47,1,1256.88,alternative_payment,72
TXN104223,CUST14296,537.18,credit_card,card_declined,at_risk,4,5276.31,312,0,346,3,1,0.2,0,0.0,human_escalation,70
TXN104224,CUST17579,592.15,credit_card,gateway_error,new,1,13118.11,270,4,1352,3,2,0.63,0,0.0,smart_retry,71
TXN104225,CUST13345,1884.46,net_banking,network_error,premium,1,9882.56,48,0,779,0,1,0.84,1,1884.46,smart_retry,60
TXN104226,CUST18453,923.54,net_banking,gateway_error,at_risk,2,25671.18,265,3,261,4,0,0.42,1,923.54,smart_retry,72
TXN104227,CUST11395,2115.28,wallet,authentication_failed,regular,0,8443.21,198,3,759,3,2,0.425,0,0.0,customer_outreach,62
TXN104228,CUST19488,879.17,wallet,insufficient_funds,regular,1,2759.6,82,3,164,4,0,0.305,1,879.17,customer_outreach,67
TXN104229,CUST10682,5182.71,upi,card_declined,regular,0,8249.63,275,1,797,4,0,0.44,1,5182.71,smart_retry,54
TXN104230,CUST14187,602.15,upi,network_error,regular,1,13025.34,302,2,894,4,1,0.67,1,602.15,smart_retry,63
TXN104231,CUST15360,1004.16,net_banking,network_error,premium,0,2554.97,190,1,776,1,0,0.825,1,1004.16,smart_retry,59
TXN104232,CUST13922,1020.71,debit_card,authentication_failed,regular,1,4426.51,261,1,608,4,0,0.435,1,1020.71,customer_outreach,59
TXN104233,CUST12608,786.83,net_banking,gateway_error,regular,0,3034.74,49,3,1884,3,2,0.675,0,0.0,smart_retry,62
TXN104234,CUST17896,1085.11,upi,authentication_failed,premium,3,14607.84,349,2,1134,6,0,0.505,0,0.0,customer_outreach,78
TXN104235,CUST14385,254.35,net_banking,gateway_error,regular,2,17117.75,310,1,38,3,0,0.635,0,0.0,smart_retry,64
TXN104236,CUST13316,826.27,credit_card,insufficient_funds,new,1,8881.28,175,1,352,5,0,0.43,1,826.27,customer_outreach,59
TXN104237,CUST12928,932.56,net_banking,gateway_error,regular,3,2095.07,287,1,552,3,0,0.6,0,0.0,smart_retry,69
TXN104238,CUST15188,1402.7,credit_card,network_error,regular,2,9459.37,364,0,367,5,0,0.705,0,0.0,smart_retry,60
TXN104239,CUST15241,4233.46,debit_card,authentication_failed,regular,0,2257.63,154,3,248,1,0,0.345,0,0.0,customer_outreach,62
TXN104240,CUST13908,1521.6,credit_card,authentication_failed,regular,0,10798.24,98,0,1126,2,3,0.555,1,1521.6,customer_outreach,50
TXN104241,CUST19245,520.87,net_banking,insufficient_funds,new,2,5048.43,5,3,1597,3,2,0.335,0,0.0,payment_plan,72
TXN104242,CUST19102,882.64,debit_card,gateway_error,new,0,19680.67,241,3,1913,1,1,0.65,1,882.64,smart_retry,62
TXN104243,CUST11899,1358.09,credit_card,authentication_failed,regular,0,28707.41,164,1,1449,4,3,0.545,0,0.0,customer_outreach,54
TXN104244,CUST17876,601.06,wallet,gateway_error,regular,4,3764.22,309,0,47,7,1,0.69,1,601.06,smart_retry,70
TXN104245,CUST17251,204.32,credit_card,insufficient_funds,premium,2,32885.34,73,2,318,0,2,0.45,0,0.0,payment_plan,73
TXN104246,CUST14836,416.48,upi,gateway_error,regular,1,19456.03,348,0,744,4,0,0.725,0,0.0,smart_retry,55
TXN104247,CUST17920,2383.33,net_banking,gateway_error,premium,1,3519.89,317,3,1944,4,1,0.78,1,2383.33,smart_retry,72
TXN104248,CUST11971,1297.78,wallet,authentication_failed,regular,0,28536.87,56,3,777,6,1,0.445,1,1297.78,customer_outreach,62
TXN104249,CUST19992,1252.63,net_banking,expired_card,new,1,2196.65,207,3,862,6,3,0.59,0,0.0,alternative_payment,67
TXN104250,CUST14849,1136.55,credit_card,authentication_failed,regular,0,5593.39,349,3,1103,3,3,0.45,1,1136.55,customer_outreach,62
TXN104251,CUST13842,2201.53,debit_card,expired_card,new,2,40706.64,9,0,1289,4,1,0.595,1,2201.53,alternative_payment,60
TXN104252,CUST16007,1397.63,debit_card,insufficient_funds,at_risk,5,26621.16,145,1,1411,6,1,0.15,0,0.0,customer_outreach,79
TXN104253,CUST15972,2396.02,debit_card,gateway_error,regular,1,3320.02,356,1,290,7,2,0.78,0,0.0,smart_retry,59
TXN104254,CUST11445,2948.06,wallet,card_declined,new,2,22205.96,125,4,1470,2,0,0.25,0,0.0,human_escalation,76
TXN104255,CUST10217,605.91,net_banking,card_declined,regular,0,14138.85,146,3,1405,6,1,0.415,0,0.0,smart_retry,62
TXN104256,CUST16903,1281.95,credit_card,card_declined,regular,0,10980.05,328,4,264,6,1,0.375,1,1281.95,smart_retry,66
TXN104257,CUST15386,3105.32,credit_card,network_error,new,1,25524.6,23,0,842,3,0,0.74,1,3105.32,smart_retry,55
TXN104258,CUST12480,797.57,net_banking,card_declined,premium,1,3128.66,17,1,851,1,0,0.51,0,0.0,customer_outreach,64
TXN104259,CUST15712,1856.56,wallet,authentication_failed,new,0,2815.73,343,2,1759,0,1,0.425,0,0.0,customer_outreach,58
TXN104260,CUST17679,722.67,upi,authentication_failed,regular,0,17486.92,285,1,481,2,0,0.44,0,0.0,customer_outreach,54
TXN104261,CUST15220,934.4,upi,authentication_failed,regular,1,18753.37,106,2,1037,4,1,0.42,1,934.4,customer_outreach,63
TXN104262,CUST11462,640.78,wallet,insufficient_funds,premium,0,30389.64,293,3,996,5,3,0.58,1,640.78,payment_plan,67
TXN104263,CUST14131,986.91,net_banking,insufficient_funds,at_risk,2,4585.62,364,4,1922,3,0,0.065,0,0.0,customer_outreach,76
TXN104264,CUST16346,1342.13,upi,network_error,new,2,9935.87,80,0,1825,4,4,0.82,1,1342.13,smart_retry,60
TXN104265,CUST13402,705.76,credit_card,gateway_error,regular,1,2113.0,337,3,896,5,0,0.62,1,705.76,smart_retry,67
TXN104266,CUST15977,1437.77,debit_card,authentication_failed,premium,2,19372.38,202,4,712,6,2,0.51,1,1437.77,customer_outreach,81
TXN104267,CUST14323,754.43,wallet,insufficient_funds,at_risk,0,7499.65,256,1,624,3,0,0.255,0,0.0,payment_plan,54
TXN104268,CUST10645,2553.68,credit_card,network_error,new,1,9783.14,346,1,72,4,0,0.715,1,2553.68,smart_retry,59
TXN104269,CUST18947,840.2,net_banking,network_error,premium,1,4907.8,156,3,1647,4,0,0.755,1,840.2,smart_retry,72
TXN104270,CUST10286,613.65,upi,card_declined,regular,0,15184.94,287,2,603,4,1,0.425,0,0.0,smart_retry,58
TXN104271,CUST12346,613.92,net_banking,card_declined,regular,0,7630.82,334,1,1524,2,0,0.41,0,0.0,smart_retry,54
TXN104272,CUST13246,1311.25,debit_card,expired_card,new,1,6899.68,336,1,811,7,0,0.61,1,1311.25,alternative_payment,59
TXN104273,CUST19802,324.45,debit_card,card_declined,premium,0,10149.47,30,0,1509,5,1,0.67,0,0.0,customer_outreach,55
TXN104274,CUST10617,1292.05,wallet,card_declined,regular,1,21100.98,305,4,510,3,3,0.345,0,0.0,smart_retry,71
TXN104275,CUST19061,2848.58,net_banking,authentication_failed,premium,2,7860.56,2,2,1778,3,2,0.545,1,2848.58,customer_outreach,73
TXN104276,CUST18711,1255.26,credit_card,insufficient_funds,regular,2,9246.46,119,2,1461,5,0,0.325,0,0.0,customer_outreach,68
TXN104277,CUST11056,1959.5,upi,authentication_failed,new,0,6467.38,308,1,1309,8,1,0.585,1,1959.5,customer_outreach,54
TXN104278,CUST10828,636.15,wallet,network_error,regular,1,1854.78,135,1,1327,0,2,0.635,1,636.15,smart_retry,59
TXN104279,CUST17266,2241.66,net_banking,gateway_error,premium,3,7891.91,214,3,378,7,1,0.755,1,2241.66,smart_retry,82
TXN104280,CUST18745,1213.04,credit_card,authentication_failed,new,1,7150.09,43,1,310,5,0,0.48,1,1213.04,customer_outreach,59
TXN104281,CUST17030,1456.7,wallet,card_declined,regular,1,8233.91,293,2,1627,4,2,0.415,0,0.0,customer_outreach,63
TXN104282,CUST14201,3596.09,net_banking,card_declined,new,3,1402.57,113,0,1726,4,1,0.39,0,0.0,smart_retry,65
TXN104283,CUST10595,2217.92,upi,network_error,regular,1,4680.09,109,1,47,5,1,0.725,0,0.0,smart_retry,59
TXN104284,CUST17088,1585.53,net_banking,insufficient_funds,regular,0,2317.98,317,4,624,5,1,0.34,0,0.0,payment_plan,66
TXN104285,CUST11550,2440.73,wallet,authentication_failed,at_risk,0,10425.27,158,1,1396,1,1,0.3,1,2440.73,customer_outreach,54
TXN104286,CUST16917,765.06,wallet,insufficient_funds,regular,0,8958.43,209,2,1356,4,0,0.38,1,765.06,payment_plan,58
TXN104287,CUST11701,1962.16,net_banking,gateway_error,regular,2,14270.25,354,0,1072,3,2,0.725,1,1962.16,smart_retry,60
TXN104288,CUST18114,680.09,net_banking,gateway_error,new,1,7526.15,65,4,1141,0,3,0.61,0,0.0,smart_retry,71
TXN104289,CUST13551,2140.67,net_banking,insufficient_funds,regular,2,13232.82,270,2,80,4,3,0.385,0,0.0,payment_plan,68
TXN104290,CUST16496,2283.39,debit_card,gateway_error,at_risk,2,7382.25,89,4,355,2,0,0.35,0,0.0,smart_retry,76
TXN104291,CUST13015,250.52,net_banking,gateway_error,regular,1,7967.11,264,4,52,3,0,0.55,1,250.52,smart_retry,71
TXN104292,CUST19336,774.89,debit_card,gateway_error,regular,1,4749.21,44,3,1703,2,1,0.6,0,0.0,smart_retry,67
TXN104293,CUST15322,1136.01,debit_card,insufficient_funds,regular,2,12953.55,329,4,1414,3,3,0.29,0,0.0,payment_plan,76
TXN104294,CUST17598,522.29,upi,authentication_failed,regular,2,31042.06,163,4,1126,5,2,0.345,0,0.0,customer_outreach,76
TXN104295,CUST11739,1799.83,debit_card,expired_card,regular,0,22215.53,245,3,982,4,1,0.515,0,0.0,alternative_payment,62
TXN104296,CUST12495,1081.81,net_banking,expired_card,at_risk,0,33024.06,254,3,636,5,1,0.38,1,1081.81,alternative_payment,62
TXN104297,CUST10408,2318.57,wallet,insufficient_funds,at_risk,0,31219.56,190,4,80,3,1,0.16,0,0.0,customer_outreach,66
TXN104298,CUST10480,2855.68,credit_card,network_error,at_risk,1,4072.58,149,0,1613,6,1,0.63,0,0.0,smart_retry,55
TXN104299,CUST17222,1241.6,credit_card,gateway_error,regular,0,9240.54,283,4,415,6,2,0.68,1,1241.6,smart_retry,66
TXN104300,CUST19366,576.95,credit_card,insufficient_funds,regular,1,16226.01,181,3,748,1,2,0.31,0,0.0,payment_plan,67
TXN104301,CUST18755,775.03,wallet,gateway_error,premium,0,6074.31,59,2,1106,3,2,0.865,1,775.03,smart_retry,63
TXN104302,CUST17021,1287.37,credit_card,card_declined,new,0,5377.85,185,0,38,5,2,0.575,1,1287.37,alternative_payment,50
TXN104303,CUST19887,1779.54,debit_card,expired_card,regular,1,4705.5,361,1,1100,3,0,0.52,0,0.0,alternative_payment,59
TXN104304,CUST17327,748.33,wallet,gateway_error,regular,0,9015.73,238,0,1312,1,0,0.715,1,748.33,smart_retry,50
TXN104305,CUST13816,2301.42,credit_card,insufficient_funds,regular,0,4996.55,10,0,238,4,0,0.46,0,0.0,payment_plan,50
TXN104306,CUST15568,903.44,credit_card,card_declined,regular,0,23623.73,201,0,1040,3,0,0.465,0,0.0,customer_outreach,50
TXN104307,CUST12800,478.35,wallet,card_declined,regular,2,10806.86,330,4,735,3,1,0.26,1,478.35,human_escalation,76
TXN104308,CUST12445,4081.33,debit_card,insufficient_funds,regular,1,34015.15,97,3,1268,6,0,0.335,0,0.0,payment_plan,67
TXN104309,CUST11950,424.43,wallet,card_declined,regular,2,3630.53,22,0,1632,2,3,0.455,1,424.43,customer_outreach,60
TXN104310,CUST13204,1632.15,credit_card,insufficient_funds,new,2,2712.72,89,3,1363,3,2,0.335,1,1632.15,customer_outreach,72
TXN104311,CUST12275,4026.76,upi,network_error,new,0,6070.46,232,2,519,3,2,0.745,0,0.0,smart_retry,58
TXN104312,CUST17693,2131.79,upi,card_declined,regular,1,10613.61,168,3,1840,1,0,0.28,0,0.0,human_escalation,67
TXN104313,CUST11507,459.9,upi,expired_card,regular,0,8027.46,340,4,782,7,2,0.545,1,459.9,alternative_payment,66
TXN104314,CUST16684,243.13,net_banking,expired_card,premium,1,12243.86,195,4,1879,2,0,0.535,1,243.13,alternative_payment,76
TXN104315,CUST18076,636.51,debit_card,expired_card,regular,1,15984.98,130,2,478,3,0,0.48,1,636.51,alternative_payment,63
TXN104316,CUST14167,2046.37,upi,network_error,premium,2,4014.62,195,3,1865,0,0,0.66,1,2046.37,smart_retry,77
TXN104317,CUST18994,1812.96,wallet,network_error,new,1,13859.61,182,4,436,7,2,0.69,1,1812.96,smart_retry,71
TXN104318,CUST14385,2983.27,wallet,insufficient_funds,new,2,5511.57,288,1,1384,2,0,0.35,1,2983.27,customer_outreach,64
TXN104319,CUST18962,1222.89,net_banking,network_error,regular,0,13920.25,214,3,472,0,2,0.63,1,1222.89,smart_retry,62
TXN104320,CUST17113,877.68,net_banking,expired_card,regular,1,10699.83,124,1,90,4,3,0.61,0,0.0,alternative_payment,59
TXN104321,CUST17548,401.03,net_banking,expired_card,regular,1,14484.6,3,4,1875,9,0,0.49,1,401.03,alternative_payment,71
TXN104322,CUST19977,831.56,upi,insufficient_funds,regular,1,26651.11,334,3,1609,9,0,0.38,0,0.0,payment_plan,67
TXN104323,CUST14125,2914.71,upi,insufficient_funds,new,0,3713.09,221,4,1444,3,2,0.365,0,0.0,customer_outreach,66
TXN104324,CUST18774,1065.82,credit_card,expired_card,premium,1,39571.54,157,2,1667,1,1,0.625,1,1065.82,alternative_payment,68
TXN104325,CUST10976,777.1,upi,network_error,premium,2,12270.36,90,4,581,7,0,0.725,0,0.0,smart_retry,81
TXN104326,CUST16568,1587.0,net_banking,insufficient_funds,new,1,6081.37,5,0,967,10,2,0.595,1,1587.0,payment_plan,55
TXN104327,CUST14593,1323.65,debit_card,authentication_failed,new,0,22271.24,291,0,1457,5,3,0.63,0,0.0,customer_outreach,50
TXN104328,CUST17658,1011.36,net_banking,insufficient_funds,at_risk,1,7476.97,251,1,1759,4,1,0.26,0,0.0,customer_outreach,59
TXN104329,CUST14417,1269.33,upi,network_error,regular,2,3517.42,352,0,524,3,1,0.7,1,1269.33,smart_retry,60
TXN104330,CUST19211,1028.23,credit_card,card_declined,regular,1,5618.13,172,4,749,7,1,0.355,0,0.0,smart_retry,71
TXN104331,CUST15805,2973.13,credit_card,network_error,premium,1,9058.1,357,0,644,1,1,0.855,0,0.0,smart_retry,60
TXN104332,CUST15627,1574.79,credit_card,network_error,regular,2,5452.13,288,0,668,7,4,0.835,1,1574.79,smart_retry,60
TXN104333,CUST13436,567.3,upi,insufficient_funds,new,1,2879.33,72,3,1251,5,1,0.375,0,0.0,customer_outreach,67
TXN104334,CUST13809,1490.88,debit_card,gateway_error,regular,0,2989.96,170,1,191,3,0,0.705,1,1490.88,smart_retry,54
TXN104335,CUST11647,380.65,credit_card,insufficient_funds,regular,0,4904.65,181,4,89,4,1,0.325,1,380.65,customer_outreach,66
TXN104336,CUST12733,956.92,net_banking,expired_card,regular,0,14952.03,236,2,335,7,1,0.6,1,956.92,alternative_payment,58
TXN104337,CUST19033,1367.11,net_banking,network_error,regular,4,536.39,94,2,257,2,1,0.495,1,1367.11,smart_retry,78
TXN104338,CUST10837,1008.09,wallet,expired_card,regular,2,12077.37,271,1,1164,6,2,0.58,1,1008.09,alternative_payment,64
TXN104339,CUST15735,2401.65,upi,expired_card,regular,0,7817.41,42,2,1324,5,0,0.545,1,2401.65,alternative_payment,58
TXN104340,CUST17067,3521.26,credit_card,authentication_failed,new,1,3915.24,321,0,1227,2,1,0.5,0,0.0,customer_outreach,55
TXN104341,CUST13803,1426.79,upi,card_declined,premium,0,10613.63,341,2,734,2,1,0.545,0,0.0,customer_outreach,63
TXN104342,CUST15856,1124.18,upi,network_error,regular,1,8612.13,233,0,1921,2,0,0.695,1,1124.18,smart_retry,55
TXN104343,CUST16846,1685.09,debit_card,gateway_error,regular,3,2781.49,56,3,963,2,2,0.555,0,0.0,smart_retry,77
TXN104344,CUST13273,131.07,debit_card,gateway_error,regular,3,19106.28,49,1,1762,2,1,0.61,0,0.0,smart_retry,69
TXN104345,CUST11423,844.7,upi,gateway_error,regular,0,34579.87,217,1,1588,9,1,0.82,1,844.7,smart_retry,54
TXN104346,CUST16969,831.26,upi,card_declined,regular,1,2010.42,218,0,1082,4,1,0.47,1,831.26,customer_outreach,55
TXN104347,CUST18613,631.42,credit_card,authentication_failed,at_risk,1,27843.18,336,3,833,4,0,0.205,0,0.0,customer_outreach,67
TXN104348,CUST12617,509.14,credit_card,authentication_failed,regular,2,6611.68,31,3,1199,8,0,0.38,1,509.14,customer_outreach,72
TXN104349,CUST13834,706.18,credit_card,authentication_failed,new,0,3095.0,124,0,1648,7,2,0.635,1,706.18,customer_outreach,50
TXN104350,CUST13848,568.44,wallet,authentication_failed,regular,0,30731.79,38,3,1555,7,1,0.46,0,0.0,customer_outreach,62
TXN104351,CUST18094,346.76,credit_card,expired_card,regular,0,4521.1,365,2,1506,2,2,0.55,0,0.0,alternative_payment,58
TXN104352,CUST19669,891.19,wallet,insufficient_funds,at_risk,2,7032.23,65,3,932,4,1,0.145,0,0.0,payment_plan,72
TXN104353,CUST11637,3572.27,debit_card,insufficient_funds,regular,2,29363.1,118,4,1913,5,1,0.27,1,3572.27,payment_plan,76
TXN104354,CUST15055,1577.69,wallet,expired_card,new,0,17865.82,47,2,1361,6,2,0.64,0,0.0,alternative_payment,58
TXN104355,CUST12494,2819.12,credit_card,insufficient_funds,regular,2,8524.92,125,3,639,1,0,0.225,0,0.0,customer_outreach,72
TXN104356,CUST10756,2594.72,debit_card,authentication_failed,regular,1,7400.64,122,0,534,3,0,0.46,0,0.0,customer_outreach,55
TXN104357,CUST14183,2466.33,debit_card,gateway_error,regular,0,4001.94,190,3,805,7,1,0.71,0,0.0,smart_retry,62
TXN104358,CUST17644,1222.18,debit_card,authentication_failed,regular,0,8084.1,57,2,629,4,2,0.48,0,0.0,customer_outreach,58
TXN104359,CUST19674,1771.88,credit_card,network_error,regular,2,22389.17,133,1,1863,2,1,0.645,1,1771.88,smart_retry,64
TXN104360,CUST11393,526.84,wallet,network_error,regular,3,12345.37,154,1,922,6,1,0.67,1,526.84,smart_retry,69
TXN104361,CUST16103,506.9,debit_card,card_declined,new,0,31776.77,352,1,1390,4,1,0.495,0,0.0,alternative_payment,54
TXN104362,CUST17926,658.11,net_banking,card_declined,regular,0,11766.01,55,2,62,3,0,0.385,1,658.11,customer_outreach,58
TXN104363,CUST12409,1581.51,wallet,card_declined,at_risk,0,20595.5,240,4,289,4,2,0.22,0,0.0,human_escalation,66
TXN104364,CUST16386,3228.67,upi,card_declined,at_risk,1,9589.27,110,1,1072,1,2,0.26,0,0.0,human_escalation,59
TXN104365,CUST11827,306.12,net_banking,insufficient_funds,regular,1,4414.0,43,0,1527,7,1,0.495,0,0.0,customer_outreach,55
TXN104366,CUST13745,540.27,wallet,insufficient_funds,regular,1,3313.67,304,4,534,3,1,0.275,0,0.0,customer_outreach,71
TXN104367,CUST19293,1257.41,credit_card,expired_card,regular,1,5109.79,348,3,921,1,0,0.41,0,0.0,alternative_payment,67
TXN104368,CUST17930,905.02,credit_card,card_declined,regular,1,7046.93,290,4,1427,6,2,0.365,1,905.02,customer_outreach,71
TXN104369,CUST17984,1172.82,credit_card,gateway_error,regular,0,29858.58,178,4,1546,6,1,0.655,1,1172.82,smart_retry,66
TXN104370,CUST11326,1131.92,upi,insufficient_funds,premium,4,10769.84,141,2,134,6,0,0.42,0,0.0,payment_plan,83
TXN104371,CUST12909,2589.63,credit_card,insufficient_funds,new,0,7538.78,194,4,529,2,4,0.4,1,2589.63,customer_outreach,66
TXN104372,CUST19092,1360.58,wallet,card_declined,new,0,9341.1,159,2,1833,4,1,0.455,0,0.0,smart_retry,58
TXN104373,CUST12786,1648.98,wallet,expired_card,regular,1,18735.55,232,3,126,0,0,0.395,0,0.0,alternative_payment,67
TXN104374,CUST13895,584.62,credit_card,expired_card,premium,0,9322.95,106,2,865,7,0,0.725,1,584.62,alternative_payment,63
TXN104375,CUST17524,1313.03,upi,expired_card,regular,1,42408.87,275,1,521,6,1,0.59,0,0.0,alternative_payment,59
TXN104376,CUST16946,355.3,wallet,authentication_failed,premium,1,13539.76,39,1,1730,6,0,0.615,0,0.0,customer_outreach,64
TXN104377,CUST19002,1276.52,debit_card,gateway_error,regular,0,9045.16,25,2,235,4,1,0.705,1,1276.52,smart_retry,58
TXN104378,CUST13992,2402.78,debit_card,expired_card,regular,1,8315.65,52,4,665,4,2,0.465,1,2402.78,alternative_payment,71
TXN104379,CUST12616,2788.0,debit_card,card_declined,premium,1,27289.36,275,4,376,2,0,0.405,0,0.0,customer_outreach,76
TXN104380,CUST15925,889.89,debit_card,insufficient_funds,premium,1,5239.13,282,1,1433,6,1,0.59,1,889.89,payment_plan,64
TXN104381,CUST16336,3494.07,wallet,card_declined,new,0,4145.87,327,3,485,9,0,0.465,0,0.0,customer_outreach,62
TXN104382,CUST10148,2525.17,debit_card,authentication_failed,regular,0,3816.73,342,0,1358,4,0,0.51,1,2525.17,customer_outreach,50
TXN104383,CUST17846,2294.9,debit_card,network_error,regular,1,13644.95,7,3,1564,5,0,0.62,0,0.0,smart_retry,67
TXN104384,CUST18360,201.14,wallet,network_error,regular,1,4157.79,249,3,1017,5,1,0.645,1,201.14,smart_retry,67
TXN104385,CUST13017,636.24,credit_card,card_declined,premium,3,30501.2,67,0,556,3,0,0.51,1,636.24,customer_outreach,70
TXN104386,CUST11633,429.45,credit_card,gateway_error,at_risk,0,3993.27,234,0,918,6,2,0.69,1,429.45,smart_retry,50
TXN104387,CUST13955,865.16,upi,authentication_failed,regular,1,10114.27,15,4,1746,4,1,0.34,0,0.0,customer_outreach,71
TXN104388,CUST19939,747.73,upi,card_declined,regular,0,4905.73,235,0,1113,2,1,0.475,1,747.73,customer_outreach,50
TXN104389,CUST11325,1440.9,credit_card,authentication_failed,new,1,1877.78,319,2,1665,2,0,0.355,0,0.0,customer_outreach,63
TXN104390,CUST14979,1603.95,upi,expired_card,at_risk,1,14174.27,216,4,997,3,0,0.25,0,0.0,alternative_payment,71
TXN104391,CUST12322,1468.16,wallet,gateway_error,regular,0,4840.14,200,0,1258,5,2,0.825,1,1468.16,smart_retry,50
TXN104392,CUST13048,796.76,net_banking,gateway_error,regular,0,4658.49,121,3,943,5,0,0.655,1,796.76,smart_retry,62
TXN104393,CUST11905,1444.23,wallet,authentication_failed,regular,1,7641.31,73,3,522,4,1,0.38,1,1444.23,customer_outreach,67
TXN104394,CUST19578,1557.19,upi,gateway_error,premium,1,2639.1,206,3,1921,5,3,0.845,1,1557.19,smart_retry,72
TXN104395,CUST17219,1181.47,wallet,insufficient_funds,at_risk,3,27386.62,191,2,1042,3,0,0.11,0,0.0,payment_plan,73
TXN104396,CUST17516,872.73,credit_card,insufficient_funds,regular,1,8774.79,269,3,1560,4,1,0.33,1,872.73,customer_outreach,67
TXN104397,CUST10762,2029.09,debit_card,network_error,premium,3,11921.74,352,2,1396,1,0,0.68,0,0.0,smart_retry,78
TXN104398,CUST16238,3742.34,credit_card,expired_card,regular,2,22960.39,201,3,390,0,0,0.36,0,0.0,alternative_payment,72
TXN104399,CUST18097,1686.68,net_banking,insufficient_funds,new,0,2887.0,1,2,1978,4,2,0.46,1,1686.68,payment_plan,58
TXN104400,CUST11173,769.34,net_banking,gateway_error,new,1,14683.08,351,2,386,2,0,0.645,1,769.34,smart_retry,63
TXN104401,CUST11675,2791.98,upi,insufficient_funds,regular,0,8653.96,117,0,1260,4,1,0.485,1,2791.98,customer_outreach,50
TXN104402,CUST18714,876.77,net_banking,insufficient_funds,new,2,2931.23,213,2,1011,1,0,0.295,0,0.0,payment_plan,68
TXN104403,CUST14100,1812.36,net_banking,expired_card,regular,2,6444.58,290,3,1244,4,3,0.495,1,1812.36,alternative_payment,72
TXN104404,CUST18364,1369.61,net_banking,card_declined,regular,2,7971.08,283,4,1626,5,2,0.315,0,0.0,smart_retry,76
TXN104405,CUST10048,2900.78,credit_card,expired_card,regular,1,6561.09,250,4,1915,6,2,0.495,1,2900.78,alternative_payment,71
TXN104406,CUST13732,988.37,net_banking,network_error,regular,2,12529.7,41,2,1210,8,1,0.695,1,988.37,smart_retry,68
TXN104407,CUST12967,1813.56,debit_card,network_error,at_risk,0,36552.7,305,0,1384,5,2,0.675,0,0.0,smart_retry,50
TXN104408,CUST12747,677.64,net_banking,card_declined,regular,3,10376.15,307,1,603,5,1,0.375,0,0.0,smart_retry,69
TXN104409,CUST10715,1320.57,upi,card_declined,regular,1,3184.08,352,1,1215,5,0,0.42,1,1320.57,smart_retry,59
TXN104410,CUST11342,1281.85,wallet,gateway_error,regular,1,8765.19,263,1,605,4,0,0.685,0,0.0,smart_retry,59
TXN104411,CUST17861,527.84,credit_card,authentication_failed,regular,0,11389.47,45,4,263,2,3,0.395,1,527.84,customer_outreach,66
TXN104412,CUST17312,523.36,wallet,gateway_error,regular,0,3081.98,246,2,1416,6,0,0.71,1,523.36,smart_retry,58
TXN104413,CUST17343,1445.68,wallet,authentication_failed,new,1,10899.58,267,2,1735,5,0,0.44,1,1445.68,customer_outreach,63
TXN104414,CUST19446,1837.32,net_banking,expired_card,regular,1,3296.13,230,4,1259,3,2,0.45,0,0.0,alternative_payment,71
TXN104415,CUST10931,740.32,upi,insufficient_funds,at_risk,1,3861.74,70,0,1034,2,0,0.245,0,0.0,payment_plan,55
TXN104416,CUST11808,1227.85,upi,authentication_failed,new,2,6188.22,172,3,758,1,0,0.305,1,1227.85,customer_outreach,72
TXN104417,CUST18466,2070.29,credit_card,authentication_failed,regular,0,4952.51,340,0,1956,3,0,0.495,1,2070.29,customer_outreach,50
TXN104418,CUST10154,1287.37,net_banking,card_declined,regular,1,10892.32,324,2,862,2,2,0.385,1,1287.37,smart_retry,63
TXN104419,CUST11551,490.69,net_banking,insufficient_funds,new,1,18902.71,87,4,974,3,3,0.355,1,490.69,customer_outreach,71
TXN104420,CUST15773,843.41,net_banking,insufficient_funds,new,0,2711.59,213,0,887,5,1,0.53,0,0.0,customer_outreach,50
TXN104421,CUST19974,1208.21,net_banking,insufficient_funds,regular,0,3645.51,288,4,175,2,0,0.27,0,0.0,payment_plan,66
TXN104422,CUST19403,3413.95,debit_card,authentication_failed,new,2,9212.57,364,4,1357,6,0,0.34,1,3413.95,customer_outreach,76
TXN104423,CUST19515,1043.88,wallet,card_declined,regular,0,1834.18,86,0,263,3,0,0.425,0,0.0,smart_retry,50
TXN104424,CUST10212,703.32,net_banking,card_declined,regular,0,8747.17,253,2,416,3,0,0.385,0,0.0,alternative_payment,58
TXN104425,CUST12813,867.2,credit_card,gateway_error,regular,3,12483.97,354,1,893,1,2,0.62,1,867.2,smart_retry,69
TXN104426,CUST11974,1059.43,debit_card,card_declined,regular,0,20430.94,270,2,578,5,2,0.465,1,1059.43,alternative_payment,58
TXN104427,CUST10600,3755.44,credit_card,expired_card,regular,1,4285.01,29,1,1005,5,0,0.55,1,3755.44,alternative_payment,59
TXN104428,CUST12676,1508.49,wallet,expired_card,new,0,7653.07,191,4,1620,2,0,0.45,1,1508.49,alternative_payment,66
TXN104429,CUST15454,2581.59,wallet,insufficient_funds,regular,4,9910.11,216,1,1422,5,1,0.32,0,0.0,payment_plan,74
TXN104430,CUST12509,1048.49,net_banking,expired_card,at_risk,1,12829.17,112,4,1324,2,1,0.26,0,0.0,alternative_payment,71
TXN104431,CUST12525,2317.77,debit_card,expired_card,new,0,4032.76,176,0,926,1,0,0.595,1,2317.77,alternative_payment,50
TXN104432,CUST14461,1453.74,credit_card,authentication_failed,new,3,6128.36,95,2,1172,3,3,0.415,1,1453.74,customer_outreach,73
TXN104433,CUST11093,1757.89,upi,gateway_error,new,1,2370.08,92,0,1707,3,1,0.765,0,0.0,smart_retry,55
TXN104434,CUST12985,381.4,debit_card,gateway_error,new,2,7617.65,63,4,839,3,0,0.545,1,381.4,smart_retry,76
TXN104435,CUST13821,903.49,wallet,authentication_failed,regular,1,3336.78,133,0,1719,1,2,0.48,0,0.0,customer_outreach,55
TXN104436,CUST13406,1474.02,wallet,expired_card,regular,1,5666.48,49,2,827,2,1,0.49,1,1474.02,alternative_payment,63
TXN104437,CUST13565,662.81,credit_card,authentication_failed,regular,1,894.79,241,4,849,8,2,0.385,0,0.0,customer_outreach,71
TXN104438,CUST18541,845.15,upi,authentication_failed,premium,1,4174.53,301,3,1454,6,0,0.535,0,0.0,customer_outreach,72
TXN104439,CUST15011,2617.58,upi,authentication_failed,regular,2,23383.07,70,2,1903,3,0,0.345,1,2617.58,customer_outreach,68
TXN104440,CUST10526,1119.59,wallet,network_error,regular,3,7022.95,91,0,973,7,1,0.725,1,1119.59,smart_retry,65
TXN104441,CUST17920,2979.54,debit_card,expired_card,regular,1,5844.29,48,3,850,2,0,0.425,0,0.0,alternative_payment,67
TXN104442,CUST18326,2203.87,credit_card,card_declined,new,1,34849.88,111,4,993,5,1,0.355,1,2203.87,smart_retry,71
TXN104443,CUST17025,126.44,net_banking,card_declined,regular,3,10142.09,70,0,1010,5,1,0.415,0,0.0,alternative_payment,65
TXN104444,CUST13708,2372.26,upi,card_declined,new,1,7040.73,93,2,301,5,3,0.485,1,2372.26,alternative_payment,63
TXN104445,CUST12812,356.27,debit_card,network_error,new,2,5477.45,139,0,1439,2,3,0.765,1,356.27,smart_retry,60
TXN104446,CUST18605,9871.42,debit_card,card_declined,regular,0,11855.65,126,1,1532,5,0,0.455,1,9871.42,smart_retry,54
TXN104447,CUST17108,1717.47,upi,expired_card,at_risk,1,2849.53,49,4,234,2,2,0.285,0,0.0,alternative_payment,71
TXN104448,CUST15079,2146.23,upi,expired_card,regular,2,4672.11,284,2,348,4,1,0.485,0,0.0,alternative_payment,68
TXN104449,CUST10504,1538.49,debit_card,network_error,regular,2,10733.62,189,0,1458,3,1,0.7,0,0.0,smart_retry,60
TXN104450,CUST19845,1292.8,upi,gateway_error,regular,1,6442.95,360,0,271,5,3,0.815,1,1292.8,smart_retry,55
TXN104451,CUST18433,235.96,net_banking,network_error,premium,0,8413.92,173,3,591,2,0,0.76,1,235.96,smart_retry,67
TXN104452,CUST10132,1466.37,wallet,authentication_failed,regular,1,9312.61,159,3,749,4,0,0.355,0,0.0,customer_outreach,67
TXN104453,CUST13152,1725.88,wallet,authentication_failed,regular,2,2221.13,34,1,987,2,2,0.42,0,0.0,customer_outreach,64
TXN104454,CUST10637,1326.53,upi,expired_card,new,0,8163.61,69,2,1747,4,0,0.56,1,1326.53,alternative_payment,58
TXN104455,CUST15321,332.31,credit_card,network_error,regular,0,13744.21,29,4,1892,7,1,0.67,1,332.31,smart_retry,66
TXN104456,CUST12934,691.85,net_banking,card_declined,regular,1,5943.89,37,0,1346,7,1,0.515,0,0.0,smart_retry,55
TXN104457,CUST15215,722.3,net_banking,expired_card,regular,5,8927.29,93,4,1245,2,0,0.245,0,0.0,alternative_payment,91
TXN104458,CUST12874,750.28,credit_card,network_error,at_risk,1,5224.09,124,3,812,2,2,0.475,0,0.0,smart_retry,67
TXN104459,CUST16252,3037.12,net_banking,authentication_failed,regular,3,3115.64,217,4,384,3,0,0.23,0,0.0,customer_outreach,81
TXN104460,CUST12750,992.62,wallet,expired_card,regular,1,13415.06,276,3,221,5,2,0.52,0,0.0,alternative_payment,67
TXN104461,CUST19317,3025.52,upi,card_declined,new,2,15038.44,321,4,1632,6,1,0.335,1,3025.52,smart_retry,76
TXN104462,CUST19975,916.28,credit_card,authentication_failed,new,2,2299.66,157,1,604,6,1,0.485,1,916.28,customer_outreach,64
TXN104463,CUST12437,2047.68,upi,card_declined,regular,0,4819.99,345,1,1079,6,0,0.47,1,2047.68,alternative_payment,54
TXN104464,CUST13077,1141.94,upi,gateway_error,regular,4,13783.56,154,4,1133,2,2,0.48,1,1141.94,smart_retry,86
TXN104465,CUST19904,1467.96,debit_card,insufficient_funds,regular,0,12295.19,242,2,239,1,1,0.36,0,0.0,customer_outreach,58
TXN104466,CUST17146,654.58,wallet,expired_card,new,2,13320.01,260,3,1619,4,4,0.55,0,0.0,alternative_payment,72
TXN104467,CUST15930,505.48,upi,insufficient_funds,regular,0,7381.48,288,1,815,5,2,0.485,1,505.48,payment_plan,54
TXN104468,CUST19084,1434.92,upi,expired_card,premium,1,12824.17,138,1,726,3,1,0.695,1,1434.92,alternative_payment,64
TXN104469,CUST10355,1305.96,wallet,expired_card,regular,1,23749.28,287,4,1682,6,0,0.445,0,0.0,alternative_payment,71
TXN104470,CUST16114,601.9,wallet,expired_card,new,0,6785.82,246,0,539,2,1,0.635,1,601.9,alternative_payment,50
TXN104471,CUST19327,962.82,net_banking,authentication_failed,new,1,11594.65,217,2,699,4,4,0.525,0,0.0,customer_outreach,63
TXN104472,CUST13432,1571.17,upi,authentication_failed,premium,1,18864.92,241,3,702,2,0,0.475,1,1571.17,customer_outreach,72
TXN104473,CUST10734,757.74,upi,gateway_error,premium,0,12427.15,282,4,442,5,1,0.79,1,757.74,smart_retry,71
TXN104474,CUST10074,1479.22,credit_card,authentication_failed,new,0,8604.54,175,2,309,4,0,0.46,0,0.0,customer_outreach,58
TXN104475,CUST19019,1972.0,wallet,gateway_error,regular,0,7568.64,141,2,1544,7,1,0.75,1,1972.0,smart_retry,58
TXN104476,CUST16585,915.03,net_banking,authentication_failed,at_risk,0,5884.04,221,3,1236,2,0,0.21,1,915.03,customer_outreach,62
TXN104477,CUST18829,1751.97,wallet,authentication_failed,regular,1,1356.1,9,3,1465,6,0,0.345,0,0.0,customer_outreach,67
TXN104478,CUST11744,1158.38,net_banking,network_error,new,0,7135.33,329,0,1816,2,0,0.76,1,1158.38,smart_retry,50
TXN104479,CUST17098,1331.01,wallet,card_declined,premium,3,11175.88,134,4,931,4,0,0.365,0,0.0,customer_outreach,86
TXN104480,CUST11344,2441.28,credit_card,card_declined,at_risk,1,6437.28,111,4,563,2,2,0.155,1,2441.28,human_escalation,71
TXN104481,CUST17340,2499.0,credit_card,expired_card,regular,1,7748.95,184,3,915,2,3,0.5,1,2499.0,alternative_payment,67
TXN104482,CUST15337,3859.72,credit_card,network_error,regular,0,2734.98,278,4,895,1,2,0.605,0,0.0,smart_retry,66
TXN104483,CUST10327,892.08,credit_card,gateway_error,regular,0,6229.22,150,2,1182,7,2,0.775,1,892.08,smart_retry,58
TXN104484,CUST12960,693.12,debit_card,expired_card,regular,0,1185.87,189,4,1847,3,1,0.42,0,0.0,alternative_payment,66
TXN104485,CUST17126,706.87,wallet,authentication_failed,regular,1,10604.79,143,2,1585,8,0,0.455,1,706.87,customer_outreach,63
TXN104486,CUST10272,1014.37,upi,gateway_error,regular,1,2844.21,363,4,1649,3,0,0.55,0,0.0,smart_retry,71
TXN104487,CUST13757,865.91,net_banking,expired_card,regular,0,28904.47,70,2,1875,3,1,0.54,0,0.0,alternative_payment,58
TXN104488,CUST12915,1076.15,wallet,gateway_error,premium,2,9136.33,360,4,1233,5,0,0.695,1,1076.15,smart_retry,81
TXN104489,CUST12749,511.47,upi,gateway_error,premium,2,3091.41,18,1,706,3,0,0.785,1,511.47,smart_retry,69
TXN104490,CUST10912,774.77,debit_card,authentication_failed,regular,0,4534.69,362,3,906,4,0,0.39,1,774.77,customer_outreach,62
TXN104491,CUST12825,479.29,net_banking,expired_card,regular,1,3707.48,37,3,1587,7,0,0.5,0,0.0,alternative_payment,67
TXN104492,CUST14085,243.85,wallet,network_error,regular,1,43740.44,126,3,1790,7,0,0.65,0,0.0,smart_retry,67
TXN104493,CUST19163,2977.68,credit_card,network_error,regular,1,4008.81,166,4,748,7,0,0.61,0,0.0,smart_retry,71
TXN104494,CUST13616,1980.36,credit_card,network_error,new,1,4234.46,12,0,1771,4,1,0.78,1,1980.36,smart_retry,55
TXN104495,CUST12315,1934.41,net_banking,authentication_failed,regular,0,15313.3,308,2,202,1,0,0.385,0,0.0,customer_outreach,58
TXN104496,CUST13414,1366.0,credit_card,expired_card,regular,1,54079.2,258,2,331,10,0,0.585,1,1366.0,alternative_payment,63
TXN104497,CUST18023,1756.31,net_banking,expired_card,regular,2,6147.71,244,0,1855,1,0,0.495,1,1756.31,alternative_payment,60
TXN104498,CUST13542,828.02,net_banking,expired_card,regular,1,3195.07,27,1,1560,4,1,0.56,1,828.02,alternative_payment,59
TXN104499,CUST16921,1411.83,debit_card,expired_card,regular,2,11375.14,145,1,1317,2,1,0.495,0,0.0,alternative_payment,64
TXN104500,CUST19750,1052.67,upi,gateway_error,regular,0,10558.25,307,3,1560,6,1,0.695,0,0.0,smart_retry,62
TXN104501,CUST14007,2028.72,debit_card,card_declined,regular,0,11175.48,346,1,431,4,0,0.44,1,2028.72,smart_retry,54
TXN104502,CUST16074,595.94,net_banking,network_error,regular,1,2863.54,245,0,948,2,3,0.77,1,595.94,smart_retry,55
TXN104503,CUST13601,952.64,credit_card,gateway_error,regular,0,4112.77,183,3,975,3,1,0.65,0,0.0,smart_retry,62
TXN104504,CUST17012,593.29,debit_card,network_error,regular,1,8120.84,70,3,531,3,1,0.615,0,0.0,smart_retry,67
TXN104505,CUST16429,1913.14,net_banking,authentication_failed,regular,1,4385.9,22,4,1287,4,1,0.34,0,0.0,customer_outreach,71
TXN104506,CUST19081,1231.83,wallet,gateway_error,new,1,10707.78,136,3,1613,4,0,0.635,1,1231.83,smart_retry,67
TXN104507,CUST16133,5183.81,wallet,expired_card,regular,3,4517.23,333,1,1957,3,0,0.45,0,0.0,alternative_payment,69
TXN104508,CUST14673,1622.99,wallet,network_error,regular,1,12064.58,301,2,1767,5,0,0.66,1,1622.99,smart_retry,63
TXN104509,CUST13117,3355.72,net_banking,network_error,regular,1,4712.67,130,0,2000,4,1,0.75,1,3355.72,smart_retry,55
TXN104510,CUST13932,2729.29,net_banking,gateway_error,regular,0,10509.81,286,3,606,2,2,0.66,0,0.0,smart_retry,62
TXN104511,CUST10409,699.36,upi,insufficient_funds,premium,1,11697.3,246,3,986,6,0,0.485,1,699.36,customer_outreach,72
TXN104512,CUST11319,1369.11,upi,authentication_failed,regular,3,4568.15,103,2,210,7,0,0.37,1,1369.11,customer_outreach,73
TXN104513,CUST11245,1412.32,upi,gateway_error,new,2,4362.43,334,1,151,2,1,0.675,1,1412.32,smart_retry,64
TXN104514,CUST19639,922.38,credit_card,card_declined,regular,0,1950.41,24,4,1773,8,1,0.365,1,922.38,customer_outreach,66
TXN104515,CUST10548,1234.31,net_banking,expired_card,regular,2,9538.37,260,1,525,6,2,0.58,1,1234.31,alternative_payment,64
TXN104516,CUST14759,647.89,upi,expired_card,regular,2,19751.23,171,3,778,4,1,0.445,1,647.89,alternative_payment,72
TXN104517,CUST14030,1930.78,upi,insufficient_funds,at_risk,0,18465.16,347,1,1958,4,2,0.32,1,1930.78,customer_outreach,54
TXN104518,CUST17042,894.07,credit_card,network_error,regular,1,19339.06,344,0,1794,2,1,0.72,0,0.0,smart_retry,55
TXN104519,CUST10603,1070.81,upi,gateway_error,premium,0,1278.32,293,0,173,5,1,0.91,1,1070.81,smart_retry,55
TXN104520,CUST10981,2264.06,debit_card,expired_card,regular,0,11481.89,341,2,1718,7,2,0.625,0,0.0,alternative_payment,58
TXN104521,CUST16904,937.51,credit_card,card_declined,regular,1,9029.22,307,4,1192,7,1,0.355,0,0.0,alternative_payment,71
TXN104522,CUST16538,1406.87,upi,card_declined,premium,1,3629.08,53,2,1058,3,0,0.5,1,1406.87,customer_outreach,68
TXN104523,CUST13523,424.84,net_banking,expired_card,regular,0,8014.22,40,2,1525,4,2,0.58,1,424.84,alternative_payment,58
TXN104524,CUST15020,2420.21,net_banking,gateway_error,regular,0,9588.49,48,4,1346,7,0,0.645,1,2420.21,smart_retry,66
TXN104525,CUST16690,1257.42,wallet,gateway_error,regular,2,3189.26,144,3,1531,1,1,0.55,1,1257.42,smart_retry,72
TXN104526,CUST19560,1049.81,net_banking,gateway_error,regular,1,14349.17,197,4,1843,5,0,0.58,1,1049.81,smart_retry,71
TXN104527,CUST12412,1123.31,wallet,card_declined,new,1,2103.81,365,1,785,7,2,0.53,0,0.0,customer_outreach,59
TXN104528,CUST15621,853.24,wallet,authentication_failed,regular,0,18161.61,270,4,168,4,1,0.375,0,0.0,customer_outreach,66
TXN104529,CUST14525,626.92,debit_card,network_error,regular,1,15729.73,119,0,1525,3,1,0.735,1,626.92,smart_retry,55
TXN104530,CUST12956,872.08,wallet,network_error,regular,1,8834.23,217,2,1781,3,0,0.63,0,0.0,smart_retry,63
TXN104531,CUST10284,501.82,upi,expired_card,new,0,6092.72,349,1,1306,3,3,0.66,1,501.82,alternative_payment,54
TXN104532,CUST18765,441.96,net_banking,insufficient_funds,at_risk,2,20582.07,35,2,142,6,1,0.215,0,0.0,customer_outreach,68
TXN104533,CUST11101,663.71,debit_card,card_declined,regular,3,5197.9,193,0,661,5,0,0.39,0,0.0,customer_outreach,65
TXN104534,CUST15038,1849.24,net_banking,insufficient_funds,regular,0,6038.09,303,0,548,4,1,0.485,1,1849.24,customer_outreach,50
TXN104535,CUST18197,3412.66,upi,insufficient_funds,regular,2,12815.65,154,2,1724,3,0,0.295,0,0.0,payment_plan,68
TXN104536,CUST10043,534.88,debit_card,expired_card,regular,0,2819.25,145,0,64,8,3,0.745,1,534.88,alternative_payment,50
TXN104537,CUST12727,859.22,debit_card,authentication_failed,regular,1,19002.62,116,2,198,6,2,0.475,1,859.22,customer_outreach,63
TXN104538,CUST18802,807.42,net_banking,gateway_error,regular,0,7047.05,255,3,649,3,1,0.65,0,0.0,smart_retry,62
TXN104539,CUST11564,1164.67,debit_card,card_declined,at_risk,1,6263.49,188,0,1065,4,2,0.345,0,0.0,alternative_payment,55
TXN104540,CUST13078,992.98,credit_card,insufficient_funds,regular,4,8450.09,192,1,577,4,0,0.28,1,992.98,customer_outreach,74
TXN104541,CUST15214,779.4,wallet,card_declined,regular,0,6054.77,319,4,1618,5,0,0.335,0,0.0,alternative_payment,66
TXN104542,CUST15974,601.56,debit_card,network_error,premium,2,8826.58,282,4,701,4,0,0.68,1,601.56,smart_retry,81
TXN104543,CUST15631,2200.79,wallet,authentication_failed,premium,1,10747.18,296,4,651,2,1,0.46,1,2200.79,customer_outreach,76
TXN104544,CUST11244,2152.34,debit_card,authentication_failed,at_risk,2,5199.34,170,2,1684,2,5,0.28,0,0.0,customer_outreach,68
TXN104545,CUST18500,1976.13,credit_card,gateway_error,regular,0,15694.05,318,1,470,1,1,0.7,1,1976.13,smart_retry,54
TXN104546,CUST18815,3488.24,debit_card,card_declined,regular,3,2931.85,160,4,1590,5,2,0.28,0,0.0,human_escalation,81
TXN104547,CUST19370,165.99,credit_card,authentication_failed,new,2,5477.86,22,0,431,3,1,0.48,1,165.99,customer_outreach,60
TXN104548,CUST18730,1033.39,credit_card,expired_card,new,0,15336.55,97,2,290,6,0,0.59,1,1033.39,alternative_payment,58
TXN104549,CUST19940,870.31,debit_card,expired_card,at_risk,3,16604.63,53,4,1824,3,0,0.18,0,0.0,alternative_payment,81
TXN104550,CUST16061,676.46,wallet,gateway_error,new,4,22949.23,124,0,1751,1,1,0.63,1,676.46,smart_retry,70
TXN104551,CUST19627,545.84,credit_card,insufficient_funds,premium,1,9701.39,161,1,997,2,1,0.53,0,0.0,payment_plan,64
TXN104552,CUST14836,918.23,credit_card,card_declined,regular,1,10942.77,206,0,432,2,0,0.415,0,0.0,smart_retry,55
TXN104553,CUST11373,800.2,upi,network_error,regular,1,9240.03,101,0,1980,3,0,0.71,1,800.2,smart_retry,55
TXN104554,CUST11028,1087.34,upi,insufficient_funds,premium,2,10987.32,31,2,637,3,2,0.495,0,0.0,payment_plan,73
TXN104555,CUST17369,1537.1,net_banking,authentication_failed,premium,1,3158.36,365,0,1860,2,1,0.62,1,1537.1,customer_outreach,60
TXN104556,CUST10777,908.3,wallet,network_error,regular,0,13936.45,315,4,650,5,1,0.64,0,0.0,smart_retry,66
TXN104557,CUST15125,903.51,upi,gateway_error,regular,0,3272.76,363,3,516,3,3,0.7,1,903.51,smart_retry,62
TXN104558,CUST15004,2860.26,upi,expired_card,premium,1,2524.49,286,1,1253,4,0,0.685,0,0.0,alternative_payment,64
TXN104559,CUST19683,908.59,credit_card,insufficient_funds,regular,1,25617.48,315,4,576,4,0,0.265,0,0.0,customer_outreach,71
TXN104560,CUST12501,332.91,credit_card,gateway_error,regular,2,11317.65,43,4,1908,8,0,0.59,0,0.0,smart_retry,76
TXN104561,CUST11687,571.87,credit_card,gateway_error,at_risk,3,6475.46,356,3,1342,3,1,0.395,0,0.0,smart_retry,77
TXN104562,CUST16234,1042.55,wallet,card_declined,premium,1,5488.67,360,4,1333,1,1,0.415,1,1042.55,customer_outreach,76
TXN104563,CUST12169,1825.94,debit_card,network_error,regular,5,3587.58,64,3,1126,3,1,0.475,0,0.0,smart_retry,87
TXN104564,CUST12316,471.96,net_banking,authentication_failed,at_risk,1,3282.55,78,0,1326,3,3,0.385,1,471.96,customer_outreach,55
TXN104565,CUST18179,1647.79,upi,network_error,regular,0,15342.63,333,3,1741,8,1,0.725,1,1647.79,smart_retry,62
TXN104566,CUST19313,2665.83,net_banking,insufficient_funds,premium,1,26632.16,100,2,1046,3,0,0.48,0,0.0,payment_plan,68
TXN104567,CUST10063,1046.62,credit_card,expired_card,regular,0,16676.7,72,2,1038,3,0,0.515,0,0.0,alternative_payment,58
TXN104568,CUST12121,2375.16,debit_card,authentication_failed,regular,0,10546.4,26,1,353,7,1,0.54,1,2375.16,customer_outreach,54
TXN104569,CUST12388,689.24,credit_card,card_declined,at_risk,3,4711.78,339,3,1899,8,1,0.19,0,0.0,human_escalation,77
TXN104570,CUST14379,762.0,wallet,expired_card,regular,0,31471.77,66,2,1678,6,1,0.585,0,0.0,alternative_payment,58
TXN104571,CUST13135,375.79,wallet,gateway_error,at_risk,0,1836.83,75,4,746,3,0,0.395,0,0.0,smart_retry,66
TXN104572,CUST11447,5185.4,upi,expired_card,regular,0,6602.47,23,2,1416,2,3,0.575,1,5185.4,alternative_payment,58
TXN104573,CUST18384,3944.49,credit_card,network_error,at_risk,1,4626.91,324,4,848,4,1,0.44,0,0.0,smart_retry,71
TXN104574,CUST10261,1489.61,net_banking,card_declined,regular,1,8648.85,15,1,1650,2,0,0.375,0,0.0,smart_retry,59
TXN104575,CUST14295,1462.56,credit_card,gateway_error,new,2,13843.87,154,3,569,3,0,0.585,1,1462.56,smart_retry,72
TXN104576,CUST17391,1146.14,net_banking,network_error,at_risk,0,3185.4,175,0,1500,3,0,0.595,1,1146.14,smart_retry,50
TXN104577,CUST19495,654.5,credit_card,expired_card,new,1,10270.62,325,4,1522,3,0,0.43,1,654.5,alternative_payment,71
TXN104578,CUST19575,1391.2,wallet,expired_card,regular,2,5661.1,353,2,448,3,0,0.445,1,1391.2,alternative_payment,68
TXN104579,CUST10577,4235.17,credit_card,gateway_error,regular,2,2114.79,182,3,1679,2,3,0.615,0,0.0,smart_retry,72
TXN104580,CUST12204,746.23,debit_card,authentication_failed,regular,1,9712.75,272,4,1927,3,3,0.375,0,0.0,customer_outreach,71
TXN104581,CUST18363,1998.34,net_banking,network_error,new,0,9656.44,178,3,1457,3,1,0.68,0,0.0,smart_retry,62
TXN104582,CUST13893,1213.6,credit_card,insufficient_funds,regular,1,17116.89,27,3,1355,4,1,0.33,0,0.0,payment_plan,67
TXN104583,CUST12261,1141.09,wallet,card_declined,new,1,4427.68,51,1,1168,4,1,0.46,1,1141.09,customer_outreach,59
TXN104584,CUST10149,356.0,upi,gateway_error,new,1,5880.6,142,3,1878,4,2,0.685,1,356.0,smart_retry,67
TXN104585,CUST11304,1758.31,wallet,authentication_failed,premium,2,17575.45,261,0,454,2,1,0.585,1,1758.31,customer_outreach,65
TXN104586,CUST15394,2616.93,credit_card,network_error,new,1,4125.48,267,4,1663,7,1,0.665,1,2616.93,smart_retry,71
TXN104587,CUST15286,719.75,debit_card,authentication_failed,regular,3,44519.98,292,2,660,3,1,0.335,0,0.0,customer_outreach,73
TXN104588,CUST11202,487.02,wallet,network_error,new,1,31528.92,133,3,1686,7,1,0.705,1,487.02,smart_retry,67
TXN104589,CUST19230,689.69,credit_card,expired_card,regular,2,3244.31,226,1,1178,3,1,0.51,1,689.69,alternative_payment,64
TXN104590,CUST13921,1581.22,wallet,expired_card,new,1,19294.37,210,3,470,5,1,0.525,0,0.0,alternative_payment,67
TXN104591,CUST10922,1615.32,wallet,expired_card,new,2,14706.27,65,3,1040,6,0,0.48,1,1615.32,alternative_payment,72
TXN104592,CUST10128,2349.18,wallet,expired_card,new,1,9093.18,265,3,1698,7,0,0.53,0,0.0,alternative_payment,67
TXN104593,CUST18662,2177.82,net_banking,expired_card,regular,1,4671.58,339,1,1244,7,2,0.63,0,0.0,alternative_payment,59
TXN104594,CUST12732,1295.71,upi,network_error,at_risk,1,10479.71,274,1,1817,5,0,0.55,1,1295.71,smart_retry,59
TXN104595,CUST12602,1188.42,wallet,insufficient_funds,new,0,4558.07,1,0,1109,9,0,0.565,0,0.0,payment_plan,50
TXN104596,CUST12527,1326.52,debit_card,expired_card,regular,1,48925.02,224,4,1083,1,0,0.37,1,1326.52,alternative_payment,71
TXN104597,CUST15617,1364.28,net_banking,authentication_failed,new,1,3671.36,349,3,1023,2,0,0.355,0,0.0,customer_outreach,67
TXN104598,CUST16709,646.19,net_banking,authentication_failed,premium,2,15304.39,205,2,693,3,1,0.52,1,646.19,customer_outreach,73
TXN104599,CUST19038,1599.34,debit_card,gateway_error,at_risk,0,6935.44,144,4,696,3,1,0.46,1,1599.34,smart_retry,66
TXN104600,CUST19418,727.35,net_banking,expired_card,premium,1,7923.29,119,2,1332,4,0,0.645,0,0.0,alternative_payment,68
TXN104601,CUST13287,2142.58,credit_card,gateway_error,regular,0,5225.62,177,2,1258,2,1,0.675,1,2142.58,smart_retry,58
TXN104602,CUST12599,3934.4,wallet,network_error,regular,1,7691.13,141,4,1481,1,0,0.52,1,3934.4,smart_retry,71
TXN104603,CUST17493,186.86,upi,card_declined,at_risk,0,3054.53,33,2,1108,3,1,0.26,1,186.86,human_escalation,58
TXN104604,CUST16320,1728.71,debit_card,gateway_error,regular,0,1039.16,62,0,1647,4,0,0.72,1,1728.71,smart_retry,50
TXN104605,CUST18077,675.97,net_banking,expired_card,regular,3,12265.96,138,4,862,5,2,0.41,0,0.0,alternative_payment,81
TXN104606,CUST15826,867.24,upi,card_declined,new,0,12871.47,329,3,666,2,1,0.385,1,867.24,smart_retry,62
TXN104607,CUST16607,1860.53,net_banking,authentication_failed,regular,1,11965.4,122,0,1900,5,0,0.49,1,1860.53,customer_outreach,55
TXN104608,CUST10816,3220.16,wallet,insufficient_funds,regular,0,8606.39,259,1,154,4,1,0.445,0,0.0,payment_plan,54
TXN104609,CUST16488,974.79,debit_card,card_declined,premium,0,41528.13,168,4,1003,3,2,0.505,1,974.79,customer_outreach,71
TXN104610,CUST12543,669.84,debit_card,expired_card,premium,4,16138.78,269,2,1585,5,2,0.605,0,0.0,alternative_payment,83
TXN104611,CUST18871,1752.16,debit_card,expired_card,new,1,9918.06,308,1,1012,4,1,0.59,1,1752.16,alternative_payment,59
TXN104612,CUST16251,1270.48,net_banking,authentication_failed,premium,2,32249.06,322,4,1599,3,1,0.44,1,1270.48,customer_outreach,81
TXN104613,CUST14162,2634.33,net_banking,network_error,regular,1,6039.55,43,4,98,6,0,0.595,1,2634.33,smart_retry,71
TXN104614,CUST14498,2042.1,credit_card,insufficient_funds,regular,1,4472.94,154,4,40,7,2,0.36,0,0.0,payment_plan,71
TXN104615,CUST15466,1509.02,debit_card,gateway_error,new,0,24031.57,192,4,847,3,2,0.665,0,0.0,smart_retry,66
TXN104616,CUST16557,1616.58,net_banking,card_declined,at_risk,3,8530.51,168,2,588,5,0,0.16,0,0.0,human_escalation,73
TXN104617,CUST16829,987.58,credit_card,expired_card,regular,2,4082.44,79,3,113,3,0,0.405,1,987.58,alternative_payment,72
TXN104618,CUST17166,304.76,net_banking,expired_card,at_risk,2,9643.63,207,1,1045,6,2,0.43,1,304.76,alternative_payment,64
TXN104619,CUST12228,1951.34,credit_card,network_error,regular,2,2271.12,106,3,1924,3,0,0.555,0,0.0,smart_retry,72
TXN104620,CUST14897,1432.57,wallet,authentication_failed,premium,1,7554.77,307,1,1485,4,0,0.585,1,1432.57,customer_outreach,64
TXN104621,CUST18695,2287.7,upi,gateway_error,regular,0,10808.2,321,1,1674,3,1,0.73,1,2287.7,smart_retry,54
TXN104622,CUST18213,1703.13,upi,network_error,premium,2,33535.69,44,2,687,9,1,0.86,1,1703.13,smart_retry,73
TXN104623,CUST13563,1728.54,wallet,insufficient_funds,new,3,2472.05,345,3,959,4,0,0.265,1,1728.54,customer_outreach,77
TXN104624,CUST15243,576.23,wallet,insufficient_funds,premium,3,2244.85,82,3,403,3,1,0.395,0,0.0,customer_outreach,82
TXN104625,CUST14256,1793.01,debit_card,authentication_failed,regular,2,18755.21,245,4,576,2,3,0.325,0,0.0,customer_outreach,76
TXN104626,CUST14727,484.41,net_banking,card_declined,regular,3,18370.46,313,0,1732,6,0,0.405,0,0.0,customer_outreach,65
TXN104627,CUST15626,1676.12,credit_card,network_error,new,3,4672.64,289,4,1951,4,0,0.525,0,0.0,smart_retry,81
TXN104628,CUST11639,1320.34,wallet,authentication_failed,premium,2,37758.0,248,2,788,4,3,0.585,0,0.0,customer_outreach,73
TXN104629,CUST11122,1465.94,debit_card,authentication_failed,regular,3,13563.25,142,2,226,4,2,0.375,0,0.0,customer_outreach,73
TXN104630,CUST15026,4457.3,wallet,insufficient_funds,regular,1,11407.0,345,0,909,8,0,0.485,0,0.0,customer_outreach,55
TXN104631,CUST18871,391.32,debit_card,authentication_failed,new,1,30958.35,126,4,1628,1,0,0.3,0,0.0,customer_outreach,71
TXN104632,CUST15510,1291.67,wallet,gateway_error,regular,0,5299.64,228,3,747,3,2,0.675,1,1291.67,smart_retry,62
TXN104633,CUST16213,357.75,upi,authentication_failed,new,1,16760.43,247,0,770,4,1,0.53,1,357.75,customer_outreach,55
TXN104634,CUST15343,1479.87,upi,network_error,regular,1,7968.77,333,1,1337,5,0,0.7,0,0.0,smart_retry,59
TXN104635,CUST15012,420.87,debit_card,gateway_error,regular,1,14256.87,337,3,238,6,1,0.66,0,0.0,smart_retry,67
TXN104636,CUST15509,2699.65,net_banking,authentication_failed,regular,3,3223.42,73,0,1729,4,1,0.43,1,2699.65,customer_outreach,65
TXN104637,CUST19539,769.89,upi,authentication_failed,new,0,3193.15,28,3,859,3,1,0.43,1,769.89,customer_outreach,62
TXN104638,CUST13948,563.41,upi,card_declined,regular,0,5938.01,185,4,979,5,2,0.385,1,563.41,customer_outreach,66
TXN104639,CUST12047,760.98,credit_card,network_error,premium,2,6390.02,64,2,1347,4,1,0.785,1,760.98,smart_retry,73
TXN104640,CUST14133,2503.53,net_banking,gateway_error,new,0,16619.12,148,4,1998,5,1,0.67,1,2503.53,smart_retry,66
TXN104641,CUST14306,2951.58,debit_card,network_error,premium,1,3737.84,338,2,1451,6,1,0.85,0,0.0,smart_retry,68
TXN104642,CUST18790,621.99,net_banking,insufficient_funds,regular,1,4258.1,188,3,2000,3,0,0.29,1,621.99,customer_outreach,67
TXN104643,CUST16574,729.83,upi,card_declined,regular,3,22010.63,139,3,662,2,1,0.25,0,0.0,human_escalation,77
TXN104644,CUST11560,1449.54,net_banking,authentication_failed,regular,3,15880.72,333,2,987,3,0,0.31,0,0.0,customer_outreach,73
TXN104645,CUST13506,815.9,wallet,network_error,regular,1,3490.45,122,1,1128,4,2,0.735,1,815.9,smart_retry,59
TXN104646,CUST16008,283.52,upi,expired_card,regular,0,9091.37,346,4,1639,5,2,0.515,0,0.0,alternative_payment,66
TXN104647,CUST15636,585.06,net_banking,network_error,regular,2,3024.76,250,2,1930,11,0,0.7,0,0.0,smart_retry,68
TXN104648,CUST18217,3007.29,credit_card,network_error,regular,2,10515.24,23,1,1642,4,0,0.65,1,3007.29,smart_retry,64
TXN104649,CUST18698,1796.73,upi,network_error,regular,1,3384.96,100,3,373,5,1,0.645,1,1796.73,smart_retry,67
TXN104650,CUST13904,1597.97,debit_card,network_error,new,0,5734.11,327,2,939,2,2,0.73,1,1597.97,smart_retry,58
TXN104651,CUST10030,1317.06,upi,card_declined,regular,0,18800.55,129,3,1682,7,2,0.455,1,1317.06,alternative_payment,62
TXN104652,CUST17284,1675.11,credit_card,expired_card,new,2,22184.17,253,4,1031,2,1,0.405,0,0.0,alternative_payment,76
TXN104653,CUST14023,4344.58,upi,card_declined,regular,1,6889.09,164,4,726,7,2,0.38,0,0.0,smart_retry,71
TXN104654,CUST18490,1294.22,debit_card,gateway_error,at_risk,1,6932.08,191,3,105,7,0,0.5,1,1294.22,smart_retry,67
TXN104655,CUST12009,1491.31,net_banking,card_declined,regular,1,4627.38,199,0,69,3,2,0.48,0,0.0,smart_retry,55
TXN104656,CUST17538,371.16,upi,authentication_failed,regular,1,4524.08,338,0,1582,8,1,0.56,0,0.0,customer_outreach,55
TXN104657,CUST11718,1280.98,net_banking,network_error,premium,2,4020.31,197,3,1203,4,0,0.72,1,1280.98,smart_retry,77
TXN104658,CUST14418,810.85,wallet,card_declined,regular,1,54714.09,222,4,394,5,4,0.4,0,0.0,alternative_payment,71
TXN104659,CUST15121,1676.9,upi,network_error,premium,1,19365.18,361,1,254,5,2,0.9,1,1676.9,smart_retry,64
TXN104660,CUST15982,1520.78,wallet,insufficient_funds,regular,1,20395.72,300,3,941,4,0,0.305,0,0.0,customer_outreach,67
TXN104661,CUST14095,513.4,upi,insufficient_funds,new,2,19047.16,250,1,783,2,1,0.375,1,513.4,customer_outreach,64
TXN104662,CUST18637,628.49,wallet,gateway_error,premium,1,8203.94,30,3,292,4,1,0.78,1,628.49,smart_retry,72
TXN104663,CUST12176,6437.01,wallet,authentication_failed,regular,0,8439.58,44,1,502,4,0,0.47,0,0.0,customer_outreach,54
TXN104664,CUST15659,1706.9,credit_card,insufficient_funds,regular,3,16753.45,39,2,418,4,0,0.275,0,0.0,payment_plan,73
TXN104665,CUST19889,1102.19,net_banking,expired_card,regular,0,3155.13,326,2,1288,4,1,0.555,1,1102.19,alternative_payment,58
TXN104666,CUST13714,702.92,net_banking,gateway_error,new,1,15681.09,116,2,1012,2,1,0.67,1,702.92,smart_retry,63
TXN104667,CUST19302,551.34,net_banking,gateway_error,new,2,3170.99,33,2,1095,6,0,0.67,1,551.34,smart_retry,68
TXN104668,CUST10366,1244.8,debit_card,network_error,new,1,28526.95,342,0,1390,3,2,0.79,1,1244.8,smart_retry,55
TXN104669,CUST10844,423.01,net_banking,network_error,new,1,6804.16,187,3,1757,4,2,0.685,1,423.01,smart_retry,67
TXN104670,CUST15976,1344.29,wallet,insufficient_funds,regular,1,6752.22,13,4,386,6,1,0.32,0,0.0,customer_outreach,71
TXN104671,CUST12973,418.89,net_banking,insufficient_funds,new,0,1403.52,242,4,1967,4,1,0.315,1,418.89,customer_outreach,66
TXN104672,CUST11119,778.95,debit_card,authentication_failed,new,1,3371.73,268,3,908,6,0,0.415,1,778.95,customer_outreach,67
TXN104673,CUST19556,1359.46,credit_card,card_declined,new,1,2898.26,345,1,1989,5,0,0.45,1,1359.46,smart_retry,59
TXN104674,CUST12723,1858.2,credit_card,expired_card,regular,0,3742.7,86,2,1805,3,0,0.515,1,1858.2,alternative_payment,58
TXN104675,CUST12606,417.14,net_banking,card_declined,at_risk,0,15869.82,300,3,1647,4,1,0.235,1,417.14,human_escalation,62
TXN104676,CUST18954,2624.81,wallet,insufficient_funds,new,2,6004.07,317,2,837,7,0,0.385,0,0.0,customer_outreach,68
TXN104677,CUST17397,256.59,upi,network_error,regular,0,9255.67,194,2,1463,4,1,0.705,1,256.59,smart_retry,58
TXN104678,CUST13518,3045.06,debit_card,expired_card,regular,1,2938.58,163,2,616,2,0,0.465,1,3045.06,alternative_payment,63
TXN104679,CUST11251,949.54,credit_card,authentication_failed,premium,2,5893.66,353,4,1393,2,0,0.4,0,0.0,customer_outreach,81
TXN104680,CUST15613,2638.5,credit_card,insufficient_funds,regular,0,8034.31,231,1,1076,3,1,0.43,1,2638.5,payment_plan,54
TXN104681,CUST15539,947.65,debit_card,card_declined,regular,1,8990.82,332,4,235,2,0,0.255,1,947.65,human_escalation,71
TXN104682,CUST19717,2141.2,debit_card,gateway_error,new,3,3251.27,220,4,646,7,1,0.595,0,0.0,smart_retry,81
TXN104683,CUST11633,2212.69,wallet,expired_card,new,0,14996.99,42,2,812,5,0,0.575,0,0.0,alternative_payment,58
TXN104684,CUST12204,989.18,debit_card,card_declined,at_risk,3,5667.04,134,4,529,4,0,0.065,0,0.0,human_escalation,81
TXN104685,CUST13249,4523.86,debit_card,expired_card,regular,0,3056.53,31,0,257,3,1,0.62,0,0.0,alternative_payment,50
TXN104686,CUST13024,1083.05,net_banking,insufficient_funds,regular,1,15578.5,200,0,430,4,2,0.475,0,0.0,payment_plan,55
TXN104687,CUST18325,1901.13,net_banking,gateway_error,at_risk,0,6314.02,240,3,124,4,1,0.515,0,0.0,smart_retry,62
TXN104688,CUST19388,1400.58,credit_card,gateway_error,regular,2,1045.34,248,3,252,6,1,0.585,0,0.0,smart_retry,72
TXN104689,CUST18904,881.25,debit_card,gateway_error,regular,2,7035.5,310,2,35,3,1,0.62,0,0.0,smart_retry,68
TXN104690,CUST17916,1577.62,net_banking,network_error,regular,1,15297.02,34,3,409,2,0,0.575,1,1577.62,smart_retry,67
TXN104691,CUST11536,2023.85,net_banking,insufficient_funds,premium,0,33787.11,280,4,1761,4,0,0.45,0,0.0,customer_outreach,71
TXN104692,CUST19190,627.7,credit_card,network_error,regular,2,14142.33,257,3,1696,8,1,0.655,1,627.7,smart_retry,72
TXN104693,CUST19409,2198.88,debit_card,card_declined,regular,1,20810.85,344,1,822,3,0,0.39,1,2198.88,customer_outreach,59
TXN104694,CUST15382,1056.85,net_banking,expired_card,regular,0,2496.93,240,2,253,6,1,0.585,0,0.0,alternative_payment,58
TXN104695,CUST19647,1003.62,wallet,card_declined,regular,0,10418.34,166,1,1277,4,2,0.49,0,0.0,alternative_payment,54
TXN104696,CUST10334,664.98,net_banking,expired_card,new,3,6148.66,292,0,1186,3,0,0.52,1,664.98,alternative_payment,65
TXN104697,CUST17971,1973.13,credit_card,insufficient_funds,regular,2,26981.94,173,0,1474,1,1,0.37,1,1973.13,customer_outreach,60
TXN104698,CUST10869,2129.97,credit_card,authentication_failed,premium,2,15989.0,192,4,1205,3,1,0.44,1,2129.97,customer_outreach,81
TXN104699,CUST11635,2517.96,debit_card,gateway_error,at_risk,1,6342.47,73,4,831,5,0,0.43,1,2517.96,smart_retry,71
TXN104700,CUST17611,609.59,credit_card,gateway_error,regular,2,3703.46,61,2,1918,1,1,0.59,1,609.59,smart_retry,68
TXN104701,CUST14040,1340.35,credit_card,authentication_failed,regular,2,9300.42,204,1,1629,4,1,0.425,0,0.0,customer_outreach,64
TXN104702,CUST15585,904.92,debit_card,gateway_error,new,0,11418.37,72,1,261,7,1,0.82,1,904.92,smart_retry,54
TXN104703,CUST16937,322.99,wallet,network_error,at_risk,0,5308.43,13,4,1479,3,0,0.435,0,0.0,smart_retry,66
TXN104704,CUST18356,583.74,net_banking,expired_card,new,1,5940.28,264,0,319,2,0,0.575,0,0.0,alternative_payment,55
TXN104705,CUST19887,711.18,debit_card,insufficient_funds,new,1,8679.36,189,4,502,5,1,0.335,1,711.18,customer_outreach,71
TXN104706,CUST13147,735.61,wallet,network_error,premium,1,6958.8,210,2,948,6,0,0.825,1,735.61,smart_retry,68
TXN104707,CUST13920,1322.86,upi,card_declined,regular,2,38278.94,174,2,802,3,2,0.365,1,1322.86,alternative_payment,68
TXN104708,CUST13566,1070.11,upi,card_declined,premium,0,7424.41,84,0,653,3,0,0.615,1,1070.11,customer_outreach,55
TXN104709,CUST10771,517.07,credit_card,insufficient_funds,at_risk,2,3908.94,126,1,207,5,0,0.215,0,0.0,customer_outreach,64
TXN104710,CUST16023,1296.13,wallet,network_error,regular,1,5955.77,247,4,1214,5,2,0.63,1,1296.13,smart_retry,71
TXN104711,CUST10195,1489.62,debit_card,expired_card,new,1,16373.52,309,3,234,0,0,0.425,1,1489.62,alternative_payment,67
TXN104712,CUST18073,639.62,net_banking,card_declined,new,1,8128.13,359,0,423,3,0,0.46,0,0.0,smart_retry,55
TXN104713,CUST15659,267.06,net_banking,authentication_failed,regular,2,6857.61,30,4,651,4,1,0.305,1,267.06,customer_outreach,76
TXN104714,CUST11207,820.07,debit_card,expired_card,at_risk,1,22685.71,358,3,39,3,0,0.29,0,0.0,alternative_payment,67
TXN104715,CUST15406,2463.4,credit_card,gateway_error,regular,0,7728.08,119,4,1239,4,0,0.6,0,0.0,smart_retry,66
TXN104716,CUST15255,1774.22,debit_card,insufficient_funds,regular,0,4977.09,287,2,266,3,1,0.39,1,1774.22,customer_outreach,58
TXN104717,CUST16614,352.18,net_banking,gateway_error,new,1,18517.39,224,0,49,5,0,0.77,1,352.18,smart_retry,55
TXN104718,CUST16353,270.13,upi,insufficient_funds,regular,2,2216.65,336,4,1666,4,0,0.23,1,270.13,customer_outreach,76
TXN104719,CUST13820,853.83,credit_card,network_error,new,1,4359.02,122,0,496,6,2,0.835,1,853.83,smart_retry,55
TXN104720,CUST13699,2336.73,debit_card,expired_card,regular,1,3441.23,216,3,712,4,1,0.48,0,0.0,alternative_payment,67
TXN104721,CUST18189,992.28,upi,expired_card,premium,1,8608.07,1,2,1141,2,0,0.615,1,992.28,alternative_payment,68
TXN104722,CUST14602,658.63,wallet,card_declined,regular,1,2500.0,359,3,1515,2,3,0.37,1,658.63,smart_retry,67
TXN104723,CUST11918,414.5,wallet,card_declined,at_risk,2,7031.59,199,0,1784,3,1,0.27,0,0.0,human_escalation,60
TXN104724,CUST15585,874.96,upi,insufficient_funds,regular,0,2985.79,233,4,1626,7,0,0.345,0,0.0,customer_outreach,66
TXN104725,CUST19498,699.98,upi,gateway_error,regular,1,17417.26,61,0,250,2,1,0.72,1,699.98,smart_retry,55
TXN104726,CUST10839,2265.87,net_banking,authentication_failed,regular,1,8544.22,158,3,771,3,1,0.365,0,0.0,customer_outreach,67
TXN104727,CUST14750,692.11,upi,gateway_error,regular,1,5340.26,77,4,1187,5,2,0.63,1,692.11,smart_retry,71
TXN104728,CUST17469,1063.22,debit_card,insufficient_funds,regular,3,5842.34,296,1,636,4,0,0.315,1,1063.22,customer_outreach,69
TXN104729,CUST14396,299.11,credit_card,insufficient_funds,regular,1,10919.99,312,4,558,2,0,0.235,0,0.0,customer_outreach,71
TXN104730,CUST18657,2003.54,upi,network_error,regular,2,5408.24,223,3,1511,5,1,0.61,1,2003.54,smart_retry,72
TXN104731,CUST19668,2669.74,wallet,insufficient_funds,at_risk,2,5906.9,333,3,168,5,2,0.185,0,0.0,payment_plan,72
TXN104732,CUST18509,645.83,debit_card,gateway_error,new,3,7537.97,244,0,1309,1,0,0.64,0,0.0,smart_retry,65
TXN104733,CUST17255,2026.64,net_banking,gateway_error,regular,2,17796.92,192,3,113,7,0,0.615,1,2026.64,smart_retry,72
TXN104734,CUST13360,1029.43,wallet,authentication_failed,new,1,6610.47,209,1,800,7,1,0.535,0,0.0,customer_outreach,59
TXN104735,CUST13650,934.11,net_banking,gateway_error,regular,0,3156.93,228,0,1402,2,1,0.755,1,934.11,smart_retry,50
TXN104736,CUST11399,893.19,credit_card,gateway_error,new,0,1034.38,184,0,296,3,2,0.785,1,893.19,smart_retry,50
TXN104737,CUST19075,1011.64,wallet,gateway_error,regular,1,2170.58,339,0,863,6,1,0.78,1,1011.64,smart_retry,55
TXN104738,CUST18841,1299.94,debit_card,expired_card,regular,2,34813.46,119,1,1431,4,2,0.55,1,1299.94,alternative_payment,64
TXN104739,CUST13962,666.24,credit_card,insufficient_funds,regular,0,17908.49,302,1,546,5,0,0.435,1,666.24,customer_outreach,54
TXN104740,CUST16210,505.05,credit_card,gateway_error,new,1,6166.98,15,3,1189,3,2,0.67,1,505.05,smart_retry,67
TXN104741,CUST14236,821.04,debit_card,network_error,at_risk,1,1855.54,205,4,734,5,0,0.39,0,0.0,smart_retry,71
TXN104742,CUST12138,1439.36,debit_card,expired_card,regular,4,15942.51,201,2,1624,4,1,0.415,0,0.0,alternative_payment,78
TXN104743,CUST12303,2518.36,wallet,expired_card,premium,2,6432.92,259,2,526,4,1,0.635,1,2518.36,alternative_payment,73
TXN104744,CUST17903,1369.02,credit_card,card_declined,new,1,16655.15,136,2,1117,4,0,0.395,0,0.0,alternative_payment,63
TXN104745,CUST15510,2346.13,upi,authentication_failed,regular,1,5781.57,175,1,248,5,1,0.475,1,2346.13,customer_outreach,59
TXN104746,CUST11907,1627.68,wallet,network_error,new,1,11942.32,267,0,554,5,0,0.77,1,1627.68,smart_retry,55
TXN104747,CUST12731,907.5,upi,expired_card,at_risk,0,17658.0,74,4,1672,3,0,0.285,0,0.0,alternative_payment,66
TXN104748,CUST10105,1083.26,upi,insufficient_funds,at_risk,3,7300.29,211,2,300,6,3,0.23,0,0.0,customer_outreach,73
TXN104749,CUST15456,4315.81,credit_card,gateway_error,regular,0,5505.86,218,4,1115,5,0,0.615,1,4315.81,smart_retry,66
TXN104750,CUST17317,1519.73,wallet,gateway_error,premium,1,7218.57,93,0,498,4,1,0.9,1,1519.73,smart_retry,60
TXN104751,CUST19668,1253.44,debit_card,insufficient_funds,premium,2,15616.96,39,3,100,4,1,0.445,0,0.0,payment_plan,77
TXN104752,CUST15341,1801.94,wallet,gateway_error,at_risk,1,10424.12,107,4,1618,4,0,0.415,1,1801.94,smart_retry,71
TXN104753,CUST19448,1300.67,debit_card,authentication_failed,new,1,8609.97,290,4,1620,2,0,0.315,0,0.0,customer_outreach,71
TXN104754,CUST17930,2095.73,debit_card,authentication_failed,regular,2,38993.03,359,0,545,2,1,0.435,1,2095.73,customer_outreach,60
TXN104755,CUST12580,2397.74,upi,authentication_failed,regular,0,18167.5,210,1,1210,2,0,0.44,0,0.0,customer_outreach,54
TXN104756,CUST11853,554.28,net_banking,network_error,regular,0,13754.73,159,2,265,2,1,0.675,1,554.28,smart_retry,58
TXN104757,CUST16997,1703.99,credit_card,insufficient_funds,regular,1,9727.08,94,4,1170,2,1,0.26,0,0.0,payment_plan,71
TXN104758,CUST17716,959.56,credit_card,card_declined,regular,1,11009.11,360,0,396,8,1,0.53,0,0.0,alternative_payment,55
TXN104759,CUST17989,1604.6,upi,expired_card,regular,1,3835.15,77,0,331,4,0,0.575,0,0.0,alternative_payment,55
TXN104760,CUST12608,1594.16,credit_card,card_declined,new,0,23871.22,251,2,639,5,1,0.47,1,1594.16,customer_outreach,58
TXN104761,CUST14449,389.81,credit_card,gateway_error,regular,3,8392.67,256,4,311,10,2,0.635,1,389.81,smart_retry,81
TXN104762,CUST11116,824.17,credit_card,expired_card,regular,0,2441.28,68,3,684,5,1,0.53,1,824.17,alternative_payment,62
TXN104763,CUST10293,996.59,credit_card,expired_card,regular,0,2359.71,349,4,946,3,0,0.435,0,0.0,alternative_payment,66
TXN104764,CUST14142,1225.18,upi,insufficient_funds,new,1,5841.58,118,3,143,7,2,0.43,0,0.0,customer_outreach,67
TXN104765,CUST18758,1366.67,upi,expired_card,new,2,5967.94,97,1,57,2,0,0.5,0,0.0,alternative_payment,64
TXN104766,CUST19385,1042.53,upi,authentication_failed,at_risk,3,2882.65,73,1,1440,4,0,0.215,0,0.0,customer_outreach,69
TXN104767,CUST19099,4544.14,debit_card,gateway_error,regular,0,19868.0,330,0,902,5,0,0.775,1,4544.14,smart_retry,50
TXN104768,CUST10802,551.79,credit_card,expired_card,regular,1,1255.86,305,1,499,6,0,0.525,0,0.0,alternative_payment,59
TXN104769,CUST12204,1980.65,net_banking,gateway_error,premium,0,2900.56,340,4,730,5,0,0.765,0,0.0,smart_retry,71
TXN104770,CUST18194,1644.49,credit_card,authentication_failed,regular,1,43904.5,4,0,777,2,1,0.47,0,0.0,customer_outreach,55
TXN104771,CUST10725,780.76,credit_card,authentication_failed,regular,1,5419.71,312,3,1400,3,1,0.365,1,780.76,customer_outreach,67
TXN104772,CUST12166,2815.76,credit_card,authentication_failed,premium,2,8167.04,38,4,297,0,0,0.37,0,0.0,customer_outreach,81
TXN104773,CUST10757,1126.58,credit_card,authentication_failed,regular,2,2759.43,181,1,517,4,2,0.45,0,0.0,customer_outreach,64
TXN104774,CUST13716,877.31,debit_card,authentication_failed,regular,0,17981.05,2,2,1208,2,1,0.425,1,877.31,customer_outreach,58
TXN104775,CUST13239,854.54,net_banking,authentication_failed,regular,1,9858.92,83,4,1892,5,0,0.33,0,0.0,customer_outreach,71
TXN104776,CUST11689,1058.19,upi,authentication_failed,at_risk,1,6428.87,324,2,1902,3,1,0.255,0,0.0,customer_outreach,63
TXN104777,CUST15287,1420.91,credit_card,card_declined,regular,0,4099.33,109,4,1352,2,2,0.34,1,1420.91,customer_outreach,66
TXN104778,CUST11364,1388.44,upi,authentication_failed,regular,3,6422.83,10,3,714,3,1,0.295,0,0.0,customer_outreach,77
TXN104779,CUST17528,1558.0,upi,network_error,new,1,9517.1,159,1,642,3,0,0.7,0,0.0,smart_retry,59
TXN104780,CUST19196,1764.45,net_banking,insufficient_funds,regular,1,14884.5,82,3,296,5,2,0.37,0,0.0,customer_outreach,67
TXN104781,CUST19851,845.78,credit_card,authentication_failed,at_risk,2,21897.5,122,0,394,1,2,0.295,1,845.78,customer_outreach,60
TXN104782,CUST14921,3358.67,wallet,gateway_error,new,0,2732.19,121,3,1480,4,0,0.67,1,3358.67,smart_retry,62
TXN104783,CUST17554,3437.7,net_banking,insufficient_funds,new,0,6006.49,133,2,421,5,1,0.45,1,3437.7,customer_outreach,58
TXN104784,CUST13236,648.55,upi,expired_card,regular,2,5272.28,237,4,1044,5,2,0.445,0,0.0,alternative_payment,76
TXN104785,CUST12699,973.71,wallet,gateway_error,regular,5,3257.72,57,2,1881,4,3,0.58,0,0.0,smart_retry,83
TXN104786,CUST16653,1753.6,upi,insufficient_funds,new,1,5819.19,347,0,1739,11,0,0.545,0,0.0,payment_plan,55
TXN104787,CUST19361,359.93,credit_card,insufficient_funds,regular,2,3103.64,274,0,1342,8,1,0.475,1,359.93,customer_outreach,60
TXN104788,CUST12053,638.56,upi,gateway_error,regular,0,28226.15,215,0,1313,3,2,0.795,1,638.56,smart_retry,50
TXN104789,CUST10500,912.48,credit_card,authentication_failed,regular,0,27371.5,308,0,888,2,2,0.53,1,912.48,customer_outreach,50
TXN104790,CUST15805,1579.65,net_banking,insufficient_funds,regular,1,1745.74,66,2,1830,6,0,0.335,1,1579.65,payment_plan,63
TXN104791,CUST16643,821.02,net_banking,network_error,new,2,13012.26,356,1,287,1,0,0.635,1,821.02,smart_retry,64
TXN104792,CUST15996,234.87,upi,authentication_failed,regular,0,6315.4,17,1,874,3,1,0.48,0,0.0,customer_outreach,54
TXN104793,CUST19823,972.27,debit_card,card_declined,regular,1,16785.08,44,2,1920,5,2,0.43,0,0.0,alternative_payment,63
TXN104794,CUST10960,417.68,credit_card,network_error,regular,1,3073.5,239,1,252,4,0,0.685,1,417.68,smart_retry,59
TXN104795,CUST11862,1062.83,net_banking,insufficient_funds,new,0,16538.01,203,2,1896,7,1,0.48,0,0.0,payment_plan,58
TXN104796,CUST14237,585.54,net_banking,expired_card,regular,0,6734.73,7,0,1328,3,0,0.595,1,585.54,alternative_payment,50
TXN104797,CUST11077,451.97,wallet,expired_card,premium,1,6818.54,313,1,475,3,1,0.695,0,0.0,alternative_payment,64
TXN104798,CUST15406,469.66,wallet,authentication_failed,at_risk,2,10403.39,140,3,1670,5,0,0.185,0,0.0,customer_outreach,72
TXN104799,CUST15016,1477.24,debit_card,insufficient_funds,regular,0,15633.42,327,1,1738,3,1,0.43,0,0.0,customer_outreach,54
TXN104800,CUST16836,739.57,net_banking,network_error,regular,3,1461.09,245,0,752,8,1,0.7,0,0.0,smart_retry,65
TXN104801,CUST14082,3373.01,wallet,card_declined,new,2,9188.19,86,3,1605,4,0,0.32,0,0.0,smart_retry,72
TXN104802,CUST14934,1832.38,net_banking,network_error,new,1,5426.04,207,2,51,3,1,0.685,0,0.0,smart_retry,63
TXN104803,CUST10699,1097.27,debit_card,insufficient_funds,regular,2,16645.56,9,4,107,1,0,0.185,0,0.0,payment_plan,76
TXN104804,CUST17083,502.49,upi,gateway_error,regular,0,12963.64,331,2,646,4,2,0.73,1,502.49,smart_retry,58
TXN104805,CUST12386,808.93,net_banking,authentication_failed,regular,0,3840.13,362,2,681,6,0,0.46,1,808.93,customer_outreach,58
TXN104806,CUST14256,2719.71,credit_card,network_error,at_risk,6,995.05,91,1,285,7,2,0.415,1,2719.71,smart_retry,84
TXN104807,CUST16562,1845.88,wallet,gateway_error,regular,0,5824.35,362,0,1534,5,0,0.775,0,0.0,smart_retry,50
TXN104808,CUST17092,1309.31,net_banking,expired_card,new,0,9249.28,138,4,490,3,1,0.49,0,0.0,alternative_payment,66
TXN104809,CUST13218,557.68,upi,insufficient_funds,regular,3,7549.52,205,4,69,5,1,0.235,1,557.68,customer_outreach,81
TXN104810,CUST15234,3372.83,debit_card,network_error,new,3,15904.29,303,1,1650,6,0,0.675,1,3372.83,smart_retry,69
TXN104811,CUST15681,2445.66,debit_card,authentication_failed,regular,1,22256.77,356,1,714,1,3,0.465,1,2445.66,customer_outreach,59
TXN104812,CUST17482,267.09,debit_card,insufficient_funds,new,1,1864.78,262,0,1856,4,2,0.465,1,267.09,payment_plan,55
TXN104813,CUST14034,548.24,credit_card,gateway_error,regular,1,8311.14,175,1,1318,3,0,0.67,0,0.0,smart_retry,59
TXN104814,CUST13411,608.58,credit_card,insufficient_funds,at_risk,1,10625.46,217,2,237,3,1,0.205,0,0.0,payment_plan,63
TXN104815,CUST12499,1483.86,upi,gateway_error,at_risk,1,34281.34,12,4,1133,3,1,0.425,1,1483.86,smart_retry,71
TXN104816,CUST16132,661.41,debit_card,network_error,new,1,7394.57,81,0,525,6,2,0.835,1,661.41,smart_retry,55
TXN104817,CUST13770,1852.38,upi,card_declined,regular,2,19661.59,38,3,128,5,1,0.33,0,0.0,smart_retry,72
TXN104818,CUST14072,740.89,debit_card,expired_card,premium,4,5762.82,15,3,1481,5,2,0.565,0,0.0,alternative_payment,87
TXN104819,CUST11470,1223.38,upi,expired_card,regular,0,4919.12,256,0,1676,3,1,0.62,1,1223.38,alternative_payment,50
TXN104820,CUST19629,1861.94,upi,network_error,at_risk,1,12887.12,27,2,341,5,1,0.535,0,0.0,smart_retry,63
TXN104821,CUST12495,1454.91,upi,expired_card,regular,0,11696.54,37,0,1245,5,2,0.675,1,1454.91,alternative_payment,50
TXN104822,CUST12560,3549.27,upi,expired_card,new,1,6741.84,68,2,506,3,0,0.51,0,0.0,alternative_payment,63
TXN104823,CUST18367,1180.66,credit_card,gateway_error,new,3,1421.82,39,4,216,4,1,0.51,0,0.0,smart_retry,81
TXN104824,CUST14087,507.19,upi,card_declined,regular,2,3566.52,115,2,1281,3,0,0.315,0,0.0,customer_outreach,68
TXN104825,CUST11120,1637.1,wallet,network_error,new,1,7807.49,57,2,1447,2,0,0.645,0,0.0,smart_retry,63
TXN104826,CUST18146,1162.14,upi,expired_card,regular,0,6963.76,63,3,915,0,2,0.48,0,0.0,alternative_payment,62
TXN104827,CUST13778,535.05,debit_card,authentication_failed,regular,3,5507.33,68,2,868,3,1,0.335,0,0.0,customer_outreach,73
TXN104828,CUST14030,3131.17,credit_card,gateway_error,premium,0,14259.17,211,1,1761,6,2,0.95,1,3131.17,smart_retry,59
TXN104829,CUST11219,1128.74,wallet,network_error,regular,1,19463.67,222,1,677,3,1,0.695,1,1128.74,smart_retry,59
TXN104830,CUST12153,2997.09,credit_card,card_declined,regular,3,9913.16,38,2,115,1,0,0.25,0,0.0,human_escalation,73
TXN104831,CUST14737,725.93,debit_card,card_declined,regular,0,6463.62,288,3,1055,2,1,0.355,0,0.0,customer_outreach,62
TXN104832,CUST16881,385.42,wallet,gateway_error,regular,1,1487.44,40,2,418,3,1,0.615,0,0.0,smart_retry,63
TXN104833,CUST13535,949.74,net_banking,card_declined,at_risk,0,9613.49,259,0,1556,5,2,0.395,0,0.0,alternative_payment,50
TXN104834,CUST10621,4651.75,credit_card,card_declined,premium,2,15958.64,146,3,1530,4,2,0.49,0,0.0,customer_outreach,77
TXN104835,CUST11573,478.96,credit_card,network_error,regular,1,25277.33,77,3,1732,3,1,0.615,1,478.96,smart_retry,67
TXN104836,CUST18412,719.74,wallet,authentication_failed,regular,2,4766.21,276,4,454,4,0,0.28,1,719.74,customer_outreach,76
TXN104837,CUST10626,640.88,upi,gateway_error,regular,2,13849.23,198,1,1166,5,2,0.715,1,640.88,smart_retry,64
TXN104838,CUST18568,1049.68,credit_card,gateway_error,at_risk,1,31257.09,243,4,1532,1,0,0.37,0,0.0,smart_retry,71
TXN104839,CUST15772,2108.27,credit_card,authentication_failed,new,1,7832.45,181,3,1936,3,0,0.37,0,0.0,customer_outreach,67
TXN104840,CUST19762,1010.41,credit_card,expired_card,regular,0,8801.81,339,4,811,3,2,0.485,0,0.0,alternative_payment,66
TXN104841,CUST15473,1535.33,net_banking,authentication_failed,regular,3,7194.85,83,3,1010,5,2,0.35,0,0.0,customer_outreach,77
TXN104842,CUST12885,875.84,wallet,card_declined,premium,1,4071.57,80,3,350,6,1,0.53,0,0.0,customer_outreach,72
TXN104843,CUST10029,1495.43,wallet,card_declined,regular,0,8024.68,149,3,346,4,0,0.36,0,0.0,alternative_payment,62
TXN104844,CUST13164,850.13,net_banking,insufficient_funds,regular,2,9165.48,145,0,984,2,1,0.385,1,850.13,payment_plan,60
TXN104845,CUST10471,2113.44,wallet,insufficient_funds,premium,1,4321.55,205,4,938,7,0,0.46,0,0.0,customer_outreach,76
TXN104846,CUST11691,2316.84,upi,expired_card,at_risk,1,7193.6,312,4,448,2,2,0.285,0,0.0,alternative_payment,71
TXN104847,CUST16744,1041.09,net_banking,card_declined,regular,1,2124.82,247,2,1185,4,1,0.39,0,0.0,smart_retry,63
TXN104848,CUST17123,878.15,net_banking,authentication_failed,regular,1,5334.3,214,3,793,4,2,0.405,0,0.0,customer_outreach,67
TXN104849,CUST11120,1495.45,wallet,expired_card,new,2,4268.11,52,0,900,3,0,0.555,0,0.0,alternative_payment,60
TXN104850,CUST14986,507.7,upi,gateway_error,premium,2,3890.36,343,4,1659,5,1,0.72,0,0.0,smart_retry,81
TXN104851,CUST15987,947.16,net_banking,insufficient_funds,at_risk,1,4592.58,128,0,1061,7,0,0.32,1,947.16,payment_plan,55
TXN104852,CUST17190,507.39,debit_card,authentication_failed,at_risk,3,9765.35,9,0,305,6,2,0.335,0,0.0,customer_outreach,65
TXN104853,CUST15726,869.62,wallet,expired_card,regular,1,9636.74,110,1,1608,14,1,0.65,1,869.62,alternative_payment,59
TXN104854,CUST17695,2201.76,net_banking,gateway_error,new,0,10724.41,10,1,233,3,0,0.735,1,2201.76,smart_retry,54
TXN104855,CUST16201,1825.39,net_banking,network_error,regular,2,19680.96,56,4,1633,6,0,0.56,0,0.0,smart_retry,76
TXN104856,CUST12635,993.2,net_banking,card_declined,regular,0,6038.47,281,3,1408,2,2,0.38,1,993.2,smart_retry,62
TXN104857,CUST10206,1400.16,credit_card,insufficient_funds,regular,1,5735.87,30,1,1983,5,2,0.45,0,0.0,customer_outreach,59
TXN104858,CUST14752,1132.38,upi,expired_card,premium,0,956.55,30,2,635,3,1,0.65,0,0.0,alternative_payment,63
TXN104859,CUST19664,1527.35,credit_card,authentication_failed,at_risk,2,6997.59,19,4,1230,0,0,0.07,0,0.0,customer_outreach,76
TXN104860,CUST19020,393.14,debit_card,authentication_failed,new,0,16910.19,206,3,515,5,1,0.46,1,393.14,customer_outreach,62
TXN104861,CUST18526,735.57,wallet,gateway_error,premium,2,3936.15,194,0,832,4,4,0.94,1,735.57,smart_retry,65
TXN104862,CUST13515,1204.11,credit_card,insufficient_funds,new,2,5612.32,145,1,1107,5,0,0.395,1,1204.11,payment_plan,64
TXN104863,CUST10973,2214.08,credit_card,card_declined,regular,4,4772.16,150,1,670,0,1,0.265,1,2214.08,human_escalation,74
TXN104864,CUST12578,2014.4,wallet,expired_card,regular,1,36033.08,116,0,1037,2,0,0.545,0,0.0,alternative_payment,55
TXN104865,CUST14554,1296.66,credit_card,gateway_error,at_risk,0,10339.22,290,3,673,2,1,0.485,0,0.0,smart_retry,62
TXN104866,CUST14447,2004.15,net_banking,gateway_error,regular,1,1579.37,318,3,1449,2,0,0.535,1,2004.15,smart_retry,67
TXN104867,CUST13189,971.29,upi,card_declined,regular,1,4317.53,194,1,327,0,2,0.395,0,0.0,customer_outreach,59
TXN104868,CUST12542,591.22,net_banking,expired_card,regular,3,7959.71,29,0,369,6,1,0.56,1,591.22,alternative_payment,65
TXN104869,CUST12087,1087.84,debit_card,card_declined,premium,1,4728.02,147,0,792,3,0,0.58,0,0.0,customer_outreach,60
TXN104870,CUST16262,2460.44,net_banking,gateway_error,new,0,23723.93,53,1,766,5,2,0.815,1,2460.44,smart_retry,54
TXN104871,CUST11291,849.03,upi,authentication_failed,regular,1,4515.5,23,2,239,8,2,0.505,0,0.0,customer_outreach,63
TXN104872,CUST18463,339.85,debit_card,authentication_failed,new,1,10202.63,7,2,172,5,0,0.44,1,339.85,customer_outreach,63
TXN104873,CUST16763,1277.63,net_banking,gateway_error,premium,0,2300.37,278,0,1770,7,1,0.95,0,0.0,smart_retry,55
TXN104874,CUST12944,452.2,debit_card,authentication_failed,premium,0,9839.43,270,4,631,8,0,0.56,1,452.2,customer_outreach,71
TXN104875,CUST14512,1474.18,net_banking,network_error,regular,0,6175.1,299,4,811,4,1,0.625,0,0.0,smart_retry,66
TXN104876,CUST13173,978.38,net_banking,card_declined,regular,0,1328.48,243,3,1282,1,0,0.275,0,0.0,human_escalation,62
TXN104877,CUST15291,2380.8,wallet,expired_card,regular,2,11375.62,80,0,326,4,4,0.64,1,2380.8,alternative_payment,60
TXN104878,CUST12622,394.55,upi,network_error,regular,1,16050.55,129,4,1144,4,0,0.565,1,394.55,smart_retry,71
TXN104879,CUST16437,905.99,debit_card,network_error,premium,1,3963.82,237,1,976,3,1,0.845,1,905.99,smart_retry,64
TXN104880,CUST11258,1389.48,upi,expired_card,premium,3,16560.03,38,0,1900,2,0,0.625,0,0.0,alternative_payment,70
TXN104881,CUST18732,1170.14,credit_card,network_error,regular,1,6604.8,348,3,1322,5,0,0.62,1,1170.14,smart_retry,67
TXN104882,CUST19620,1081.55,credit_card,expired_card,new,2,2566.02,310,1,1401,7,3,0.65,0,0.0,alternative_payment,64
TXN104883,CUST19400,2138.49,net_banking,card_declined,regular,1,4084.87,13,2,960,8,0,0.425,0,0.0,smart_retry,63
TXN104884,CUST18214,1344.39,wallet,network_error,premium,0,5284.93,53,4,1677,5,0,0.765,1,1344.39,smart_retry,71
TXN104885,CUST12051,714.02,upi,gateway_error,at_risk,1,7474.79,347,4,322,3,1,0.425,1,714.02,smart_retry,71
TXN104886,CUST14977,1074.23,net_banking,gateway_error,regular,0,18513.86,343,1,622,5,0,0.735,0,0.0,smart_retry,54
TXN104887,CUST11038,950.76,credit_card,insufficient_funds,regular,1,7777.04,144,0,435,6,2,0.505,1,950.76,payment_plan,55
TXN104888,CUST18448,1081.25,credit_card,card_declined,at_risk,1,28894.83,288,0,669,3,0,0.28,0,0.0,human_escalation,55
TXN104889,CUST10159,695.45,upi,card_declined,regular,4,20122.04,119,1,674,3,2,0.335,1,695.45,alternative_payment,74
TXN104890,CUST11897,964.75,net_banking,authentication_failed,regular,1,11209.75,159,2,952,5,0,0.41,1,964.75,customer_outreach,63
TXN104891,CUST10631,2982.11,wallet,expired_card,regular,0,9183.61,294,2,1652,4,0,0.53,0,0.0,alternative_payment,58
TXN104892,CUST10782,431.63,net_banking,gateway_error,premium,2,7547.4,339,4,969,2,0,0.65,1,431.63,smart_retry,81
TXN104893,CUST18627,1561.6,debit_card,card_declined,premium,1,6193.41,54,2,1687,7,1,0.585,0,0.0,customer_outreach,68
TXN104894,CUST15794,1194.16,net_banking,expired_card,regular,0,3774.58,65,1,967,3,3,0.63,0,0.0,alternative_payment,54
TXN104895,CUST15375,627.45,net_banking,authentication_failed,regular,1,3823.77,28,3,1516,2,0,0.325,1,627.45,customer_outreach,67
TXN104896,CUST14386,1314.16,credit_card,insufficient_funds,regular,0,11031.81,231,2,558,5,2,0.445,1,1314.16,customer_outreach,58
TXN104897,CUST10060,1166.42,wallet,insufficient_funds,regular,2,3953.53,55,1,835,3,2,0.385,0,0.0,customer_outreach,64
TXN104898,CUST11457,1386.09,debit_card,network_error,regular,1,3179.22,154,0,38,3,3,0.785,1,1386.09,smart_retry,55
TXN104899,CUST16312,1735.58,credit_card,insufficient_funds,regular,2,4352.09,231,2,508,2,0,0.28,0,0.0,payment_plan,68
TXN104900,CUST19118,1198.94,credit_card,expired_card,regular,0,8235.96,204,1,209,7,2,0.665,1,1198.94,alternative_payment,54
TXN104901,CUST10593,3325.08,credit_card,card_declined,at_risk,2,22631.76,309,3,1348,2,1,0.135,0,0.0,human_escalation,72
TXN104902,CUST15444,1734.71,upi,gateway_error,new,0,4421.86,85,2,492,1,1,0.69,0,0.0,smart_retry,58
TXN104903,CUST16490,1185.72,credit_card,gateway_error,at_risk,1,19648.68,11,0,605,4,3,0.65,0,0.0,smart_retry,55
TXN104904,CUST17222,1574.78,upi,authentication_failed,regular,0,13192.03,307,2,1825,6,0,0.46,1,1574.78,customer_outreach,58
TXN104905,CUST19198,1333.6,net_banking,network_error,regular,2,29463.63,266,4,586,3,1,0.54,1,1333.6,smart_retry,76
TXN104906,CUST18335,593.63,upi,authentication_failed,premium,1,7608.91,7,1,860,4,0,0.585,1,593.63,customer_outreach,64
TXN104907,CUST11745,2062.64,credit_card,card_declined,at_risk,2,12541.24,234,3,38,5,0,0.155,0,0.0,human_escalation,72
TXN104908,CUST11176,1167.87,net_banking,gateway_error,at_risk,1,5233.44,114,3,671,6,2,0.535,0,0.0,smart_retry,67
TXN104909,CUST19406,2515.64,upi,authentication_failed,regular,1,7458.48,104,0,939,3,1,0.485,0,0.0,customer_outreach,55
TXN104910,CUST18647,599.41,credit_card,card_declined,at_risk,4,53675.06,38,3,248,3,1,0.08,0,0.0,human_escalation,82
TXN104911,CUST19400,1809.09,net_banking,card_declined,at_risk,1,7149.4,143,4,78,1,1,0.115,0,0.0,human_escalation,71
TXN104912,CUST12788,1256.72,credit_card,expired_card,regular,1,6999.88,45,2,714,3,1,0.505,0,0.0,alternative_payment,63
TXN104913,CUST19697,966.79,net_banking,gateway_error,regular,0,5446.12,119,1,1393,5,0,0.735,0,0.0,smart_retry,54
TXN104914,CUST18503,1675.81,upi,network_error,regular,0,4082.9,209,2,796,5,1,0.72,0,0.0,smart_retry,58
TXN104915,CUST12650,1167.13,debit_card,authentication_failed,at_risk,1,23549.57,246,0,1706,2,2,0.345,0,0.0,customer_outreach,55
TXN104916,CUST13458,1332.11,debit_card,expired_card,regular,4,9251.29,1,0,667,8,2,0.58,0,0.0,alternative_payment,70
TXN104917,CUST19595,903.07,wallet,insufficient_funds,regular,0,10493.37,207,2,469,7,0,0.425,0,0.0,customer_outreach,58
TXN104918,CUST11829,1329.89,wallet,gateway_error,regular,0,7434.56,234,1,242,4,0,0.72,0,0.0,smart_retry,54
TXN104919,CUST17445,2700.42,debit_card,authentication_failed,new,1,4303.35,219,1,589,6,0,0.495,0,0.0,customer_outreach,59
TXN104920,CUST18299,1615.31,net_banking,network_error,new,1,9900.01,101,4,1714,8,1,0.68,1,1615.31,smart_retry,71
TXN104921,CUST15717,729.54,wallet,gateway_error,new,1,20316.61,339,1,1741,4,1,0.74,1,729.54,smart_retry,59
TXN104922,CUST12513,1381.2,net_banking,network_error,new,4,11216.49,284,3,1389,3,1,0.54,0,0.0,smart_retry,82
TXN104923,CUST11515,1038.23,upi,network_error,premium,1,11437.35,124,2,1210,2,2,0.815,1,1038.23,smart_retry,68
TXN104924,CUST13289,686.97,credit_card,gateway_error,at_risk,0,3686.7,200,3,1949,3,2,0.525,0,0.0,smart_retry,62
TXN104925,CUST10546,1242.1,net_banking,card_declined,regular,0,7585.26,287,0,1008,5,2,0.545,1,1242.1,smart_retry,50
TXN104926,CUST15233,997.87,net_banking,authentication_failed,premium,1,13319.83,63,3,309,4,1,0.53,0,0.0,customer_outreach,72
TXN104927,CUST15554,1678.85,credit_card,gateway_error,regular,1,6711.8,301,4,1284,2,2,0.585,0,0.0,smart_retry,71
TXN104928,CUST13079,1814.04,upi,expired_card,regular,1,5182.32,206,1,1708,3,3,0.595,0,0.0,alternative_payment,59
TXN104929,CUST19708,1962.96,wallet,network_error,regular,0,7004.49,8,0,1952,4,2,0.81,1,1962.96,smart_retry,50
TXN104930,CUST14849,501.59,upi,expired_card,regular,1,12373.74,119,4,1499,2,3,0.46,0,0.0,alternative_payment,71
TXN104931,CUST13888,1273.06,upi,network_error,premium,0,14239.84,357,0,1513,3,0,0.895,1,1273.06,smart_retry,55
TXN104932,CUST18863,555.99,net_banking,gateway_error,at_risk,0,2471.82,299,1,771,7,0,0.615,1,555.99,smart_retry,54
TXN104933,CUST15278,1515.24,debit_card,authentication_failed,new,0,9616.13,333,0,704,3,0,0.525,1,1515.24,customer_outreach,50
TXN104934,CUST10390,1775.39,wallet,insufficient_funds,regular,2,8922.47,28,0,128,9,1,0.49,1,1775.39,payment_plan,60
TXN104935,CUST11820,960.33,credit_card,card_declined,new,2,3439.38,218,0,880,2,1,0.435,1,960.33,smart_retry,60
TXN104936,CUST19591,1303.36,net_banking,insufficient_funds,regular,0,5950.81,130,4,1313,3,0,0.285,1,1303.36,payment_plan,66
TXN104937,CUST12282,442.61,credit_card,insufficient_funds,premium,0,12490.03,345,4,1078,2,1,0.445,0,0.0,payment_plan,71
TXN104938,CUST13165,452.01,wallet,expired_card,regular,3,12047.83,193,4,1308,7,0,0.39,1,452.01,alternative_payment,81
TXN104939,CUST10839,929.02,wallet,gateway_error,regular,2,14518.76,101,1,180,5,3,0.74,1,929.02,smart_retry,64
TXN104940,CUST11005,1486.67,upi,network_error,regular,3,27765.08,64,3,1414,6,0,0.565,1,1486.67,smart_retry,77
TXN104941,CUST17638,334.13,debit_card,network_error,at_risk,0,12340.61,186,2,1514,4,2,0.58,1,334.13,smart_retry,58
TXN104942,CUST16864,807.82,credit_card,authentication_failed,premium,2,4254.72,37,4,1150,6,2,0.51,1,807.82,customer_outreach,81
TXN104943,CUST12231,4329.65,debit_card,card_declined,regular,1,17326.33,42,4,1519,4,0,0.285,1,4329.65,human_escalation,71
TXN104944,CUST16514,760.46,upi,card_declined,regular,3,41110.05,33,1,1726,5,0,0.35,1,760.46,smart_retry,69
TXN104945,CUST12548,1686.15,debit_card,gateway_error,regular,1,2372.19,60,3,1274,1,1,0.585,1,1686.15,smart_retry,67
TXN104946,CUST13911,917.05,net_banking,authentication_failed,regular,1,4540.44,321,4,1240,3,0,0.3,1,917.05,customer_outreach,71
TXN104947,CUST11083,854.04,net_banking,gateway_error,regular,1,15523.72,8,1,331,6,0,0.715,1,854.04,smart_retry,59
TXN104948,CUST13691,1264.77,wallet,network_error,premium,0,5132.28,293,1,1378,6,2,0.95,1,1264.77,smart_retry,59
TXN104949,CUST12943,3338.54,upi,insufficient_funds,new,0,8552.39,274,1,1843,2,1,0.445,1,3338.54,customer_outreach,54
TXN104950,CUST17441,753.22,credit_card,insufficient_funds,regular,2,8367.0,309,1,974,5,1,0.39,0,0.0,customer_outreach,64
TXN104951,CUST19912,1522.1,wallet,authentication_failed,regular,2,2354.43,85,1,671,8,0,0.46,0,0.0,customer_outreach,64
TXN104952,CUST13031,308.15,wallet,gateway_error,new,0,6752.7,133,2,1430,4,0,0.71,1,308.15,smart_retry,58
TXN104953,CUST18523,1180.06,upi,insufficient_funds,new,1,4649.89,323,3,1600,2,0,0.305,0,0.0,customer_outreach,67
TXN104954,CUST18311,4948.28,credit_card,card_declined,premium,1,12414.88,114,1,124,2,0,0.525,0,0.0,customer_outreach,64
TXN104955,CUST16980,136.27,upi,card_declined,regular,0,40129.33,267,0,686,4,0,0.48,0,0.0,alternative_payment,50
TXN104956,CUST18186,379.35,net_banking,card_declined,new,0,23518.29,163,2,1246,5,3,0.52,1,379.35,alternative_payment,58
TXN104957,CUST10914,528.13,net_banking,network_error,new,1,11157.22,247,4,1010,4,0,0.595,0,0.0,smart_retry,71
TXN104958,CUST19990,1808.28,credit_card,insufficient_funds,at_risk,1,2907.08,296,0,1439,5,2,0.34,0,0.0,payment_plan,55
TXN104959,CUST10259,1268.94,upi,gateway_error,at_risk,2,10507.16,240,1,268,7,2,0.595,1,1268.94,smart_retry,64
TXN104960,CUST16757,1041.72,debit_card,network_error,at_risk,2,11481.66,203,0,473,6,1,0.595,0,0.0,smart_retry,60
TXN104961,CUST12388,1508.18,debit_card,expired_card,regular,0,4290.74,38,4,1660,1,1,0.43,0,0.0,alternative_payment,66
TXN104962,CUST10109,1046.34,debit_card,authentication_failed,regular,3,2342.93,337,4,1237,8,1,0.33,0,0.0,customer_outreach,81
TXN104963,CUST19302,2431.03,net_banking,gateway_error,new,1,9871.98,234,4,430,4,1,0.62,0,0.0,smart_retry,71
TXN104964,CUST19857,2170.85,upi,gateway_error,new,0,4549.08,162,2,168,4,0,0.71,1,2170.85,smart_retry,58
TXN104965,CUST19245,1898.35,debit_card,expired_card,new,3,10889.56,138,0,180,5,2,0.6,1,1898.35,alternative_payment,65
TXN104966,CUST11054,647.54,net_banking,network_error,regular,1,21496.28,201,3,54,1,1,0.585,1,647.54,smart_retry,67
TXN104967,CUST13578,320.86,wallet,gateway_error,premium,1,4180.21,182,3,1991,5,1,0.795,1,320.86,smart_retry,72
TXN104968,CUST17586,689.62,net_banking,card_declined,premium,1,11832.88,187,4,627,0,1,0.4,1,689.62,customer_outreach,76
TXN104969,CUST12627,680.05,debit_card,insufficient_funds,premium,1,14589.22,8,4,117,3,1,0.425,1,680.05,customer_outreach,76
TXN104970,CUST16519,1204.16,debit_card,card_declined,new,2,10582.9,261,1,1213,4,2,0.45,1,1204.16,smart_retry,64
TXN104971,CUST14140,1078.66,wallet,insufficient_funds,regular,2,8297.5,115,1,1667,2,0,0.32,1,1078.66,payment_plan,64
TXN104972,CUST10644,1200.64,net_banking,network_error,new,1,7313.86,269,1,200,2,2,0.735,0,0.0,smart_retry,59
TXN104973,CUST12814,1388.11,net_banking,insufficient_funds,new,0,7913.76,181,2,1145,3,2,0.445,0,0.0,customer_outreach,58
TXN104974,CUST12446,194.09,debit_card,card_declined,regular,1,7268.7,4,0,1293,3,1,0.455,1,194.09,customer_outreach,55
TXN104975,CUST10368,2041.49,wallet,expired_card,premium,1,8604.98,241,2,1729,2,4,0.715,1,2041.49,alternative_payment,68
TXN104976,CUST11136,460.95,net_banking,network_error,new,1,8936.09,251,4,1459,3,2,0.63,0,0.0,smart_retry,71
TXN104977,CUST17043,953.79,debit_card,network_error,regular,1,8383.04,34,1,1309,7,1,0.755,1,953.79,smart_retry,59
TXN104978,CUST15361,1173.0,upi,expired_card,premium,1,4762.05,364,0,67,5,0,0.74,1,1173.0,alternative_payment,60
TXN104979,CUST15954,2293.27,credit_card,card_declined,regular,3,13023.72,317,2,1440,5,1,0.335,1,2293.27,alternative_payment,73
TXN104980,CUST14193,668.94,debit_card,insufficient_funds,regular,2,7549.53,89,1,1443,5,0,0.365,0,0.0,payment_plan,64
TXN104981,CUST10210,1211.98,debit_card,gateway_error,premium,0,5522.61,232,1,294,6,1,0.925,1,1211.98,smart_retry,59
TXN104982,CUST13942,3459.78,upi,card_declined,regular,3,5868.97,335,4,502,1,0,0.17,0,0.0,human_escalation,81
TXN104983,CUST10046,210.74,debit_card,network_error,regular,0,13962.54,73,2,434,6,2,0.76,1,210.74,smart_retry,58
TXN104984,CUST17485,2758.24,upi,insufficient_funds,regular,1,11011.06,223,4,319,4,0,0.265,0,0.0,payment_plan,71
TXN104985,CUST19931,2420.52,credit_card,gateway_error,new,2,8084.83,114,0,894,5,0,0.735,1,2420.52,smart_retry,60
TXN104986,CUST16984,1570.34,wallet,gateway_error,new,0,11367.93,242,2,48,4,2,0.76,1,1570.34,smart_retry,58
TXN104987,CUST14075,1496.08,debit_card,card_declined,regular,0,2738.82,143,2,161,4,1,0.425,0,0.0,smart_retry,58
TXN104988,CUST16382,1529.66,credit_card,gateway_error,regular,0,8290.67,298,3,38,3,1,0.65,1,1529.66,smart_retry,62
TXN104989,CUST10501,499.5,wallet,expired_card,regular,1,1100.07,170,4,86,2,3,0.42,1,499.5,alternative_payment,71
TXN104990,CUST11635,1150.14,upi,network_error,regular,0,3415.13,251,3,643,6,1,0.695,1,1150.14,smart_retry,62
TXN104991,CUST12338,2083.29,wallet,gateway_error,new,0,3621.51,88,4,37,8,2,0.74,1,2083.29,smart_retry,66
TXN104992,CUST19606,820.05,debit_card,expired_card,premium,1,24480.48,184,0,680,7,1,0.795,0,0.0,alternative_payment,60
TXN104993,CUST10297,1140.54,wallet,gateway_error,regular,3,83509.22,362,3,232,3,0,0.52,0,0.0,smart_retry,77
TXN104994,CUST13197,505.31,credit_card,expired_card,new,0,14019.18,363,2,792,2,0,0.53,0,0.0,alternative_payment,58
TXN104995,CUST12618,1980.22,debit_card,network_error,regular,1,3945.07,339,4,1945,3,1,0.575,0,0.0,smart_retry,71
TXN104996,CUST10786,762.43,upi,authentication_failed,new,6,3679.98,99,3,1356,1,2,0.215,0,0.0,customer_outreach,92
TXN104997,CUST17291,1646.33,upi,insufficient_funds,regular,0,10416.33,139,0,1985,3,2,0.495,0,0.0,customer_outreach,50
TXN104998,CUST18141,1173.01,net_banking,insufficient_funds,at_risk,0,11439.95,347,1,1250,10,1,0.385,0,0.0,customer_outreach,54
TXN104999,CUST10765,877.88,credit_card,card_declined,premium,1,27121.89,169,1,1703,3,2,0.59,1,877.88,customer_outreach,64
TXN105000,CUST15318,1168.92,upi,authentication_failed,regular,3,7697.98,93,3,942,4,0,0.285,0,0.0,customer_outreach,77
